행정동코드,행정동명,평균주거인구수_male,평균주거인구수_female,평균직장인구수_male,평균직장인구수_female,평균방문인구수_male,평균방문인구수_female,평균이용금액_male,평균이용금액_female,평균이용건수_male,평균이용건수_female,방문인구_00,방문인구_01,방문인구_02,방문인구_03,방문인구_04,방문인구_05,방문인구_06,방문인구_07,방문인구_08,방문인구_09,방문인구_10,방문인구_11,방문인구_12,방문인구_13,방문인구_14,방문인구_15,방문인구_16,방문인구_17,방문인구_18,방문인구_19,방문인구_20,방문인구_21,방문인구_22,방문인구_23,주거인구_00,주거인구_01,주거인구_02,주거인구_03,주거인구_04,주거인구_05,주거인구_06,주거인구_07,주거인구_08,주거인구_09,주거인구_10,주거인구_11,주거인구_12,주거인구_13,주거인구_14,주거인구_15,주거인구_16,주거인구_17,주거인구_18,주거인구_19,주거인구_20,주거인구_21,주거인구_22,주거인구_23,직장인구_00,직장인구_01,직장인구_02,직장인구_03,직장인구_04,직장인구_05,직장인구_06,직장인구_07,직장인구_08,직장인구_09,직장인구_10,직장인구_11,직장인구_12,직장인구_13,직장인구_14,직장인구_15,직장인구_16,직장인구_17,직장인구_18,직장인구_19,직장인구_20,직장인구_21,직장인구_22,직장인구_23,이용건수_00,이용건수_01,이용건수_02,이용건수_03,이용건수_04,이용건수_05,이용건수_06,이용건수_07,이용건수_08,이용건수_09,이용건수_10,이용건수_11,이용건수_12,이용건수_13,이용건수_14,이용건수_15,이용건수_16,이용건수_17,이용건수_18,이용건수_19,이용건수_20,이용건수_21,이용건수_22,이용건수_23,이용금액_00,이용금액_01,이용금액_02,이용금액_03,이용금액_04,이용금액_05,이용금액_06,이용금액_07,이용금액_08,이용금액_09,이용금액_10,이용금액_11,이용금액_12,이용금액_13,이용금액_14,이용금액_15,이용금액_16,이용금액_17,이용금액_18,이용금액_19,이용금액_20,이용금액_21,이용금액_22,이용금액_23,건수_가전가구,금액_가전가구,건수_가정생활서비스,금액_가정생활서비스,건수_교육학원,금액_교육학원,건수_미용,금액_미용,건수_스포츠문화레저,금액_스포츠문화레저,건수_여행교통,금액_여행교통,건수_온라인거래,금액_온라인거래,건수_요식유흥,금액_요식유흥,건수_유통,금액_유통,건수_음식료품,금액_음식료품,건수_의료,금액_의료,건수_의류잡화,금액_의류잡화,건수_자동차,금액_자동차,건수_주유,금액_주유,방문_20s,주거_20s,직장_20s,방문_under20,주거_under20,직장_under20,방문_30s,주거_30s,직장_30s,방문_40s,주거_40s,직장_40s,방문_50s,주거_50s,직장_50s,방문_60s,주거_60s,직장_60s,방문_over70,주거_over70,직장_over70,amt_under20,amt_20s,amt_30s,amt_40s,amt_50s,amt_60s,amt_over70,cnt_under20,cnt_20s,cnt_30s,cnt_40s,cnt_50s,cnt_60s,cnt_over70
2611051000,중구 중앙동,3707.4166666666665,3674.9166666666665,1258.5833333333333,1170.1666666666667,2265.8333333333335,2234.5833333333335,7746.666666666667,8121.333333333333,272543666.6666667,258750583.33333334,364.1666666666667,292.9166666666667,262.5,252.33333333333334,250.83333333333334,316.0,654.3333333333334,1366.6666666666667,4492.083333333333,13694.416666666666,16400.583333333332,17246.333333333332,16544.166666666668,17309.083333333332,17276.166666666668,16789.75,16218.75,14996.583333333334,11040.833333333334,4909.333333333333,3353.75,1707.4166666666667,935.1666666666666,564.3333333333334,2886.6666666666665,2947.8333333333335,2986.5833333333335,3015.3333333333335,3021.0833333333335,3011.8333333333335,2956.5833333333335,2826.9166666666665,2603.0833333333335,2285.3333333333335,2121.25,2012.0,1950.5833333333333,1923.8333333333333,1861.8333333333333,1839.5,1885.75,1965.8333333333333,2048.3333333333335,2171.9166666666665,2273.1666666666665,2412.25,2584.9166666666665,2744.4166666666665,1926.9166666666667,1666.8333333333333,1481.0,1372.25,1364.25,1433.4166666666667,1729.3333333333333,2316.1666666666665,3189.25,3608.0,4117.333333333333,5433.75,7418.333333333333,8293.75,8847.75,8686.583333333334,8303.25,7874.083333333333,7694.333333333333,6928.666666666667,5395.333333333333,3816.6666666666665,2959.9166666666665,2198.0,69.75,40.833333333333336,27.833333333333332,25.916666666666668,30.333333333333332,38.25,63.916666666666664,219.41666666666666,666.6666666666666,361.4166666666667,435.75,1037.5833333333333,2110.8333333333335,1503.0833333333333,1325.5833333333333,1290.25,1291.6666666666667,1300.8333333333333,1432.0833333333333,1155.5,705.0,365.0,248.91666666666666,124.58333333333333,1717384.5,956382.1666666666,655105.5833333334,517515.0,498866.5,547524.9166666666,906083.6666666666,2150533.5833333335,4693336.166666667,5071429.583333333,12323601.833333334,33236863.75,53062928.083333336,50405554.75,52703207.416666664,54905562.083333336,54839815.833333336,50786248.666666664,52856197.083333336,48795796.416666664,28915333.75,11620249.833333334,6467921.5,2691742.6666666665,283.0833333333333,104745241.0,20091.25,334930844.5833333,279.75,30494129.75,690.25,81485528.66666667,7003.833333333333,263606490.41666666,518.8333333333334,123163254.25,342.1666666666667,10410858.166666666,81033.75,1700657322.5833333,165386.58333333334,5942413682.666667,2870.5833333333335,38459106.5,2440.25,158308710.25,492.9166666666667,79095238.91666667,2850.3333333333335,27662869.333333332,95.58333333333333,4008012.0833333335,1126.75,437.5,721.4166666666666,104.25,79.08333333333333,382.0833333333333,1768.4166666666667,463.0,783.4166666666666,1859.0,326.8333333333333,834.6666666666666,1606.9166666666667,345.6666666666667,836.6666666666666,730.0833333333334,332.25,608.0833333333334,185.0,442.0,331.5833333333333,1055673.1666666667,49435715.0,128358011.33333333,134125301.58333333,119319375.41666667,67277491.75,31725519.75,51.166666666666664,2173.5833333333335,4647.916666666667,3932.0833333333335,2878.5,1605.0833333333333,577.25
2611052000,중구 동광동,332.0833333333333,318.9166666666667,1039.3333333333333,1090.75,502.3333333333333,492.0,631.8333333333334,927.0,17075583.333333332,24950750.0,58.75,50.5,45.5,40.583333333333336,40.916666666666664,49.333333333333336,76.16666666666667,186.25,517.5,1306.0,1507.5833333333333,1602.8333333333333,1426.25,1490.9166666666667,1543.6666666666667,1406.75,1306.1666666666667,1152.8333333333333,679.8333333333334,359.5833333333333,283.25,215.33333333333334,161.66666666666666,126.0,2635.0,2718.3333333333335,2768.0833333333335,2793.25,2786.25,2784.6666666666665,2711.0833333333335,2553.8333333333335,2327.25,1916.9166666666667,1723.9166666666667,1604.1666666666667,1572.6666666666667,1537.8333333333333,1476.3333333333333,1456.5833333333333,1500.6666666666667,1613.25,1709.5833333333333,1866.5,2036.9166666666667,2185.5,2352.5,2501.3333333333335,714.9166666666666,654.6666666666666,610.9166666666666,583.6666666666666,572.75,581.25,609.0,722.0833333333334,883.8333333333334,1068.0833333333333,1176.0833333333333,1252.4166666666667,1482.3333333333333,1331.4166666666667,1359.4166666666667,1345.5,1298.6666666666667,1160.5,1199.0,1185.9166666666667,1139.5833333333333,1087.6666666666667,979.0,869.25,25.583333333333332,16.333333333333332,9.75,7.333333333333333,6.75,6.166666666666667,7.833333333333333,21.166666666666668,55.833333333333336,69.91666666666667,92.5,111.25,160.75,113.16666666666667,111.08333333333333,106.91666666666667,95.83333333333333,87.83333333333333,94.75,90.5,92.75,80.25,65.0,46.916666666666664,1060052.6666666667,702237.25,364282.6666666667,406510.1666666667,93363.58333333333,91829.0,256307.16666666666,373617.3333333333,591900.1666666666,1755880.75,3171027.0833333335,3654867.9166666665,3610298.75,2454054.6666666665,3063477.75,3106392.75,2685242.75,2354673.25,2194976.0,2313307.9166666665,2656101.8333333335,2353871.0,1898747.4166666667,1490699.5,42.0,57649326.0,255.91666666666666,56133238.333333336,66.0,46031346.5,101.41666666666667,11945781.416666666,627.3333333333334,55741598.916666664,230.75,15054312.916666666,,,11774.166666666666,307510982.25,10043.666666666666,89763252.91666667,532.6666666666666,12272975.25,3103.25,157339232.5,141.66666666666666,8661996.833333334,248.33333333333334,2987994.4166666665,,,70.08333333333333,234.41666666666666,162.5,65.91666666666667,114.83333333333333,116.16666666666667,112.16666666666667,255.25,155.66666666666666,137.25,328.25,165.58333333333334,155.08333333333334,392.5833333333333,166.16666666666666,76.83333333333333,422.4166666666667,127.91666666666667,31.166666666666668,379.6666666666667,97.75,109044.5,3517701.4166666665,7331133.083333333,8984066.25,10207643.916666666,7485171.25,4430896.333333333,9.166666666666666,204.5,373.25,343.4166666666667,335.5,203.66666666666666,90.08333333333333
2611053000,중구 대청동,547.3333333333334,407.0,2761.6666666666665,2446.5833333333335,1022.3333333333334,848.25,1487.25,1721.3333333333333,52324166.666666664,51493333.333333336,125.33333333333333,111.25,103.16666666666667,99.66666666666667,104.25,129.58333333333334,160.58333333333334,273.8333333333333,647.0,1809.1666666666667,2117.4166666666665,2265.0,2085.3333333333335,2208.6666666666665,2268.4166666666665,2096.0833333333335,1834.0833333333333,1554.9166666666667,1077.4166666666667,631.0833333333334,448.5833333333333,332.25,239.41666666666666,198.75,6462.083333333333,6622.416666666667,6716.833333333333,6778.0,6786.5,6716.583333333333,6531.5,6202.5,5625.0,4898.0,4398.416666666667,4028.5,3833.8333333333335,3731.9166666666665,3579.8333333333335,3544.5833333333335,3678.1666666666665,3884.9166666666665,4166.583333333333,4566.916666666667,4942.75,5366.916666666667,5793.333333333333,6159.666666666667,1040.4166666666667,979.9166666666666,947.75,930.25,951.5,948.4166666666666,1019.1666666666666,1249.1666666666667,1483.1666666666667,1783.9166666666667,2225.75,2547.25,2822.3333333333335,2870.3333333333335,3064.5,3057.4166666666665,2870.0833333333335,2610.8333333333335,2549.6666666666665,2398.5,2095.9166666666665,1727.4166666666667,1451.9166666666667,1275.9166666666667,16.833333333333332,10.916666666666666,7.666666666666667,7.166666666666667,6.833333333333333,7.5,8.416666666666666,25.916666666666668,58.75,184.91666666666666,240.41666666666666,279.8333333333333,288.0,259.6666666666667,328.75,321.4166666666667,276.5833333333333,232.16666666666666,201.41666666666666,167.83333333333334,132.0,89.33333333333333,49.583333333333336,26.916666666666668,379331.5,410600.3333333333,301496.9166666667,236798.91666666666,235977.25,108850.25,381490.4166666667,710755.25,1798723.1666666667,10579148.75,15409445.916666666,13678466.5,9015263.416666666,7184664.833333333,9683306.583333334,9077255.916666666,7218354.666666667,5550193.166666667,3917854.8333333335,3553677.5833333335,2406843.0,1403490.75,810095.5833333334,531114.75,36.0,38505664.0,493.1666666666667,61901573.083333336,84.16666666666667,11333947.083333334,406.0,26872988.583333332,1354.0833333333333,113193511.91666667,47.25,5118265.666666667,,,15960.25,329707338.9166667,9774.416666666666,86273631.25,659.9166666666666,11501682.75,9427.833333333334,620864792.5,444.0833333333333,99196556.58333333,7232.166666666667,40589594.833333336,,,92.25,624.6666666666666,301.25,153.83333333333334,614.4166666666666,215.83333333333334,166.0,576.75,272.75,172.75,743.0833333333334,282.0,185.83333333333334,938.0,312.25,123.16666666666667,871.0833333333334,282.0,58.083333333333336,837.5833333333334,201.91666666666666,165464.33333333334,6523603.666666667,15754863.5,22245399.666666668,25557715.166666668,20539802.0,13081701.166666666,10.583333333333334,334.3333333333333,674.0,744.8333333333334,687.0833333333334,491.0833333333333,267.1666666666667
2611054500,중구 보수동,340.6666666666667,424.75,3907.3333333333335,3612.5,647.9166666666666,648.0833333333334,858.3333333333334,1160.4166666666667,18237833.333333332,24399333.333333332,147.41666666666666,114.75,101.75,94.66666666666667,91.16666666666667,103.25,141.08333333333334,276.1666666666667,644.0,1304.75,1500.0833333333333,1583.25,1565.5833333333333,1593.5833333333333,1606.0,1495.5833333333333,1426.4166666666667,1249.4166666666667,966.4166666666666,658.3333333333334,567.5833333333334,464.6666666666667,372.3333333333333,315.6666666666667,9370.5,9608.333333333334,9749.75,9842.666666666666,9821.416666666666,9760.75,9455.083333333334,8920.75,8078.333333333333,6933.166666666667,6190.583333333333,5710.666666666667,5460.0,5315.5,5099.916666666667,5061.083333333333,5276.666666666667,5627.833333333333,6137.416666666667,6699.75,7241.25,7803.583333333333,8402.166666666666,8918.583333333334,887.4166666666666,809.1666666666666,760.4166666666666,736.3333333333334,727.1666666666666,751.3333333333334,838.3333333333334,966.3333333333334,1240.75,1313.5,1461.25,1564.75,1716.75,1721.8333333333333,1681.6666666666667,1686.1666666666667,1686.4166666666667,1675.25,1771.25,1771.9166666666667,1588.0833333333333,1400.0833333333333,1255.8333333333333,1093.75,33.25,23.166666666666668,18.666666666666668,15.416666666666666,13.583333333333334,16.333333333333332,24.333333333333332,28.75,49.333333333333336,77.75,97.16666666666667,127.33333333333333,173.5,140.0,136.66666666666666,130.0,129.5,145.66666666666666,154.66666666666666,137.58333333333334,115.33333333333333,95.83333333333333,76.41666666666667,56.083333333333336,449490.25,261253.75,223292.16666666666,204600.58333333334,151688.5,159313.41666666666,329074.0833333333,496206.25,561114.6666666666,1420437.8333333333,2241498.25,2681633.3333333335,3930370.1666666665,2946719.0,3177622.25,2874243.3333333335,2967159.75,3149920.0,3637533.1666666665,3862039.5,3275466.6666666665,1805912.0,1193018.9166666667,708508.4166666666,36.27272727272727,5832084.545454546,571.25,36200554.083333336,50.166666666666664,17716548.416666668,132.5,10781926.75,1879.6666666666667,74710207.66666667,49.916666666666664,2693436.5833333335,,,12082.75,301838519.8333333,16933.083333333332,166059626.08333334,1233.8333333333333,33473726.416666668,2105.6666666666665,65159202.75,144.66666666666666,6370304.583333333,428.9166666666667,29810093.0,,,104.91666666666667,838.8333333333334,228.5,108.08333333333333,913.5,140.75,80.16666666666667,846.8333333333334,161.33333333333334,102.66666666666667,1040.0833333333333,169.58333333333334,173.41666666666666,1331.4166666666667,235.16666666666666,127.0,1310.1666666666667,220.58333333333334,66.58333333333333,1236.4166666666667,137.41666666666666,90167.33333333333,3457607.0833333335,6842156.833333333,8992941.833333334,10876178.416666666,8746095.166666666,3651407.8333333335,10.916666666666666,292.9166666666667,405.6666666666667,400.8333333333333,473.0833333333333,293.8333333333333,141.33333333333334
2611056000,중구 부평동,627.8333333333334,608.25,1987.4166666666667,1702.8333333333333,2022.6666666666667,2200.75,4688.5,5872.833333333333,124089500.0,173334666.66666666,181.58333333333334,128.91666666666666,102.66666666666667,85.25,81.25,98.66666666666667,173.08333333333334,373.9166666666667,787.8333333333334,1515.9166666666667,2082.5,2478.25,2636.8333333333335,2714.75,2781.5833333333335,2769.8333333333335,2692.8333333333335,2499.3333333333335,1890.5833333333333,1246.1666666666667,904.1666666666666,647.6666666666666,470.0833333333333,328.25,4505.0,4611.0,4672.833333333333,4711.166666666667,4682.0,4636.083333333333,4487.5,4259.25,3883.0,3382.0833333333335,3057.5,2862.3333333333335,2771.0,2704.0833333333335,2639.1666666666665,2640.9166666666665,2736.6666666666665,2904.0833333333335,3139.8333333333335,3386.9166666666665,3603.1666666666665,3858.5833333333335,4113.666666666667,4331.166666666667,3721.1666666666665,2859.9166666666665,2201.75,1706.1666666666667,1395.4166666666667,1280.0833333333333,1295.0,1444.3333333333333,1707.25,1954.0,2516.4166666666665,3247.0,4497.416666666667,5083.5,5397.666666666667,5624.666666666667,5743.75,6085.416666666667,7172.666666666667,8378.75,8593.5,7822.25,6504.166666666667,5142.5,298.25,202.83333333333334,134.16666666666666,87.0,62.0,41.75,40.75,51.5,106.0,163.25,277.5,464.4166666666667,737.1666666666666,760.1666666666666,744.3333333333334,743.6666666666666,716.25,736.3333333333334,825.3333333333334,850.0833333333334,818.5,722.6666666666666,570.1666666666666,415.4166666666667,11270332.416666666,8045796.25,5324006.416666667,3078947.5833333335,2120823.5833333335,1207970.75,1388067.8333333333,1135296.75,1518277.5,3234863.0833333335,7467703.416666667,11220156.166666666,16753549.666666666,17483393.833333332,17919374.583333332,17214013.5,16378546.083333334,17523872.333333332,22278275.25,27787730.166666668,27949870.25,24120464.0,19630449.166666668,15378644.833333334,1297.8333333333333,5496091.333333333,3355.8333333333335,159461607.58333334,65.58333333333333,13247237.0,719.4166666666666,44778427.5,30267.416666666668,246061182.16666666,352.8333333333333,18276199.166666668,,,108864.25,3939526691.0833335,36105.0,363784203.0833333,9558.5,278482865.8333333,2693.4166666666665,98132241.91666667,4048.5,295442227.5833333,3810.0833333333335,23581535.166666668,,,89.83333333333333,461.6666666666667,825.6666666666666,3.4166666666666665,286.3333333333333,396.25,151.5,381.5833333333333,586.5833333333334,215.91666666666666,433.6666666666667,665.3333333333334,314.3333333333333,693.8333333333334,755.5833333333334,301.1666666666667,772.3333333333334,648.8333333333334,157.5,658.0,342.5,1175843.1666666667,38202159.666666664,60555521.916666664,62089774.666666664,65552237.416666664,50947893.666666664,18901671.583333332,88.0,1781.3333333333333,2329.8333333333335,2141.75,2132.1666666666665,1514.8333333333333,571.3333333333334
2611057000,중구 광복동,645.0833333333334,396.6666666666667,403.6666666666667,470.4166666666667,1181.0833333333333,914.4166666666666,4659.416666666667,4194.166666666667,171644000.0,146481333.33333334,48.5,34.5,28.416666666666668,24.5,22.416666666666668,23.416666666666668,39.916666666666664,106.08333333333333,404.4166666666667,878.3333333333334,1515.9166666666667,2132.75,2410.9166666666665,2582.4166666666665,2652.25,2537.8333333333335,2468.5833333333335,2308.5,1827.0833333333333,1259.25,848.3333333333334,511.1666666666667,242.41666666666666,100.75,1005.5,1028.0,1040.8333333333333,1045.9166666666667,1027.5,1024.25,1016.3333333333334,989.8333333333334,937.8333333333334,871.0833333333334,796.1666666666666,753.3333333333334,735.5833333333334,724.4166666666666,705.75,703.0,709.0833333333334,731.5833333333334,756.4166666666666,791.75,811.5,862.1666666666666,923.5833333333334,977.3333333333334,706.0833333333334,527.4166666666666,420.1666666666667,350.5833333333333,323.0833333333333,326.25,356.9166666666667,397.0833333333333,531.6666666666666,709.3333333333334,1087.5833333333333,1857.5,3261.25,4233.333333333333,4756.416666666667,4885.583333333333,4740.25,4396.25,4208.333333333333,3902.5,3299.1666666666665,2451.25,1577.4166666666667,996.1666666666666,33.833333333333336,20.083333333333332,12.5,9.416666666666666,7.166666666666667,7.25,7.583333333333333,14.416666666666666,41.916666666666664,113.25,298.9166666666667,542.3333333333334,873.75,974.8333333333334,976.5,935.3333333333334,859.25,806.8333333333334,770.1666666666666,673.4166666666666,479.4166666666667,265.8333333333333,117.08333333333333,58.083333333333336,1498195.6666666667,1009251.3333333334,613034.5833333334,443916.3333333333,188164.16666666666,150472.83333333334,231209.66666666666,283458.75,966053.0,3422824.8333333335,11463238.75,20631290.083333332,31152841.083333332,34089690.75,35858558.166666664,34911096.0,32154145.75,30400016.833333332,27043937.0,22519793.25,14988842.0,8679521.583333334,4055536.5833333335,2287344.1666666665,1035.8333333333333,33283470.666666668,7775.583333333333,270833572.6666667,874.1666666666666,16480181.833333334,2024.5833333333333,140058379.83333334,31608.166666666668,1411670833.1666667,130.83333333333334,26553354.5,,,78212.0,1904511385.75,10621.583333333334,139761636.83333334,2868.3333333333335,42859014.416666664,11632.833333333334,517486326.9166667,20579.583333333332,1453419275.8333333,1039.75,7978670.333333333,,,136.5,72.16666666666667,452.4166666666667,60.416666666666664,24.416666666666668,262.9166666666667,176.66666666666666,94.5,317.25,156.75,130.08333333333334,342.3333333333333,223.66666666666666,189.75,334.5833333333333,194.83333333333334,211.58333333333334,246.16666666666666,90.41666666666667,149.08333333333334,137.5,1676471.5833333333,38968252.833333336,62456002.166666664,78485111.0,68507956.83333333,45094819.333333336,22937603.083333332,95.33333333333333,1593.8333333333333,2098.0,2087.1666666666665,1621.9166666666667,917.3333333333334,437.6666666666667
2611058000,중구 남포동,1053.5,841.6666666666666,409.9166666666667,638.25,2371.25,2485.6666666666665,4933.25,5618.25,192008166.66666666,213407500.0,101.5,70.25,54.0,48.666666666666664,65.58333333333333,115.5,300.5,643.9166666666666,1224.3333333333333,2595.5,3441.5833333333335,3936.8333333333335,4134.416666666667,4275.916666666667,4368.75,4280.083333333333,4074.0,3713.0833333333335,2930.4166666666665,1971.4166666666667,1479.9166666666667,964.8333333333334,478.0833333333333,214.75,1150.0,1196.1666666666667,1230.5833333333333,1254.25,1247.4166666666667,1240.8333333333333,1222.9166666666667,1164.3333333333333,1095.0,1013.4166666666666,943.4166666666666,910.0833333333334,897.5833333333334,886.5833333333334,883.8333333333334,884.25,893.0833333333334,916.4166666666666,929.0,960.8333333333334,992.5,1036.6666666666667,1080.75,1121.25,1894.0,1422.0833333333333,1223.9166666666667,1085.0,1048.5,1139.5,1737.8333333333333,2128.5833333333335,3114.9166666666665,3242.5,4212.75,5385.083333333333,7247.333333333333,8432.416666666666,9246.5,9314.666666666666,8985.25,8586.833333333334,9296.5,8569.333333333334,7099.916666666667,5411.916666666667,3969.5,2784.3333333333335,87.25,56.5,32.333333333333336,21.5,16.333333333333332,22.083333333333332,39.333333333333336,75.5,176.41666666666666,306.9166666666667,456.75,676.5833333333334,932.6666666666666,924.0,971.8333333333334,953.4166666666666,903.0,861.75,857.0833333333334,760.3333333333334,619.8333333333334,423.3333333333333,248.41666666666666,141.75,2962055.3333333335,2068828.0833333333,1239963.25,875300.5833333334,489681.5833333333,690172.75,1020324.9166666666,1750030.0,4266693.25,11063366.583333334,23201434.583333332,32038243.583333332,35330626.25,33660579.583333336,38218058.25,38174415.75,35267691.0,32068319.916666668,32333523.5,29850967.916666668,24082680.75,13314085.166666666,7106511.666666667,4411741.916666667,806.9166666666666,80476264.58333333,1252.5833333333333,27311156.75,1496.6666666666667,37729859.833333336,860.75,50303326.166666664,22061.25,617726365.8333334,451.8333333333333,24299669.583333332,21.0,297175.0,71093.66666666667,2705516837.9166665,55790.583333333336,873950704.75,10473.75,697933739.8333334,10715.0,850970036.3333334,6652.833333333333,320820163.6666667,1725.9166666666667,22043837.666666668,,,171.16666666666666,94.33333333333333,732.4166666666666,5.666666666666667,14.416666666666666,417.25,281.4166666666667,129.66666666666666,576.1666666666666,288.0,172.91666666666666,637.9166666666666,437.8333333333333,227.25,857.9166666666666,498.8333333333333,197.08333333333334,927.3333333333334,209.41666666666666,210.0,705.75,1481707.5,33409765.5,60064230.0,76592114.33333333,91838921.91666667,94976586.41666667,47053299.833333336,120.66666666666667,1501.5833333333333,2004.0833333333333,1993.1666666666667,2001.1666666666667,1876.5833333333333,1051.5833333333333
2611059000,중구 영주1동,214.41666666666666,241.25,1674.5833333333333,1533.0833333333333,466.4166666666667,502.8333333333333,356.5,644.8333333333334,9180583.333333334,18100000.0,53.25,46.333333333333336,42.75,40.666666666666664,40.916666666666664,42.916666666666664,61.666666666666664,118.58333333333333,298.0833333333333,943.8333333333334,1081.0,1122.75,875.0833333333334,1062.5833333333333,1076.75,1024.5,968.1666666666666,871.0,539.8333333333334,214.83333333333334,155.33333333333334,117.66666666666667,81.41666666666667,69.75,4045.5833333333335,4156.25,4228.25,4277.333333333333,4287.916666666667,4259.833333333333,4115.583333333333,3873.25,3406.0,2869.1666666666665,2566.25,2388.3333333333335,2280.6666666666665,2211.9166666666665,2144.25,2132.5,2225.9166666666665,2348.75,2559.3333333333335,2858.5,3068.25,3323.25,3575.9166666666665,3789.4166666666665,734.5833333333334,694.75,662.1666666666666,666.6666666666666,677.0,692.25,787.4166666666666,882.6666666666666,1103.3333333333333,1177.0,1139.0833333333333,1162.5,1284.6666666666667,1187.75,1137.75,1201.1666666666667,1133.9166666666667,1220.8333333333333,1249.6666666666667,1056.1666666666667,925.5833333333334,898.6666666666666,821.5,760.75,14.416666666666666,10.75,8.583333333333334,7.833333333333333,6.833333333333333,9.833333333333334,11.833333333333334,24.083333333333332,43.583333333333336,41.5,45.75,60.0,102.16666666666667,66.41666666666667,59.75,58.75,56.833333333333336,68.5,84.83333333333333,65.41666666666667,56.0,47.083333333333336,35.833333333333336,25.916666666666668,237568.58333333334,139990.75,163551.75,77134.0,74823.25,140344.83333333334,170311.91666666666,350775.8333333333,485067.25,946117.0,1441409.0833333333,2696665.5,2167586.5,2410237.6666666665,2395745.25,2652368.75,2120718.1666666665,2059758.0833333333,1801094.4166666667,1838716.0,1382103.8333333333,904874.25,532886.5,359585.6666666667,37.333333333333336,11466957.333333334,322.4166666666667,32275821.25,39.166666666666664,4535975.916666667,189.33333333333334,5214798.583333333,285.4166666666667,37571971.75,398.0833333333333,47286271.166666664,,,5479.166666666667,96911055.66666667,7408.5,67963713.58333333,1249.25,17171452.416666668,683.9166666666666,58551988.0,118.25,14765133.0,320.6666666666667,25694686.083333332,,,37.75,396.1666666666667,150.25,33.583333333333336,298.6666666666667,88.5,97.5,442.5,143.0,96.0,483.0,170.16666666666666,102.0,537.5833333333334,193.5,63.833333333333336,552.1666666666666,143.66666666666666,22.833333333333332,494.8333333333333,77.25,70533.16666666667,2014836.0,5212562.916666667,6161269.5,6434754.666666667,5739338.75,1689456.0833333333,7.083333333333333,149.58333333333334,232.5,193.58333333333334,205.58333333333334,155.66666666666666,59.333333333333336
2611060000,중구 영주2동,173.91666666666666,149.75,3050.0,2725.6666666666665,407.5,440.75,202.91666666666666,394.0833333333333,4621250.0,5319666.666666667,88.75,81.0,78.58333333333333,77.08333333333333,75.75,79.0,96.08333333333333,158.41666666666666,273.6666666666667,530.8333333333334,607.4166666666666,631.5,621.8333333333334,649.3333333333334,647.3333333333334,620.25,559.9166666666666,482.4166666666667,372.6666666666667,272.75,239.0,206.91666666666666,174.08333333333334,150.91666666666666,7258.166666666667,7408.75,7496.5,7552.833333333333,7578.333333333333,7466.75,7225.416666666667,6850.0,6144.666666666667,5086.666666666667,4549.75,4199.916666666667,4032.4166666666665,3941.3333333333335,3830.8333333333335,3856.4166666666665,4059.3333333333335,4424.333333333333,4853.416666666667,5350.0,5747.166666666667,6176.583333333333,6581.75,6960.083333333333,670.0,636.5833333333334,617.5,606.5,626.5,625.25,668.5,735.5,871.75,909.5833333333334,1025.75,1047.5,979.3333333333334,1001.5,1064.1666666666667,1092.25,1091.3333333333333,1000.0833333333334,956.25,940.8333333333334,885.9166666666666,831.75,762.8333333333334,712.0833333333334,11.583333333333334,9.5,8.0,7.25,7.416666666666667,8.416666666666666,10.083333333333334,11.583333333333334,17.75,21.333333333333332,24.0,33.0,45.0,39.916666666666664,34.5,38.25,40.666666666666664,45.916666666666664,47.416666666666664,38.083333333333336,37.083333333333336,32.0,25.666666666666668,18.166666666666668,132074.75,103727.41666666667,86466.41666666667,98606.0,85476.33333333333,534909.5833333334,108834.66666666667,143082.5,183509.66666666666,421034.8333333333,511839.75,623592.5,757921.6666666666,741560.1666666666,680106.4166666666,896581.0833333334,803635.75,809340.75,806615.25,507418.4166666667,465268.9166666667,395328.8333333333,331534.25,206020.16666666666,,,196.0,23147290.166666668,61.25,17191352.666666668,58.416666666666664,14660541.416666666,830.5,9092772.25,,,,,1430.5833333333333,21788598.333333332,8160.916666666667,102002422.83333333,172.08333333333334,6830822.333333333,178.66666666666666,2050949.9166666667,132.0,4491156.181818182,83.22222222222223,27534222.222222224,,,24.833333333333332,543.4166666666666,95.25,23.083333333333332,667.1666666666666,119.25,38.333333333333336,627.5,102.08333333333333,53.916666666666664,854.4166666666666,122.33333333333333,72.5,986.3333333333334,156.08333333333334,70.16666666666667,1082.3333333333333,142.75,38.25,1012.25,107.91666666666667,54277.75,626864.3333333334,1941808.5,2189133.5,1838636.5833333333,2205047.5,1108382.3333333333,8.75,63.833333333333336,119.66666666666667,135.33333333333334,127.16666666666667,95.41666666666667,48.416666666666664
2614051000,서구 동대신1동,146.91666666666666,130.41666666666666,1850.5,1610.75,369.6666666666667,380.0833333333333,483.0833333333333,633.75,15276166.666666666,18007916.666666668,66.58333333333333,53.833333333333336,47.083333333333336,45.0,44.583333333333336,49.0,64.41666666666667,104.75,193.41666666666666,463.25,548.9166666666666,580.25,570.9166666666666,577.9166666666666,553.75,539.75,506.8333333333333,444.1666666666667,327.0833333333333,239.16666666666666,199.08333333333334,178.16666666666666,147.08333333333334,121.83333333333333,4398.083333333333,4519.916666666667,4584.75,4614.333333333333,4608.083333333333,4558.5,4389.333333333333,4122.333333333333,3627.1666666666665,3081.6666666666665,2741.5833333333335,2520.0,2424.75,2374.6666666666665,2258.75,2244.0,2362.3333333333335,2575.5833333333335,2838.0833333333335,3098.9166666666665,3336.0,3648.8333333333335,3956.9166666666665,4201.666666666667,589.8333333333334,483.1666666666667,432.5,391.75,379.75,396.3333333333333,452.1666666666667,551.25,683.25,722.9166666666666,723.5833333333334,768.1666666666666,782.25,785.6666666666666,801.0833333333334,817.1666666666666,874.8333333333334,971.6666666666666,1154.25,1237.25,1194.9166666666667,1070.4166666666667,947.5833333333334,784.4166666666666,9.666666666666666,8.166666666666666,6.416666666666667,5.333333333333333,6.583333333333333,8.75,13.916666666666666,17.583333333333332,24.5,34.166666666666664,57.0,65.66666666666667,82.75,69.91666666666667,73.75,80.25,93.83333333333333,101.33333333333333,110.16666666666667,91.41666666666667,80.83333333333333,50.75,29.916666666666668,13.083333333333334,177022.41666666666,146564.91666666666,100885.16666666667,73733.25,116590.66666666667,249032.16666666666,313836.4166666667,496334.8333333333,709909.0833333334,964054.6666666666,1765636.4166666667,2045866.6666666667,2295426.75,2371999.0,2530950.0833333335,2775696.0833333335,2901427.0833333335,3000753.0833333335,2889116.25,2916463.3333333335,2694932.5,1401596.5833333333,665711.0833333334,201173.66666666666,44.75,13951615.25,557.0,34361585.5,75.66666666666667,23990956.25,94.91666666666667,4423157.5,248.16666666666666,27048094.75,42.083333333333336,479068.1666666667,,,3498.4166666666665,142779708.58333334,11259.083333333334,160568254.08333334,332.5,18503479.416666668,625.4166666666666,37194059.083333336,203.83333333333334,19760540.333333332,84.91666666666667,16111825.25,313.0,11672792.833333334,27.583333333333332,399.6666666666667,93.16666666666667,30.25,428.5,95.0,42.75,368.0833333333333,101.41666666666667,47.0,444.1666666666667,119.83333333333333,56.666666666666664,567.6666666666666,145.58333333333334,42.75,618.5833333333334,113.75,27.5,632.0,78.58333333333333,55441.833333333336,1618515.6666666667,4275708.0,7919476.916666667,9184450.833333334,6979226.333333333,3275856.1666666665,8.5,109.58333333333333,183.25,229.08333333333334,274.0,214.5,99.16666666666667
2614052000,서구 동대신2동,277.4166666666667,144.16666666666666,2808.0833333333335,2625.8333333333335,518.6666666666666,505.25,568.5,897.25,40656833.333333336,40147333.333333336,84.66666666666667,71.0,67.0,64.83333333333333,64.58333333333333,68.0,86.33333333333333,148.5,396.0833333333333,843.6666666666666,917.75,949.75,908.1666666666666,916.75,917.5833333333334,876.6666666666666,791.5833333333334,567.5,428.9166666666667,274.5833333333333,226.83333333333334,198.41666666666666,147.25,124.0,7055.083333333333,7268.0,7383.583333333333,7433.083333333333,7433.0,7350.416666666667,7051.25,6531.916666666667,5595.25,4669.166666666667,4133.25,3798.6666666666665,3657.1666666666665,3578.6666666666665,3469.9166666666665,3494.0833333333335,3667.6666666666665,3972.9166666666665,4346.416666666667,4792.333333333333,5219.0,5696.666666666667,6199.0,6625.5,894.5833333333334,789.4166666666666,736.5,709.3333333333334,737.6666666666666,752.0,827.3333333333334,891.6666666666666,976.3333333333334,1017.6666666666666,1100.8333333333333,1147.25,1174.6666666666667,1154.8333333333333,1206.3333333333333,1204.0,1223.0,1218.8333333333333,1244.0833333333333,1256.1666666666667,1233.3333333333333,1153.0,1024.75,893.4166666666666,33.833333333333336,22.75,13.75,9.833333333333334,7.25,10.25,14.166666666666666,20.083333333333332,29.5,45.166666666666664,60.25,75.0,94.0,77.75,82.5,83.41666666666667,90.75,104.66666666666667,116.0,123.91666666666667,118.0,104.25,80.58333333333333,56.666666666666664,1193075.75,973803.75,530625.25,308235.9166666667,152502.66666666666,184804.83333333334,272055.9166666667,386388.8333333333,577252.8333333334,1466940.8333333333,4540082.333333333,8485805.5,9093205.0,5614251.083333333,6438763.166666667,7236110.25,5652243.0,4724028.083333333,4129576.9166666665,5237861.75,4828187.0,4132635.5833333335,2923332.9166666665,2161227.4166666665,233.41666666666666,2733329.5,245.33333333333334,50976071.583333336,103.41666666666667,36786714.25,90.08333333333333,6325090.666666667,5139.666666666667,89853220.08333333,,,,,11607.25,462837849.25,5996.5,48210177.75,878.0833333333334,345321175.0833333,1779.0833333333333,75219047.25,129.08333333333334,10663900.583333334,112.25,5682072.0,229.75,9102269.0,35.083333333333336,547.8333333333334,119.66666666666667,117.58333333333333,626.1666666666666,187.41666666666666,48.333333333333336,526.9166666666666,116.75,56.833333333333336,750.8333333333334,156.16666666666666,77.08333333333333,936.9166666666666,171.25,56.083333333333336,984.25,147.58333333333334,28.416666666666668,1058.1666666666667,122.83333333333333,140617.58333333334,4133431.25,11348603.5,20660157.166666668,30587546.916666668,10173473.0,3805679.0,12.25,193.5,307.9166666666667,350.5833333333333,366.1666666666667,158.66666666666666,77.75
2614053000,서구 동대신3동,767.4166666666666,706.0,2918.6666666666665,2576.0,1450.8333333333333,1196.5833333333333,2112.3333333333335,2633.5833333333335,101854833.33333333,124595083.33333333,271.8333333333333,249.91666666666666,238.58333333333334,237.66666666666666,241.08333333333334,280.5833333333333,380.5833333333333,731.5833333333334,2012.5833333333333,2958.75,3232.6666666666665,3312.8333333333335,3257.4166666666665,3241.3333333333335,3199.3333333333335,2898.0833333333335,2632.1666666666665,1986.0,1141.0833333333333,846.5833333333334,681.4166666666666,577.75,480.4166666666667,364.0,6631.333333333333,6784.5,6865.583333333333,6913.0,6904.916666666667,6858.0,6682.666666666667,6348.75,5784.416666666667,5062.583333333333,4633.416666666667,4341.666666666667,4197.333333333333,4117.416666666667,4026.0833333333335,4012.0833333333335,4148.333333333333,4340.916666666667,4640.5,5022.75,5356.333333333333,5717.0,6093.833333333333,6419.833333333333,1641.6666666666667,1529.9166666666667,1477.5833333333333,1467.25,1491.6666666666667,1533.75,1820.9166666666667,2291.3333333333335,2843.1666666666665,3225.1666666666665,3691.0833333333335,3756.75,3485.3333333333335,3381.75,3731.0833333333335,3749.75,3437.5,3219.5833333333335,3122.9166666666665,3119.1666666666665,2875.5,2648.75,2282.75,1786.75,27.75,16.75,12.25,9.75,8.833333333333334,19.416666666666668,52.583333333333336,127.75,221.5,348.0833333333333,398.6666666666667,425.75,466.3333333333333,405.5833333333333,404.8333333333333,355.9166666666667,287.8333333333333,243.66666666666666,248.41666666666666,203.83333333333334,173.75,146.25,93.16666666666667,51.833333333333336,888086.25,407679.5833333333,336451.4166666667,550303.5,247490.41666666666,397931.0,936747.8333333334,4054306.0833333335,9801313.75,25428217.916666668,33060799.833333332,31092325.833333332,20641796.583333332,18578022.166666668,19921600.916666668,16185797.583333334,12323254.5,7734485.916666667,6108315.916666667,4662827.916666667,4554332.75,5299180.166666667,2370320.75,1208070.6666666667,81.33333333333333,23180482.25,370.9166666666667,15295849.916666666,144.91666666666666,43479403.666666664,338.5833333333333,30564870.916666668,2263.4166666666665,94894976.33333333,,,,,28132.25,453100064.0833333,22521.333333333332,189446742.83333334,779.5833333333334,21097557.75,18157.833333333332,1736300505.0,197.83333333333334,21001285.583333332,149.66666666666666,25440606.0,,,243.66666666666666,715.5,365.6666666666667,338.8333333333333,691.6666666666666,330.75,208.41666666666666,569.75,290.75,203.91666666666666,687.6666666666666,379.3333333333333,225.08333333333334,916.5,472.8333333333333,165.08333333333334,883.0833333333334,438.0,85.66666666666667,1028.1666666666667,367.4166666666667,268261.6666666667,7870185.583333333,24786554.25,52519079.416666664,62161819.166666664,51354933.583333336,27501953.25,26.833333333333332,479.9166666666667,833.0833333333334,1079.9166666666667,1156.75,765.4166666666666,401.6666666666667
2614054000,서구 서대신1동,521.5,380.9166666666667,4193.25,3592.1666666666665,1481.75,1451.0833333333333,2071.0833333333335,2225.0833333333335,63329666.666666664,71896166.66666667,258.8333333333333,210.25,178.16666666666666,163.83333333333334,157.66666666666666,164.58333333333334,203.08333333333334,355.8333333333333,639.3333333333334,1327.0,1585.0833333333333,1717.6666666666667,1715.5,1765.0,1751.75,1734.3333333333333,1686.0833333333333,1574.8333333333333,1308.8333333333333,917.5,760.4166666666666,627.6666666666666,497.5,394.6666666666667,9800.5,10042.416666666666,10163.333333333334,10226.916666666666,10210.833333333334,10143.416666666666,9827.5,9290.583333333334,8137.083333333333,6773.916666666667,6065.5,5594.166666666667,5347.25,5223.833333333333,5136.583333333333,5223.583333333333,5512.166666666667,5958.916666666667,6560.666666666667,7243.5,7743.0,8303.333333333334,8917.5,9423.083333333334,1694.6666666666667,1420.0,1256.1666666666667,1159.8333333333333,1153.0,1228.0,1450.25,2054.5833333333335,2949.5,2636.4166666666665,2987.5,3312.8333333333335,3443.1666666666665,3481.8333333333335,3758.5833333333335,4066.8333333333335,4390.0,4723.166666666667,5102.166666666667,4830.25,4307.583333333333,3664.8333333333335,3127.8333333333335,2231.9166666666665,35.666666666666664,23.916666666666668,15.583333333333334,9.333333333333334,8.5,13.833333333333334,30.833333333333332,36.666666666666664,88.83333333333333,226.33333333333334,298.3333333333333,333.9166666666667,358.6666666666667,255.75,304.5833333333333,331.9166666666667,350.0,362.0833333333333,341.0,285.9166666666667,236.25,173.25,113.91666666666667,68.33333333333333,895487.0,946504.25,561943.0,440239.25,416383.9166666667,283214.25,357740.75,373793.0,1327513.75,7080763.5,15171771.916666666,17388527.0,12951553.416666666,7699701.416666667,10391323.166666666,10956236.833333334,10375221.666666666,10619751.166666666,7630071.333333333,6827104.166666667,5557432.333333333,3655128.1666666665,2197988.9166666665,1475630.8333333333,36.75,13024481.375,751.4166666666666,51660488.916666664,225.08333333333334,45559960.916666664,593.0,30366970.5,3179.8333333333335,120173866.25,35.0,187354244.0,,,21315.25,442951817.1666667,29661.916666666668,277344663.6666667,2307.0,47433471.083333336,10027.25,722675353.4166666,423.1666666666667,35086681.583333336,111.91666666666667,22424546.083333332,115.33333333333333,2827418.3333333335,96.16666666666667,890.3333333333334,467.25,80.08333333333333,985.0833333333334,579.9166666666666,141.25,848.25,356.75,176.83333333333334,1132.25,421.8333333333333,183.33333333333334,1193.8333333333333,455.25,133.58333333333334,1311.25,360.0833333333333,88.08333333333333,1421.75,289.3333333333333,198902.5,6521506.25,17384856.916666668,36094844.25,34973422.166666664,26786672.0,13276853.416666666,24.5,454.0833333333333,813.75,1021.8333333333334,1030.3333333333333,635.1666666666666,315.5
2614056000,서구 서대신3동,508.1666666666667,289.0833333333333,3186.6666666666665,2646.3333333333335,811.4166666666666,710.5833333333334,856.75,941.5,19845500.0,19957083.333333332,158.75,131.66666666666666,118.66666666666667,113.16666666666667,114.58333333333333,124.25,166.08333333333334,276.75,850.1666666666666,1651.3333333333333,1764.5,1824.5833333333333,1816.8333333333333,1775.9166666666667,1713.8333333333333,1483.4166666666667,1343.9166666666667,1119.5,788.8333333333334,546.9166666666666,445.9166666666667,352.5,274.5833333333333,218.66666666666666,7352.0,7530.166666666667,7633.75,7684.0,7664.916666666667,7590.75,7384.5,6994.75,6146.25,5229.5,4699.666666666667,4319.833333333333,4125.333333333333,4040.4166666666665,3923.6666666666665,3917.25,4080.3333333333335,4372.5,4697.666666666667,5201.166666666667,5619.0,6099.833333333333,6628.0,7086.75,886.8333333333334,773.5833333333334,723.3333333333334,705.9166666666666,689.5,726.1666666666666,878.0833333333334,1168.25,1521.8333333333333,1719.5,2024.0,2108.1666666666665,2098.9166666666665,1956.0833333333333,2086.5,2149.6666666666665,2185.0833333333335,2206.75,2152.75,2005.25,1791.5,1582.8333333333333,1343.1666666666667,1081.3333333333333,16.833333333333332,11.666666666666666,8.666666666666666,7.5,7.333333333333333,10.833333333333334,17.333333333333332,29.666666666666668,58.5,80.5,109.83333333333333,125.25,170.75,136.58333333333334,132.08333333333334,128.41666666666666,127.08333333333333,132.08333333333334,134.5,114.33333333333333,95.25,73.58333333333333,50.083333333333336,28.583333333333332,185981.58333333334,108399.16666666667,72979.5,61708.25,80419.08333333333,126396.16666666667,178153.75,282103.4166666667,546835.25,1587045.5,2446016.0,2663534.9166666665,3608315.4166666665,2957179.0,3383923.4166666665,2991488.9166666665,2807547.4166666665,3045995.9166666665,3764964.9166666665,3711040.4166666665,2479606.25,1515947.75,727801.4166666666,608925.0833333334,120.16666666666667,1514200.5,307.8333333333333,20306383.0,155.83333333333334,56811383.416666664,604.75,20706619.416666668,2984.75,163527138.33333334,37.18181818181818,1437858.8181818181,,,14291.416666666666,245707238.41666666,10112.333333333334,72305079.5,693.4166666666666,8058521.083333333,2473.0833333333335,69864684.08333333,212.16666666666666,20494785.583333332,52.5,21627538.75,,,86.41666666666667,600.4166666666666,173.66666666666666,250.5,1153.6666666666667,229.91666666666666,99.33333333333333,657.3333333333334,171.25,109.5,858.5833333333334,226.08333333333334,112.0,922.4166666666666,288.5833333333333,74.5,784.25,233.58333333333334,62.75,853.75,196.16666666666666,115648.16666666667,2107631.6666666665,5505330.166666667,13711679.5,9800020.083333334,5958223.333333333,2621535.3333333335,13.416666666666666,172.25,348.5,514.0,422.5,226.91666666666666,99.91666666666667
2614057000,서구 서대신4동,294.0,166.83333333333334,2722.5,2378.25,678.8333333333334,701.4166666666666,589.75,742.0,24229583.333333332,24436666.666666668,81.66666666666667,72.41666666666667,68.25,65.0,66.08333333333333,70.75,96.91666666666667,181.75,473.8333333333333,1062.0833333333333,1113.4166666666667,1153.1666666666667,1168.9166666666667,1179.3333333333333,1123.5833333333333,865.8333333333334,741.3333333333334,557.75,392.9166666666667,271.3333333333333,216.41666666666666,169.5,130.33333333333334,109.16666666666667,6519.166666666667,6672.166666666667,6750.083333333333,6792.5,6803.5,6729.916666666667,6508.25,6152.0,5378.166666666667,4545.25,4034.4166666666665,3720.0833333333335,3571.5,3495.4166666666665,3394.8333333333335,3336.5,3488.75,3735.0833333333335,4098.916666666667,4564.416666666667,4955.333333333333,5389.166666666667,5816.083333333333,6209.333333333333,801.4166666666666,749.3333333333334,727.75,718.0,745.0,769.9166666666666,933.25,1094.75,1429.1666666666667,1539.25,1836.6666666666667,2081.9166666666665,2417.0833333333335,2458.3333333333335,2318.5833333333335,2115.1666666666665,1873.5833333333333,1649.4166666666667,1474.5833333333333,1435.5833333333333,1314.9166666666667,1195.3333333333333,951.9166666666666,833.4166666666666,6.25,5.666666666666667,5.833333333333333,5.416666666666667,5.25,6.083333333333333,7.25,14.833333333333334,36.083333333333336,77.33333333333333,101.83333333333333,125.41666666666667,168.0,147.41666666666666,139.66666666666666,118.91666666666667,95.75,79.41666666666667,71.25,54.75,37.583333333333336,25.166666666666668,19.583333333333332,8.666666666666666,66254.08333333333,45037.833333333336,43547.0,40338.083333333336,27318.833333333332,46265.083333333336,64661.583333333336,205947.91666666666,935489.5,4502507.333333333,5367863.5,6537897.416666667,5513000.0,5449594.25,5325236.083333333,4741625.333333333,3236929.3333333335,1994921.0,1615070.9166666667,1460016.6666666667,919886.25,471531.3333333333,271576.3333333333,78417.91666666667,38.22222222222222,4360225.555555556,313.25,7312304.833333333,100.25,22291712.583333332,67.66666666666667,2461185.8333333335,824.0833333333334,34601913.333333336,,,,,10397.25,274491193.8333333,6140.0,69764721.08333333,294.5,5298024.416666667,3823.6666666666665,312879214.8333333,114.58333333333333,15154243.166666666,700.1666666666666,1393926.4166666667,,,31.333333333333332,544.8333333333334,156.16666666666666,163.58333333333334,967.0833333333334,220.41666666666666,46.75,537.75,170.5,60.666666666666664,754.4166666666666,193.5,74.91666666666667,839.5833333333334,254.58333333333334,55.666666666666664,695.8333333333334,237.41666666666666,25.5,758.25,144.91666666666666,81045.25,1155981.0833333333,5112250.416666667,8837524.666666666,13931748.666666666,13135193.75,6471752.666666667,6.333333333333333,80.83333333333333,187.16666666666666,290.1666666666667,354.0,286.5833333333333,128.41666666666666
2614059000,서구 부민동,728.25,625.8333333333334,2721.5,2462.25,1933.0833333333333,1807.25,1565.0833333333333,1909.75,33325333.333333332,37149083.333333336,222.91666666666666,178.16666666666666,164.25,154.58333333333334,121.83333333333333,141.33333333333334,215.58333333333334,446.9166666666667,980.3333333333334,1905.9166666666667,2338.0833333333335,2827.6666666666665,2867.5,3031.9166666666665,3049.5833333333335,2905.75,2721.0,2295.25,1599.0833333333333,1151.6666666666667,985.0,853.1666666666666,729.9166666666666,632.6666666666666,6508.666666666667,6711.333333333333,6828.25,6884.166666666667,6790.833333333333,6771.583333333333,6614.5,6121.75,5426.166666666667,4638.166666666667,4190.666666666667,3912.4166666666665,3782.6666666666665,3713.5,3596.8333333333335,3568.0833333333335,3695.25,3901.0,4208.083333333333,4585.583333333333,4912.75,5292.833333333333,5706.25,6062.833333333333,1992.9166666666667,1789.75,1670.6666666666667,1585.0833333333333,1604.0,1623.75,1909.9166666666667,2286.5,2821.8333333333335,3303.6666666666665,4091.0,4943.333333333333,5581.75,5810.416666666667,6244.666666666667,6304.25,6105.75,5605.833333333333,5203.166666666667,4859.416666666667,4488.916666666667,3936.75,3280.0833333333335,2744.25,36.833333333333336,22.75,16.75,12.0,11.5,12.75,18.25,39.666666666666664,117.66666666666667,129.08333333333334,167.0,299.5,440.5,333.6666666666667,245.83333333333334,208.08333333333334,205.66666666666666,222.5,256.5833333333333,221.58333333333334,168.91666666666666,128.66666666666666,98.41666666666667,65.0,418212.0,275064.5,183656.33333333334,118828.41666666667,117371.25,218326.33333333334,219423.41666666666,469359.9166666667,936068.3333333334,3202413.5833333335,4743621.416666667,7740166.583333333,9122542.0,5668573.666666667,5299430.0,4970276.083333333,4958217.75,4675571.416666667,4861807.5,4389064.916666667,3370284.4166666665,2048477.8333333333,1470427.75,1105423.1666666667,145.16666666666666,2458700.5833333335,1882.8333333333333,155729484.33333334,68.5,21857847.75,332.1666666666667,38127310.0,9050.666666666666,102742992.16666667,36.166666666666664,2347129.5,,,36164.666666666664,517853714.9166667,18908.0,130878156.66666667,303.8333333333333,3252458.25,1986.0833333333333,201827230.16666666,104.58333333333333,54270049.333333336,222.58333333333334,41926887.083333336,,,383.0,929.9166666666666,744.6666666666666,154.75,857.1666666666666,485.25,141.25,537.6666666666666,439.25,166.75,640.5,535.6666666666666,194.33333333333334,732.6666666666666,611.6666666666666,160.91666666666666,722.1666666666666,542.1666666666666,150.33333333333334,761.0,379.4166666666667,522117.9166666667,7694259.75,10310785.166666666,14766229.916666666,18751456.25,13339861.166666666,5108155.083333333,79.08333333333333,874.3333333333334,687.0833333333334,634.9166666666666,782.8333333333334,310.0833333333333,107.08333333333333
2614061500,서구 아미동,611.0,348.8333333333333,3133.9166666666665,3011.75,1094.8333333333333,890.75,1926.8333333333333,2279.5,114302666.66666667,132727750.0,165.75,157.08333333333334,152.0,149.66666666666666,152.66666666666666,169.41666666666666,266.6666666666667,492.5,1071.1666666666667,1956.3333333333333,2115.5833333333335,2139.1666666666665,1943.1666666666667,2082.5833333333335,2152.8333333333335,2126.5833333333335,1941.0833333333333,1640.1666666666667,716.4166666666666,449.0833333333333,350.9166666666667,272.4166666666667,227.25,196.41666666666666,7788.333333333333,7960.833333333333,8073.666666666667,8144.333333333333,8156.25,8083.583333333333,7801.416666666667,7109.083333333333,6213.5,5433.083333333333,4957.75,4651.5,4481.333333333333,4408.583333333333,4309.083333333333,4267.25,4433.75,4678.25,5067.416666666667,5515.083333333333,5888.25,6302.5,6724.166666666667,7067.5,1388.6666666666667,1260.3333333333333,1233.4166666666667,1209.8333333333333,1264.4166666666667,1274.5833333333333,1410.5833333333333,1561.8333333333333,2125.6666666666665,2629.5,2990.0,2963.25,2687.6666666666665,2683.6666666666665,3114.9166666666665,2979.8333333333335,2420.0,2185.8333333333335,2071.5833333333335,1907.1666666666667,1778.75,1679.25,1476.9166666666667,1396.1666666666667,18.083333333333332,12.75,10.333333333333334,8.333333333333334,8.833333333333334,11.666666666666666,24.416666666666668,75.83333333333333,250.75,465.1666666666667,508.5833333333333,483.9166666666667,384.9166666666667,372.9166666666667,430.0833333333333,362.0833333333333,246.33333333333334,146.16666666666666,109.66666666666667,82.58333333333333,68.91666666666667,55.25,47.916666666666664,30.916666666666668,367123.8333333333,381046.8333333333,379200.25,272982.3333333333,646086.1666666666,551220.75,1027379.5833333334,3197207.5833333335,11023235.25,31011702.416666668,44488203.916666664,36778103.833333336,19673689.75,20704664.75,27415090.25,21518763.916666668,13743473.416666666,5932814.5,2875232.1666666665,1643663.0,1823588.0833333333,946124.3333333334,864632.75,428878.75,1100.3333333333333,4806172.416666667,225.0,183697081.66666666,83.0,20325165.833333332,179.08333333333334,11666534.916666666,216.91666666666666,36572429.166666664,,,,,15348.833333333334,185413267.41666666,12856.75,86787941.5,1307.9166666666667,18882168.5,23853.416666666668,2240274532.75,122.83333333333333,19573833.333333332,52.0,30261150.0,,,125.33333333333333,593.4166666666666,324.4166666666667,2.5,465.4166666666667,120.25,251.83333333333334,516.5,292.4166666666667,256.9166666666667,844.1666666666666,268.0,170.75,1130.8333333333333,336.5,101.41666666666667,1250.6666666666667,339.9166666666667,48.25,1342.6666666666667,301.8333333333333,127947.33333333333,5808336.416666667,25966900.0,57817082.5,62068850.833333336,55538834.083333336,39733988.333333336,11.666666666666666,285.0833333333333,687.5833333333334,923.8333333333334,926.25,770.4166666666666,601.25
2614063000,서구 초장동,74.25,93.33333333333333,1644.5,1614.6666666666667,194.08333333333334,200.66666666666666,18.583333333333332,31.666666666666668,655666.6666666666,943500.0,48.166666666666664,42.166666666666664,39.666666666666664,38.333333333333336,36.75,43.916666666666664,53.833333333333336,89.5,178.16666666666666,324.75,342.8333333333333,351.75,332.0,342.75,338.8333333333333,285.9166666666667,256.9166666666667,203.83333333333334,151.83333333333334,122.91666666666667,115.41666666666667,107.58333333333333,103.33333333333333,96.75,4228.25,4339.416666666667,4405.916666666667,4448.083333333333,4443.0,4397.916666666667,4234.333333333333,3892.8333333333335,3383.6666666666665,2875.6666666666665,2535.5833333333335,2328.4166666666665,2244.5833333333335,2173.25,2102.8333333333335,2108.8333333333335,2188.0833333333335,2349.4166666666665,2575.6666666666665,2865.0,3155.1666666666665,3420.5,3658.6666666666665,3884.0833333333335,368.0833333333333,351.75,342.9166666666667,336.75,352.25,346.5,356.4166666666667,376.1666666666667,406.1666666666667,422.5833333333333,453.75,438.1666666666667,417.1666666666667,411.75,416.5,432.0,438.4166666666667,408.9166666666667,437.0,417.0833333333333,424.0833333333333,403.9166666666667,372.9166666666667,359.5,6.285714285714286,5.25,5.0,5.0,,5.2,5.4,5.363636363636363,6.333333333333333,5.5,6.75,6.583333333333333,7.583333333333333,7.833333333333333,7.333333333333333,7.0,7.166666666666667,7.333333333333333,7.583333333333333,7.166666666666667,6.75,6.333333333333333,6.083333333333333,6.555555555555555,247782.57142857142,511358.5,1767453.0,10894.0,,130321.6,216835.2,74069.27272727272,221656.75,288775.8333333333,183238.83333333334,191041.16666666666,164145.08333333334,276275.4166666667,291480.3333333333,232077.0,241550.33333333334,239915.33333333334,248159.58333333334,267578.0,198970.75,187164.83333333334,99927.16666666667,139344.11111111112,77.0,77.0,157.58333333333334,16620149.583333334,41.416666666666664,9849791.666666666,49.833333333333336,1563099.5,273.5833333333333,21944276.166666668,,,,,404.5833333333333,9358359.75,400.8333333333333,5625770.833333333,67.91666666666667,7344097.666666667,,,128.58333333333334,5102132.5,56.083333333333336,8235132.5,,,5.5,296.6666666666667,33.0,34.0,197.58333333333334,50.25,16.166666666666668,304.25,39.75,13.666666666666666,422.75,56.583333333333336,37.833333333333336,589.0,79.75,35.416666666666664,674.4166666666666,73.16666666666667,22.416666666666668,772.4166666666666,59.583333333333336,63951.0,115266.91666666667,303657.4166666667,429241.25,454767.5,432077.9166666667,238981.83333333334,6.25,6.583333333333333,12.0,14.0,14.25,8.333333333333334,6.333333333333333
2614064000,서구 충무동,1013.0833333333334,914.5833333333334,2883.1666666666665,2650.5833333333335,1308.0,1356.6666666666667,2256.5,3017.9166666666665,77451666.66666667,85535666.66666667,288.4166666666667,233.25,209.83333333333334,208.91666666666666,214.08333333333334,317.8333333333333,465.6666666666667,861.25,1674.5833333333333,3419.5,3832.3333333333335,4028.5,3933.0,4097.666666666667,4054.25,3835.6666666666665,3629.75,3273.8333333333335,2406.9166666666665,1519.0,1198.9166666666667,982.75,840.4166666666666,743.0833333333334,6808.083333333333,6997.083333333333,7105.666666666667,7187.75,7149.166666666667,7121.583333333333,6909.583333333333,6426.166666666667,5750.75,5091.083333333333,4637.083333333333,4352.666666666667,4191.666666666667,4092.4166666666665,3961.3333333333335,3910.0833333333335,4034.8333333333335,4241.916666666667,4541.416666666667,4927.666666666667,5269.083333333333,5659.916666666667,6065.333333333333,6395.916666666667,1509.5833333333333,1321.0833333333333,1205.0,1120.25,1142.5833333333333,1201.5833333333333,1386.4166666666667,1766.6666666666667,2311.1666666666665,2744.25,3317.6666666666665,3694.5,4142.0,3945.0833333333335,4017.25,4117.333333333333,3979.5,3808.0833333333335,3741.1666666666665,3504.0833333333335,3138.4166666666665,2689.3333333333335,2263.9166666666665,1903.1666666666667,50.0,30.833333333333332,22.333333333333332,15.833333333333334,13.75,25.666666666666668,57.583333333333336,91.0,190.91666666666666,321.75,397.9166666666667,469.3333333333333,559.25,343.6666666666667,406.5833333333333,412.5,409.25,370.25,320.5,249.5,194.75,142.5,107.0,70.91666666666667,1007775.0,680666.4166666666,447913.1666666667,315497.0833333333,452242.5833333333,505575.75,1426438.5833333333,2108884.6666666665,4101845.75,10939868.5,17984487.583333332,17211337.75,15255999.5,10754897.0,13650433.166666666,14050883.916666666,12499534.083333334,10313725.666666666,8861930.25,7962223.75,5791819.75,3294549.3333333335,2001145.75,1472938.5833333333,158.33333333333334,4887816.75,2684.25,95834044.91666667,76.08333333333333,20416524.166666668,431.9166666666667,21532816.916666668,4497.666666666667,361088678.4166667,143.16666666666666,12133529.0,,,27658.083333333332,706578825.6666666,24566.083333333332,226503446.0,4773.666666666667,233687787.33333334,15573.666666666666,644235939.4166666,743.8333333333334,75392445.33333333,1351.5833333333333,38080967.333333336,,,143.41666666666666,639.0833333333334,297.5833333333333,221.0,609.5,209.0,223.41666666666666,615.5833333333334,312.5833333333333,316.5833333333333,706.75,386.9166666666667,413.0833333333333,956.0833333333334,533.75,374.0833333333333,989.25,537.9166666666666,233.91666666666666,1015.5,384.6666666666667,224378.58333333334,7396683.0,19798496.083333332,29498217.666666668,38728670.25,44499238.75,22847436.0,25.916666666666668,450.9166666666667,952.5833333333334,1015.9166666666666,1195.75,1070.1666666666667,560.6666666666666
2614065000,서구 남부민1동,222.75,235.58333333333334,1864.5833333333333,1953.0833333333333,362.1666666666667,423.3333333333333,227.25,506.8333333333333,8316250.0,13667250.0,89.41666666666667,81.0,75.58333333333333,70.66666666666667,75.25,96.91666666666667,131.58333333333334,251.58333333333334,584.3333333333334,891.25,973.5,991.25,865.75,953.6666666666666,986.5833333333334,942.0,859.8333333333334,669.3333333333334,435.1666666666667,268.0833333333333,217.41666666666666,193.75,174.25,155.16666666666666,4895.333333333333,5007.333333333333,5065.25,5096.166666666667,5089.5,5035.333333333333,4841.416666666667,4435.5,3908.25,3385.3333333333335,3062.3333333333335,2859.75,2744.5833333333335,2664.0,2597.9166666666665,2585.75,2681.6666666666665,2852.0,3067.9166666666665,3384.4166666666665,3657.3333333333335,3951.4166666666665,4257.083333333333,4527.0,559.0,523.1666666666666,506.4166666666667,483.4166666666667,529.9166666666666,598.4166666666666,682.5,782.6666666666666,897.9166666666666,930.9166666666666,968.6666666666666,997.5,1015.0833333333334,989.6666666666666,1011.6666666666666,1023.4166666666666,997.3333333333334,952.8333333333334,922.3333333333334,824.5833333333334,741.6666666666666,700.9166666666666,640.8333333333334,601.0,10.083333333333334,8.25,7.583333333333333,7.25,7.75,13.416666666666666,30.083333333333332,42.083333333333336,41.25,44.916666666666664,42.0,52.0,65.5,49.916666666666664,44.333333333333336,45.25,43.583333333333336,44.333333333333336,38.666666666666664,32.666666666666664,29.0,24.416666666666668,17.25,11.916666666666666,90435.08333333333,69262.91666666667,90273.91666666667,124467.25,265590.6666666667,182828.91666666666,892935.25,983228.5833333334,1256069.6666666667,1779203.8333333333,1749405.8333333333,1847055.25,1972761.1666666667,1657588.0,1373271.4166666667,1549054.75,1250099.0833333333,1385890.9166666667,1110951.25,901844.8333333334,859287.0833333334,618740.0833333334,342349.8333333333,130658.16666666667,36.4,21688447.8,571.8333333333334,14822318.25,42.27272727272727,5837104.454545454,57.25,2536230.9166666665,1713.8333333333333,24741306.25,36.0,1900363.7142857143,,,3212.4166666666665,76232028.5,1643.25,17854993.083333332,958.25,53141930.333333336,489.1666666666667,13317434.5,101.0909090909091,31387433.09090909,814.6666666666666,20297531.416666668,408.0833333333333,14685645.333333334,28.833333333333332,358.9166666666667,69.75,7.166666666666667,298.3333333333333,56.333333333333336,74.41666666666667,412.0,94.33333333333333,75.33333333333333,483.75,109.83333333333333,117.33333333333333,711.5,147.16666666666666,101.83333333333333,807.9166666666666,174.66666666666666,51.25,742.4166666666666,130.66666666666666,63908.833333333336,1188133.3333333333,3183124.8333333335,4326864.083333333,5200041.5,5803312.583333333,2268085.3333333335,11.333333333333334,72.41666666666667,135.25,143.25,173.5,134.75,68.25
2614066000,서구 남부민2동,292.25,376.9166666666667,3906.9166666666665,3673.4166666666665,467.25,608.1666666666666,341.5,654.1666666666666,10506416.666666666,17912750.0,62.25,55.583333333333336,53.666666666666664,54.0,58.75,87.16666666666667,166.16666666666666,401.3333333333333,1028.75,1515.6666666666667,1579.9166666666667,1606.1666666666667,1500.5,1540.6666666666667,1486.8333333333333,1290.75,1188.75,956.8333333333334,601.5,316.25,205.83333333333334,149.33333333333334,101.66666666666667,82.75,9535.083333333334,9725.25,9840.333333333334,9920.25,9951.666666666666,9841.583333333334,9475.916666666666,8799.416666666666,7735.833333333333,6635.333333333333,6040.583333333333,5670.5,5456.75,5334.5,5201.333333333333,5228.333333333333,5495.416666666667,5845.5,6304.666666666667,6924.833333333333,7468.25,7970.333333333333,8526.333333333334,9005.083333333334,723.3333333333334,677.75,656.3333333333334,657.6666666666666,738.0,857.5833333333334,1195.25,1196.4166666666667,1375.9166666666667,1432.4166666666667,1510.0833333333333,1520.1666666666667,1427.6666666666667,1378.3333333333333,1393.4166666666667,1329.9166666666667,1269.0,1162.0833333333333,1125.1666666666667,1024.0833333333333,923.8333333333334,845.0833333333334,756.75,657.0833333333334,8.666666666666666,6.916666666666667,6.416666666666667,6.083333333333333,6.166666666666667,10.166666666666666,22.416666666666668,34.5,33.416666666666664,50.75,58.166666666666664,70.33333333333333,93.66666666666667,65.66666666666667,69.41666666666667,68.08333333333333,71.0,81.25,78.25,69.66666666666667,39.833333333333336,31.416666666666668,21.166666666666668,10.833333333333334,460416.5833333333,159448.25,117639.66666666667,105220.5,162967.25,376493.4166666667,436528.1666666667,605553.4166666666,964908.5833333334,1410664.75,1836504.9166666667,2320053.75,2517659.1666666665,2117964.25,2217827.1666666665,2052816.0,2166280.25,2511687.9166666665,1910700.0833333333,1879851.4166666667,1145685.75,896707.5833333334,449679.25,337261.9166666667,35.0,67058943.0,462.1666666666667,31189557.916666668,76.5,24338825.333333332,171.08333333333334,12175524.416666666,512.1666666666666,13796830.666666666,66.58333333333333,8507180.666666666,,,5888.0,153208038.25,6893.666666666667,84059696.0,314.0,22937425.5,1017.9166666666666,32576702.75,111.4,9369167.4,78.66666666666667,12110311.666666666,263.6666666666667,12522465.25,56.0,710.9166666666666,82.08333333333333,156.08333333333334,697.5833333333334,113.41666666666667,85.5,820.5833333333334,113.91666666666667,96.83333333333333,962.75,157.16666666666666,119.58333333333333,1407.75,222.66666666666666,112.75,1544.25,231.5,39.75,1434.25,152.25,198421.75,999428.1666666666,3967853.6666666665,5899763.25,7160808.25,7119737.083333333,3171394.1666666665,8.166666666666666,63.583333333333336,168.25,217.25,250.08333333333334,199.25,91.08333333333333
2614068000,서구 암남동,1327.4166666666667,1625.75,6318.5,5843.166666666667,2364.9166666666665,2675.5,3499.25,5325.083333333333,154100583.33333334,219141000.0,391.8333333333333,344.8333333333333,320.4166666666667,314.5833333333333,324.0,377.0833333333333,718.5,1968.25,4228.75,5901.833333333333,6315.75,6495.666666666667,6317.25,6484.083333333333,6477.166666666667,6250.25,5700.416666666667,4733.416666666667,2751.4166666666665,1538.75,1125.4166666666667,903.5,709.0833333333334,517.75,14738.166666666666,14984.25,15124.833333333334,15222.25,15114.416666666666,15004.666666666666,14664.0,13993.0,12601.5,11261.75,10290.583333333334,9615.083333333334,9238.416666666666,9035.25,8865.666666666666,8860.5,9183.166666666666,9708.5,10433.333333333334,11290.25,12074.916666666666,12861.166666666666,13627.666666666666,14245.166666666666,3432.3333333333335,3213.8333333333335,3085.5833333333335,3045.5833333333335,3079.0833333333335,3110.6666666666665,3561.5833333333335,4261.083333333333,4874.75,5414.75,6165.916666666667,6551.25,6728.75,6790.666666666667,7289.416666666667,7323.083333333333,6747.5,6308.0,5865.416666666667,5724.166666666667,5396.833333333333,4992.25,4443.666666666667,3796.8333333333335,88.91666666666667,48.75,27.916666666666668,19.083333333333332,19.083333333333332,33.166666666666664,103.16666666666667,204.58333333333334,318.8333333333333,467.3333333333333,589.75,739.75,845.9166666666666,673.75,700.4166666666666,669.5,601.4166666666666,517.0833333333334,498.5,466.6666666666667,428.5833333333333,351.9166666666667,256.4166666666667,154.66666666666666,2398538.8333333335,1212310.75,665250.6666666666,501401.9166666667,621580.3333333334,808580.8333333334,2837134.0,6964652.75,12061087.25,29523837.75,40155367.916666664,39519362.25,33835748.583333336,29883535.333333332,32230288.5,29027526.083333332,23794893.25,17932957.5,15012263.583333334,16536502.333333334,15395775.083333334,10697518.666666666,7011269.083333333,4706832.5,103.0,649286.75,426.0,197674593.83333334,64.33333333333333,30222818.083333332,233.66666666666666,8638666.416666666,16214.166666666666,776289069.9166666,1277.9166666666667,159012450.08333334,,,58106.166666666664,1424666179.5,47535.833333333336,469100822.0,2587.9166666666665,132248248.66666667,16960.416666666668,1754616608.5,138.83333333333334,22051255.5,574.5,12883980.416666666,1031.5833333333333,63147298.75,328.1666666666667,1543.9166666666667,711.1666666666666,95.58333333333333,1678.5833333333333,490.5,522.0833333333334,1265.8333333333333,791.75,683.8333333333334,1464.6666666666667,896.0833333333334,773.5,2221.5833333333335,952.1666666666666,427.0,2055.4166666666665,761.0833333333334,120.25,1929.75,435.4166666666667,655003.75,18133111.25,52958221.833333336,92763114.08333333,100049042.5,78523248.33333333,30160900.666666668,66.5,887.1666666666666,1766.1666666666667,2239.1666666666665,2011.3333333333333,1343.1666666666667,508.6666666666667
2617051000,동구 초량1동,951.1666666666666,863.5833333333334,1955.3333333333333,1842.9166666666667,1203.25,1338.8333333333333,1926.25,2786.4166666666665,65617500.0,71274333.33333333,167.16666666666666,137.83333333333334,123.16666666666667,111.33333333333333,116.66666666666667,134.25,212.91666666666666,386.1666666666667,1211.5,3567.5,4155.666666666667,4311.0,3819.5833333333335,4133.083333333333,4186.166666666667,4018.5,3818.3333333333335,3449.6666666666665,2495.6666666666665,1113.6666666666667,780.5,540.9166666666666,345.8333333333333,240.16666666666666,4792.0,4909.75,4993.666666666667,5018.666666666667,5021.75,5007.25,4866.916666666667,4570.25,4059.0,3399.5,3032.0833333333335,2821.75,2710.75,2635.6666666666665,2538.5833333333335,2528.0833333333335,2605.5,2786.6666666666665,3028.75,3394.1666666666665,3648.9166666666665,3963.6666666666665,4285.25,4551.833333333333,1823.4166666666667,1749.75,1693.75,1671.3333333333333,1711.4166666666667,1735.0,1852.5833333333333,1976.3333333333333,2523.4166666666665,2553.5,2672.5,2863.75,3479.4166666666665,3500.25,3388.1666666666665,3217.75,2907.75,3335.4166666666665,3657.4166666666665,3477.4166666666665,2703.3333333333335,2505.0,2117.9166666666665,1907.0,73.5,51.333333333333336,30.5,21.25,20.833333333333332,25.333333333333332,45.666666666666664,89.5,182.91666666666666,175.33333333333334,185.25,306.8333333333333,493.5833333333333,408.9166666666667,340.4166666666667,296.9166666666667,286.9166666666667,301.6666666666667,350.5833333333333,328.9166666666667,249.58333333333334,189.0,150.41666666666666,105.83333333333333,1541985.1666666667,1053138.25,635268.25,1152987.0833333333,844490.5833333334,334859.0,487020.75,847356.0833333334,1777213.9166666667,5518047.583333333,12668184.916666666,12436415.166666666,11459449.333333334,12574240.916666666,11235663.833333334,10077807.166666666,8896801.0,8316050.5,8071675.0,8835929.0,7585832.083333333,4867665.583333333,3425882.3333333335,2324974.9166666665,123.0,11591935.0,2715.0,49073699.916666664,65.33333333333333,16921499.666666668,364.25,142944538.5,1747.4166666666667,35603303.25,1004.6666666666666,92375172.91666667,,,42798.083333333336,1109336188.3333333,28498.5,226431051.41666666,1978.1666666666667,55997900.5,1463.1666666666667,239741157.0,270.75,26750671.833333332,1875.0833333333333,34741360.666666664,101.91666666666667,3834496.5833333335,244.08333333333334,455.25,541.1666666666666,51.0,403.1666666666667,207.75,416.0833333333333,524.5,427.9166666666667,421.0833333333333,496.5833333333333,404.25,371.9166666666667,673.8333333333334,428.75,251.66666666666666,648.0833333333334,325.8333333333333,56.583333333333336,594.25,204.0,735066.75,16758287.25,31480929.916666668,29358989.166666668,30488572.666666668,20973377.583333332,7115619.666666667,36.916666666666664,849.4166666666666,1299.1666666666667,1003.3333333333334,863.0,483.4166666666667,175.75
2617052000,동구 초량2동,443.0833333333333,336.75,2374.9166666666665,2021.1666666666667,1085.0833333333333,1219.75,2832.0,3956.25,61079916.666666664,101050333.33333333,142.83333333333334,120.66666666666667,101.16666666666667,94.16666666666667,92.0,98.91666666666667,125.83333333333333,233.91666666666666,628.5,1329.5,1618.5,1701.5833333333333,1572.25,1655.1666666666667,1708.0833333333333,1612.8333333333333,1540.0,1379.9166666666667,1043.6666666666667,651.8333333333334,479.5,359.9166666666667,256.1666666666667,201.91666666666666,5564.0,5686.833333333333,5749.583333333333,5591.583333333333,5712.5,5721.0,5501.166666666667,5085.75,4523.916666666667,3846.8333333333335,3533.4166666666665,3329.3333333333335,3223.6666666666665,3140.6666666666665,3058.8333333333335,3043.5,3167.0833333333335,3402.0833333333335,3699.5833333333335,4025.5833333333335,4279.666666666667,4580.416666666667,4895.5,5156.416666666667,1644.5833333333333,1398.0,1133.25,1001.25,988.0,1024.1666666666667,1044.8333333333333,1263.5833333333333,1756.4166666666667,1999.9166666666667,2539.4166666666665,2811.6666666666665,3462.25,3465.0833333333335,3430.5833333333335,3149.9166666666665,3067.6666666666665,3238.5833333333335,3485.5833333333335,3567.25,3152.5,2692.0833333333335,2241.9166666666665,1768.1666666666667,107.58333333333333,86.25,57.416666666666664,45.416666666666664,40.333333333333336,42.416666666666664,51.916666666666664,75.08333333333333,132.58333333333334,219.41666666666666,325.4166666666667,479.3333333333333,643.8333333333334,528.25,484.4166666666667,430.4166666666667,443.25,485.75,521.0,496.8333333333333,410.9166666666667,311.5833333333333,214.33333333333334,150.08333333333334,3725907.8333333335,3229065.25,2307933.0,1849164.75,1697038.8333333333,1226637.0833333333,825652.5833333334,714367.4166666666,1360228.0,3491073.3333333335,7115935.5,10361838.083333334,12123493.5,11599476.5,11906682.833333334,10876088.583333334,11396098.583333334,11465664.666666666,11131072.666666666,12833873.666666666,11362896.25,8458751.916666666,6258719.25,4834040.0,137.41666666666666,32841732.333333332,2175.6666666666665,37152582.166666664,154.83333333333334,5216077.916666667,1299.1666666666667,39076292.0,5146.916666666667,85185841.66666667,386.3333333333333,17675772.416666668,,,70350.41666666667,1697412848.1666667,30076.666666666668,301971801.6666667,3765.8333333333335,105588994.25,6635.75,243020964.41666666,269.5833333333333,31584884.833333332,386.5,75897039.58333333,,,79.83333333333333,484.0833333333333,428.0833333333333,68.75,371.0,241.83333333333334,123.58333333333333,495.1666666666667,342.0,133.33333333333334,543.4166666666666,335.25,155.33333333333334,804.0833333333334,394.75,134.08333333333334,888.6666666666666,333.4166666666667,82.58333333333333,806.9166666666666,227.16666666666666,831248.0833333334,18104384.25,29919523.25,32865582.25,38202050.166666664,29718665.416666668,12489787.916666666,100.16666666666667,1208.5833333333333,1595.3333333333333,1387.1666666666667,1350.1666666666667,820.25,324.5
2617053000,동구 초량3동,2127.8333333333335,2100.0,3779.75,3439.0833333333335,3033.8333333333335,3318.9166666666665,11412.583333333334,14829.583333333334,184465833.33333334,281508666.6666667,413.8333333333333,337.9166666666667,312.0833333333333,317.4166666666667,298.9166666666667,347.25,741.5833333333334,1905.4166666666667,3464.0,8046.75,9226.333333333334,9497.416666666666,8783.5,9341.5,9435.583333333334,9165.75,8779.166666666666,7831.5,5638.833333333333,2614.75,1899.25,1404.3333333333333,1015.5,761.25,8933.333333333334,9166.083333333334,9297.916666666666,9395.5,9316.416666666666,9295.416666666666,9077.5,8671.583333333334,7781.666666666667,6413.166666666667,5725.0,5267.833333333333,5032.166666666667,4955.583333333333,4869.25,4901.5,5166.916666666667,5549.0,6036.5,6610.5,7128.0,7694.083333333333,8278.083333333334,8754.583333333334,2968.9166666666665,2658.0833333333335,2329.1666666666665,2395.1666666666665,2290.6666666666665,2699.6666666666665,3182.1666666666665,4513.666666666667,6727.25,6755.25,8037.333333333333,7828.416666666667,9004.666666666666,9973.083333333334,9377.833333333334,9765.416666666666,9388.083333333334,9444.5,9841.0,9459.333333333334,7927.583333333333,6675.166666666667,5316.75,3981.6666666666665,198.08333333333334,153.83333333333334,115.0,86.91666666666667,151.33333333333334,289.8333333333333,469.5,754.5,1270.9166666666667,1365.25,1399.6666666666667,1640.0,2425.9166666666665,2059.0833333333335,1765.3333333333333,1793.0,1855.6666666666667,1762.5833333333333,1907.0,1758.5,1275.6666666666667,922.25,528.25,295.4166666666667,4645236.25,3883400.8333333335,3295178.8333333335,2487442.5833333335,3176223.5833333335,4549179.75,6214532.333333333,11311005.25,19255545.083333332,23187207.083333332,31016740.166666668,34488350.75,40388493.833333336,34545502.916666664,32026328.166666668,33208076.916666668,30760740.083333332,30793566.916666668,32349379.666666668,28799106.666666668,22084940.666666668,16174773.416666666,10139834.666666666,7194714.083333333,172.33333333333334,10375153.75,29035.333333333332,385413840.5,365.0833333333333,51029331.5,436.4166666666667,60484488.166666664,9301.833333333334,460685936.8333333,1591.75,143796403.0,,,84466.83333333333,1441679064.0833333,275114.9166666667,2640239180.5833335,4202.166666666667,93982114.91666667,3903.8333333333335,485106376.8333333,136.66666666666666,25787292.0,2380.5,46063034.916666664,6386.416666666667,226389031.41666666,666.3333333333334,854.75,1101.0,88.41666666666667,921.5833333333334,683.6666666666666,1012.75,847.9166666666666,1053.6666666666667,926.5833333333334,1005.4166666666666,1065.6666666666667,904.6666666666666,1187.0833333333333,1173.75,478.75,1273.4166666666667,832.3333333333334,147.58333333333334,1126.4166666666667,439.5833333333333,2138806.8333333335,49138519.083333336,92791429.08333333,100550156.33333333,101188693.91666667,83291822.41666667,36876081.25,231.41666666666666,4615.25,6794.166666666667,5335.416666666667,4863.416666666667,3137.1666666666665,1262.75
2617055000,동구 초량6동,251.75,332.0,2664.8333333333335,2433.5,416.3333333333333,389.4166666666667,152.75,264.25,3242833.3333333335,3750083.3333333335,122.16666666666667,111.08333333333333,106.91666666666667,117.5,109.08333333333333,107.75,119.5,198.33333333333334,610.4166666666666,1337.6666666666667,1429.1666666666667,1451.5,1423.0,1422.25,1326.0,1006.5,820.8333333333334,577.3333333333334,434.5833333333333,313.8333333333333,272.9166666666667,256.5833333333333,236.5,219.5,6358.5,6490.666666666667,6573.5,6596.916666666667,6577.75,6527.0,6305.75,5967.0,5360.833333333333,4571.5,4126.083333333333,3813.8333333333335,3674.5833333333335,3599.5,3492.5,3487.3333333333335,3659.4166666666665,3905.9166666666665,4226.083333333333,4652.833333333333,5002.083333333333,5394.833333333333,5816.583333333333,6191.666666666667,567.3333333333334,525.6666666666666,513.75,531.0,491.5,503.8333333333333,545.6666666666666,639.6666666666666,866.5833333333334,1000.9166666666666,1065.9166666666667,1097.9166666666667,1081.0833333333333,1085.9166666666667,1113.75,1081.4166666666667,1037.1666666666667,943.5,874.0833333333334,851.4166666666666,832.5,777.5,733.1666666666666,691.1666666666666,8.75,7.583333333333333,7.0,6.166666666666667,5.916666666666667,6.416666666666667,8.166666666666666,13.333333333333334,11.666666666666666,11.833333333333334,13.166666666666666,24.916666666666668,46.416666666666664,37.916666666666664,32.0,28.166666666666668,27.083333333333332,26.166666666666668,30.833333333333332,26.583333333333332,20.75,18.75,16.25,12.416666666666666,85257.5,76307.16666666667,74997.25,53770.75,51706.083333333336,72408.5,95045.25,127854.91666666667,219983.66666666666,153432.83333333334,281610.75,516149.1666666667,826906.5,702892.0,666020.0833333334,581151.0833333334,538005.5833333334,517400.5833333333,495893.5833333333,401093.0833333333,386495.75,219574.66666666666,178396.66666666666,116810.33333333333,37.333333333333336,4183650.3333333335,179.0,19822863.583333332,57.916666666666664,22523597.75,54.083333333333336,2159769.25,249.08333333333334,14549105.25,,,,,2695.3333333333335,46745152.416666664,4188.583333333333,36408087.25,277.8333333333333,2410962.5,119.16666666666667,1380728.1666666667,87.83333333333333,3671342.5,68.66666666666667,10734790.666666666,,,25.333333333333332,480.25,71.41666666666667,280.6666666666667,668.5833333333334,169.58333333333334,37.333333333333336,441.9166666666667,82.16666666666667,56.75,644.5833333333334,114.16666666666667,64.41666666666667,832.0833333333334,131.5,64.91666666666667,917.4166666666666,125.0,52.0,1111.0833333333333,109.66666666666667,32765.833333333332,564208.9166666666,1589706.0,2013349.5,1628820.9166666667,903143.4166666666,294300.75,8.333333333333334,56.916666666666664,86.58333333333333,99.25,94.58333333333333,54.166666666666664,19.333333333333332
2617056000,동구 수정1동,338.0,198.75,1584.75,1321.9166666666667,710.0833333333334,648.0,214.83333333333334,316.5,6403000.0,8467000.0,101.5,88.83333333333333,83.33333333333333,77.0,78.33333333333333,84.16666666666667,108.75,158.25,426.0833333333333,1048.6666666666667,1217.3333333333333,1263.1666666666667,1222.0,1226.9166666666667,1236.5833333333333,1031.5833333333333,962.0833333333334,816.5833333333334,537.0,347.0,267.0833333333333,207.25,162.58333333333334,136.66666666666666,3781.1666666666665,3902.5,3969.8333333333335,3940.0833333333335,3968.6666666666665,3972.0833333333335,3844.9166666666665,3554.4166666666665,3071.0,2509.9166666666665,2214.75,2055.5,1983.6666666666667,1939.1666666666667,1884.0833333333333,1881.0833333333333,1983.0833333333333,2108.25,2286.0,2534.4166666666665,2733.5833333333335,2977.5833333333335,3234.4166666666665,3439.5833333333335,1065.4166666666667,989.6666666666666,959.1666666666666,888.0833333333334,953.75,987.25,1044.3333333333333,1106.6666666666667,1286.4166666666667,1408.0833333333333,1498.9166666666667,1640.75,1914.8333333333333,1707.5833333333333,1718.0833333333333,1697.4166666666667,1682.4166666666667,1599.4166666666667,1620.1666666666667,1605.4166666666667,1596.4166666666667,1395.1666666666667,1207.25,1015.0833333333334,9.25,7.166666666666667,7.25,6.083333333333333,6.083333333333333,8.25,8.166666666666666,12.75,20.25,17.833333333333332,20.916666666666668,29.25,65.08333333333333,46.5,34.416666666666664,33.083333333333336,34.75,34.166666666666664,41.583333333333336,33.0,27.5,23.0,18.666666666666668,12.0,121040.83333333333,104798.91666666667,151074.25,87012.33333333333,63697.416666666664,81926.5,66779.5,112784.91666666667,204205.08333333334,503829.0833333333,920258.0,1250297.25,1976675.25,1256864.3333333333,1257103.75,1084174.1666666667,1111195.0833333333,1075132.9166666667,989513.5,958017.6666666666,793855.9166666666,540114.6666666666,479323.5833333333,208129.0,112.16666666666667,4717901.166666667,185.83333333333334,10962677.666666666,57.416666666666664,15064915.416666666,189.58333333333334,13448653.75,531.5833333333334,29957296.5,36.75,2018863.0,,,3278.75,92753009.58333333,5197.333333333333,41914247.0,64.16666666666667,4177300.1666666665,137.58333333333334,34856625.5,124.91666666666667,5653440.833333333,132.83333333333334,21538683.0,,,47.916666666666664,288.8333333333333,181.5,122.16666666666667,358.5,199.41666666666666,76.08333333333333,325.3333333333333,193.83333333333334,89.75,377.0,218.5,98.91666666666667,433.3333333333333,231.91666666666666,62.916666666666664,492.3333333333333,188.91666666666666,36.25,628.5833333333334,141.0,56745.083333333336,1501080.0833333333,3389684.1666666665,3300955.25,3487909.25,2200803.6666666665,1147601.9166666667,6.5,74.5,165.83333333333334,135.0,94.5,44.916666666666664,14.416666666666666
2617057000,동구 수정2동,1241.6666666666667,738.4166666666666,3449.5,3009.9166666666665,1544.3333333333333,1518.5,2665.9166666666665,2995.3333333333335,58160166.666666664,65168000.0,448.25,392.5833333333333,367.5,354.75,277.5833333333333,325.3333333333333,451.25,785.5,1713.3333333333333,3406.8333333333335,3805.25,3949.8333333333335,3793.5,3910.0,3879.0,3736.9166666666665,3593.75,3258.1666666666665,2639.4166666666665,1729.0833333333333,1501.6666666666667,1284.0833333333333,1043.5,935.3333333333334,7973.916666666667,8131.75,8222.0,8251.833333333334,8077.25,8079.5,7904.083333333333,7440.5,6705.5,5752.166666666667,5220.833333333333,4930.5,4800.666666666667,4718.0,4599.333333333333,4597.5,4783.0,5129.583333333333,5517.583333333333,6019.25,6426.583333333333,6844.666666666667,7285.166666666667,7655.833333333333,1971.6666666666667,1745.75,1627.75,1563.5833333333333,1541.5,1551.4166666666667,1856.0833333333333,2016.4166666666667,2890.5,3111.1666666666665,3355.5,3772.25,4178.583333333333,4050.9166666666665,3987.3333333333335,4138.333333333333,4015.1666666666665,4086.1666666666665,4555.666666666667,4295.5,4104.25,3533.0833333333335,3054.0,2570.0833333333335,42.5,27.333333333333332,16.75,13.416666666666666,9.833333333333334,21.5,24.583333333333332,54.416666666666664,205.91666666666666,225.58333333333334,317.4166666666667,424.3333333333333,664.4166666666666,401.0833333333333,390.25,380.4166666666667,411.5833333333333,446.9166666666667,496.4166666666667,385.0,298.1666666666667,209.16666666666666,129.58333333333334,74.91666666666667,1583648.5833333333,1112126.5833333333,766545.0,546044.4166666666,414563.3333333333,289144.9166666667,225532.16666666666,605975.3333333334,1910283.4166666667,3662820.1666666665,6921546.333333333,9544817.333333334,12578212.0,8749923.333333334,9465781.333333334,8774806.333333334,8898640.0,9068400.083333334,9841509.0,9538363.75,7729974.25,5001966.25,3682522.0833333335,2744286.3333333335,645.0833333333334,1472034.25,1018.6666666666666,94289481.0,165.83333333333334,22230696.75,610.1666666666666,26851771.333333332,5986.583333333333,117661075.33333333,92.91666666666667,7281500.083333333,,,44240.416666666664,993335511.0833334,29097.583333333332,295113834.3333333,3661.25,149894907.41666666,7897.666666666667,236494366.08333334,567.0,56691098.333333336,2172.4166666666665,11396077.916666666,,,154.08333333333334,637.1666666666666,392.0,266.9166666666667,733.5,377.4166666666667,255.66666666666666,597.25,376.8333333333333,358.4166666666667,755.75,449.6666666666667,427.3333333333333,1147.6666666666667,550.0,279.3333333333333,1188.25,507.1666666666667,236.08333333333334,1397.5833333333333,407.5,237345.83333333334,7114100.166666667,20297219.25,29190230.0,31421771.166666668,23475107.166666668,11595540.666666666,34.666666666666664,505.8333333333333,1219.8333333333333,1311.4166666666667,1315.9166666666667,876.25,395.0
2617059000,동구 수정4동,99.33333333333333,79.91666666666667,1615.25,1529.25,358.8333333333333,315.5833333333333,82.5,163.0,3505250.0,4003916.6666666665,38.333333333333336,34.333333333333336,30.916666666666668,34.916666666666664,33.416666666666664,34.666666666666664,44.916666666666664,74.66666666666667,134.83333333333334,292.5833333333333,337.25,357.4166666666667,347.9166666666667,366.5833333333333,358.8333333333333,348.6666666666667,348.0,333.1666666666667,245.25,160.08333333333334,130.16666666666666,101.08333333333333,79.25,65.83333333333333,4083.5833333333335,4168.583333333333,4206.583333333333,4252.666666666667,4301.5,4215.166666666667,4025.9166666666665,3741.6666666666665,3229.6666666666665,2719.5,2388.6666666666665,2206.5,2142.9166666666665,2086.6666666666665,2026.3333333333333,2054.5833333333335,2179.75,2376.1666666666665,2576.8333333333335,2830.4166666666665,3065.0,3310.3333333333335,3547.6666666666665,3751.5833333333335,446.5833333333333,414.4166666666667,394.1666666666667,408.1666666666667,461.3333333333333,428.5833333333333,455.6666666666667,508.5,596.25,694.25,786.75,844.25,1017.5,874.9166666666666,850.5,863.25,871.0,878.5,918.9166666666666,894.25,815.6666666666666,719.75,590.25,483.4166666666667,5.75,5.333333333333333,5.875,5.4,5.090909090909091,5.833333333333333,7.083333333333333,7.833333333333333,9.5,11.166666666666666,12.833333333333334,16.75,25.833333333333332,16.833333333333332,16.083333333333332,17.583333333333332,18.166666666666668,19.416666666666668,20.833333333333332,19.0,14.166666666666666,11.583333333333334,9.416666666666666,7.416666666666667,116455.33333333333,65743.75,68901.25,36525.4,46071.454545454544,45668.583333333336,104943.91666666667,58198.083333333336,93814.58333333333,1554104.3333333333,1639642.5833333333,823116.8333333334,399412.25,385797.3333333333,516227.3333333333,527964.4166666666,416863.5,365754.1666666667,313021.5833333333,283763.4166666667,266604.0,219984.75,211254.0,285341.8333333333,39.416666666666664,6020075.75,146.58333333333334,8391696.0,47.166666666666664,36871858.666666664,58.916666666666664,5643466.25,195.0,4184778.0,,,,,2136.5833333333335,25356639.416666668,2143.6666666666665,20426469.083333332,71.91666666666667,3915012.3333333335,134.16666666666666,55792966.166666664,85.0,16295140.333333334,52.0,8037642.5,,,23.5,291.25,62.083333333333336,0.16666666666666666,271.5833333333333,74.41666666666667,12.333333333333334,243.25,68.25,33.25,401.1666666666667,93.08333333333333,42.833333333333336,553.4166666666666,126.66666666666667,33.833333333333336,651.25,126.91666666666667,31.75,730.1666666666666,120.75,55038.083333333336,273393.6666666667,764139.6666666666,2183021.0833333335,1729141.25,2028589.3333333333,585125.75,5.5,17.916666666666668,46.75,63.0,68.0,35.25,14.0
2617060000,동구 수정5동,183.33333333333334,101.66666666666667,2212.4166666666665,1914.5,292.3333333333333,283.8333333333333,101.83333333333333,149.0,3240916.6666666665,2674000.0,113.58333333333333,105.33333333333333,102.25,101.91666666666667,106.5,111.08333333333333,119.16666666666667,172.16666666666666,283.4166666666667,475.75,507.8333333333333,515.9166666666666,509.0,520.1666666666666,499.5833333333333,479.8333333333333,436.25,372.25,311.25,250.0,226.75,203.41666666666666,195.75,182.66666666666666,5288.333333333333,5418.5,5506.833333333333,5558.916666666667,5620.416666666667,5542.583333333333,5325.833333333333,4949.166666666667,4332.25,3628.0833333333335,3198.8333333333335,2956.6666666666665,2856.5,2786.8333333333335,2672.0,2669.3333333333335,2835.8333333333335,3024.75,3295.75,3663.25,3976.25,4304.083333333333,4670.583333333333,4980.25,509.9166666666667,478.0,467.3333333333333,464.3333333333333,510.6666666666667,496.0833333333333,494.0833333333333,543.9166666666666,623.0,595.75,608.4166666666666,615.0,615.8333333333334,609.75,610.3333333333334,617.25,630.1666666666666,615.1666666666666,624.75,653.3333333333334,655.6666666666666,641.9166666666666,615.1666666666666,590.9166666666666,8.333333333333334,7.416666666666667,6.416666666666667,6.333333333333333,6.25,7.083333333333333,7.25,8.75,9.583333333333334,12.583333333333334,10.833333333333334,14.083333333333334,16.083333333333332,13.166666666666666,14.666666666666666,15.25,19.916666666666668,18.0,20.75,21.666666666666668,15.916666666666666,14.416666666666666,11.416666666666666,9.083333333333334,90077.66666666667,89751.83333333333,80587.66666666667,56171.5,71901.75,81153.66666666667,106901.75,103628.08333333333,136835.58333333334,245398.33333333334,311115.0833333333,355083.8333333333,361155.3333333333,499456.4166666667,579536.8333333334,798360.1666666666,654733.0833333334,658566.9166666666,466507.75,393363.4166666667,208254.33333333334,163195.33333333334,154705.91666666666,130554.25,,,326.0,11728148.5,103.83333333333333,31702117.166666668,68.0,1820873.3333333333,249.58333333333334,10208989.0,,,,,490.5833333333333,6612832.416666667,3231.3333333333335,33235451.833333332,154.41666666666666,12045829.5,76.75,36747840.5,101.58333333333333,5593194.583333333,100.58333333333333,228065.5,,,7.916666666666667,385.6666666666667,47.166666666666664,48.083333333333336,526.3333333333334,70.66666666666667,24.833333333333332,357.0,58.916666666666664,41.333333333333336,557.9166666666666,73.91666666666667,69.5,701.8333333333334,103.5,58.166666666666664,784.25,117.66666666666667,32.666666666666664,811.5,102.0,27480.583333333332,662945.5,1717384.0,1328530.5,1026721.4166666666,874699.8333333334,335596.0833333333,6.083333333333333,24.666666666666668,48.583333333333336,54.583333333333336,64.08333333333333,42.166666666666664,15.333333333333334
2617064500,동구 좌천동,360.1666666666667,337.4166666666667,4021.5,3650.5833333333335,1304.8333333333333,1148.0833333333333,1694.5833333333333,1934.5,68424250.0,71667833.33333333,140.25,126.66666666666667,120.0,121.33333333333333,124.16666666666667,136.41666666666666,179.16666666666666,286.4166666666667,752.8333333333334,1330.4166666666667,1479.1666666666667,1533.0,1475.9166666666667,1406.5833333333333,1457.0833333333333,1386.4166666666667,1296.3333333333333,1129.6666666666667,720.0,471.9166666666667,365.3333333333333,307.8333333333333,224.75,183.66666666666666,9721.5,9965.833333333334,10106.166666666666,10197.916666666666,10218.833333333334,10106.416666666666,9761.416666666666,9136.416666666666,8053.916666666667,6782.25,6054.333333333333,5588.583333333333,5393.083333333333,5270.916666666667,5149.75,5148.916666666667,5374.75,5785.333333333333,6262.583333333333,6850.0,7409.416666666667,8015.25,8622.916666666666,9165.083333333334,1451.5833333333333,1411.1666666666667,1209.4166666666667,1182.4166666666667,1220.5,1357.5833333333333,1630.6666666666667,2046.1666666666667,2563.3333333333335,2820.3333333333335,3221.6666666666665,3558.6666666666665,3247.25,2782.5,3681.5,3439.0833333333335,3246.9166666666665,3399.25,3292.0,2760.75,2663.5833333333335,2439.8333333333335,2090.0833333333335,2161.0,15.583333333333334,12.0,9.333333333333334,8.416666666666666,10.25,14.666666666666666,22.583333333333332,43.666666666666664,108.33333333333333,294.9166666666667,383.5833333333333,383.3333333333333,289.5,219.91666666666666,315.0833333333333,304.8333333333333,276.1666666666667,194.75,194.25,158.66666666666666,139.41666666666666,106.25,81.08333333333333,48.5,273434.3333333333,241171.08333333334,163077.41666666666,137278.25,459682.0833333333,882322.1666666666,913789.8333333334,946507.6666666666,3265911.1666666665,14733764.916666666,21729822.25,19005583.583333332,12109813.583333334,7966122.583333333,12072756.583333334,11537131.666666666,9899122.583333334,6066092.833333333,5402289.416666667,3907049.75,3436598.75,2356775.0833333335,1946748.9166666667,980670.1666666666,100.0,80019371.0,287.25,65862181.083333336,69.83333333333333,16742120.5,79.16666666666667,5520385.25,322.75,20128333.833333332,,,,,8423.583333333334,139182629.58333334,23906.5,344344637.5,820.8333333333334,13870698.666666666,14284.583333333334,831763190.3333334,102.16666666666667,23882917.75,269.5,4111698.4166666665,508.75,29197858.166666668,63.083333333333336,780.0,331.75,107.33333333333333,891.0833333333334,246.75,79.16666666666667,784.25,340.6666666666667,130.08333333333334,1024.3333333333333,376.4166666666667,134.0,1287.9166666666667,451.3333333333333,111.25,1454.8333333333333,379.6666666666667,69.66666666666667,1447.1666666666667,323.6666666666667,106967.41666666667,5031129.583333333,22961681.416666668,30903922.166666668,37501665.0,27779644.666666668,15835823.083333334,10.333333333333334,234.5,767.8333333333334,847.5,870.0,592.75,306.5
2617065000,동구 범일1동,652.6666666666666,357.0,2637.0833333333335,2188.4166666666665,876.75,753.5,702.9166666666666,1072.6666666666667,17014250.0,21100833.333333332,135.91666666666666,119.66666666666667,110.41666666666667,107.16666666666667,107.91666666666667,122.33333333333333,168.41666666666666,286.8333333333333,1034.0,2092.4166666666665,2346.75,2360.8333333333335,2058.3333333333335,2126.25,2153.75,2091.1666666666665,2030.1666666666667,1745.9166666666667,1141.1666666666667,690.5833333333334,486.4166666666667,350.1666666666667,250.5,203.75,5954.833333333333,6052.5,6106.666666666667,6139.583333333333,6126.666666666667,6058.75,5850.75,5469.666666666667,4899.0,4256.666666666667,3864.5,3646.0,3552.3333333333335,3477.25,3409.8333333333335,3455.25,3635.4166666666665,3896.5833333333335,4194.666666666667,4548.666666666667,4865.0,5181.083333333333,5485.166666666667,5730.833333333333,979.8333333333334,911.3333333333334,859.75,838.0,850.0,880.0833333333334,1002.0833333333334,1243.9166666666667,1619.5,1985.6666666666667,2325.8333333333335,2399.3333333333335,2259.25,2132.25,2220.5,2247.8333333333335,2229.6666666666665,2133.0,2069.6666666666665,1979.8333333333333,1844.0,1607.5833333333333,1393.6666666666667,1190.3333333333333,21.083333333333332,14.833333333333334,11.916666666666666,8.5,8.916666666666666,11.5,12.75,22.166666666666668,41.666666666666664,76.75,105.08333333333333,135.08333333333334,155.08333333333334,121.58333333333333,123.91666666666667,124.75,130.33333333333334,141.58333333333334,146.5,118.16666666666667,90.16666666666667,74.91666666666667,50.0,33.916666666666664,319638.9166666667,221377.91666666666,170215.16666666666,149759.41666666666,143856.25,178682.83333333334,124192.33333333333,226534.25,572132.6666666666,1448875.0833333333,3000925.1666666665,3542051.9166666665,3360127.0833333335,2740571.1666666665,3308142.8333333335,3162648.3333333335,3099679.6666666665,3375948.1666666665,2743189.9166666665,2219867.6666666665,1716616.25,1196753.5,783749.75,521211.0833333333,52.583333333333336,32981084.75,318.0,51912821.5,68.5,26049093.916666668,354.9166666666667,15859426.583333334,3401.0,70803301.25,77.25,4660342.916666667,,,8868.75,172584468.16666666,12610.416666666666,129487134.91666667,1650.3333333333333,19901417.25,3081.1666666666665,101684264.83333333,221.33333333333334,18922101.416666668,220.91666666666666,18125412.0,,,58.25,368.8333333333333,189.25,206.91666666666666,421.5,183.25,136.33333333333334,397.4166666666667,239.16666666666666,171.25,478.5,260.3333333333333,207.91666666666666,675.5,295.0833333333333,150.91666666666666,1038.0833333333333,275.25,75.5,1443.0,184.91666666666666,64023.166666666664,2655529.0,7241885.166666667,8276356.916666667,8997940.333333334,7863639.583333333,3035825.9166666665,10.25,212.41666666666666,413.4166666666667,361.4166666666667,381.9166666666667,282.6666666666667,114.5
2617066000,동구 범일2동,2511.25,1686.9166666666667,2825.4166666666665,2790.0,2405.3333333333335,2335.9166666666665,6148.333333333333,7656.583333333333,324090833.3333333,334249583.3333333,327.5,243.5,207.08333333333334,190.66666666666666,181.16666666666666,211.25,458.0833333333333,1262.4166666666667,2899.0833333333335,7041.666666666667,9086.416666666666,9795.416666666666,9722.5,9768.583333333334,9730.666666666666,9476.5,9008.333333333334,7951.0,5681.0,2943.0833333333335,2016.5,1281.5,793.4166666666666,551.8333333333334,6962.333333333333,7172.0,7295.0,7352.75,7316.416666666667,7280.416666666667,7095.166666666667,6632.916666666667,5901.916666666667,5109.166666666667,4638.166666666667,4328.333333333333,4206.666666666667,4121.75,3980.5833333333335,3935.75,4041.25,4254.166666666667,4548.75,4987.666666666667,5331.25,5715.333333333333,6130.166666666667,6503.333333333333,2785.3333333333335,2358.3333333333335,2045.5833333333333,1818.25,1750.5833333333333,1703.25,2009.3333333333333,2823.1666666666665,3661.6666666666665,4090.1666666666665,5051.083333333333,6151.583333333333,7726.25,8151.333333333333,8074.916666666667,7920.916666666667,7147.833333333333,6766.416666666667,7106.833333333333,6542.083333333333,5742.833333333333,4928.666666666667,4216.916666666667,3285.8333333333335,170.83333333333334,134.08333333333334,102.75,77.75,61.083333333333336,79.41666666666667,145.33333333333334,246.91666666666666,430.0833333333333,591.1666666666666,785.9166666666666,1221.5833333333333,1706.25,1267.0833333333333,1082.75,1031.3333333333333,944.4166666666666,838.3333333333334,814.1666666666666,683.0833333333334,509.1666666666667,379.5,291.4166666666667,212.16666666666666,6546884.083333333,5030005.5,3675297.25,2463548.5,1822807.8333333333,2774516.8333333335,6934650.25,13747111.833333334,11931979.333333334,31065792.333333332,66325588.75,76070788.33333333,68532169.58333333,55519194.5,55859082.5,52480481.833333336,50087731.333333336,39519650.083333336,31054934.583333332,28288532.0,20052217.083333332,12511813.166666666,8572400.5,7474277.0,200.08333333333334,6970266.833333333,6073.25,607344564.4166666,118.83333333333333,13984596.0,1763.3333333333333,138843367.25,19181.833333333332,2053219353.75,208.33333333333334,88784256.83333333,42.63636363636363,2408530.4545454546,98149.83333333333,2347947931.9166665,75991.5,2142094463.8333333,2331.5,65181738.916666664,18047.333333333332,2069106034.0,7380.25,1169882737.0833333,4691.666666666667,65757465.083333336,1122.5,40791950.25,382.5,654.1666666666666,583.6666666666666,76.5,660.0833333333334,320.0833333333333,627.25,811.1666666666666,726.3333333333334,861.75,835.5,759.1666666666666,1057.0,1010.6666666666666,978.1666666666666,885.75,933.8333333333334,875.5,304.5833333333333,707.6666666666666,495.75,350533.25,29892315.833333332,119040637.75,150420230.5,171697030.75,134883845.33333334,52074758.166666664,23.25,1235.75,3302.8333333333335,2943.0,3057.3333333333335,2264.5833333333335,976.9166666666666
2617068000,동구 범일5동,297.5,635.0,2345.0833333333335,1876.25,740.75,1105.9166666666667,728.3333333333334,2695.3333333333335,20942500.0,99798666.66666667,107.5,95.33333333333333,89.0,88.58333333333333,89.08333333333333,100.58333333333333,185.0,492.6666666666667,1256.5,2071.1666666666665,2187.9166666666665,2210.75,2042.8333333333333,2071.5833333333335,1980.8333333333333,1807.3333333333333,1680.6666666666667,1452.75,995.5,512.5833333333334,371.75,282.5,199.58333333333334,140.91666666666666,5514.75,5625.583333333333,5687.166666666667,5719.75,5736.916666666667,5690.833333333333,5528.916666666667,5189.833333333333,4535.5,3674.1666666666665,3196.3333333333335,2907.5,2748.0833333333335,2670.5833333333335,2591.1666666666665,2608.0,2738.5833333333335,2966.25,3325.5833333333335,3812.25,4178.083333333333,4565.416666666667,4936.0,5225.0,1135.6666666666667,1015.0833333333334,957.5833333333334,935.5,938.4166666666666,988.0833333333334,1236.8333333333333,1571.75,2137.8333333333335,2404.1666666666665,2624.0833333333335,2608.3333333333335,2671.1666666666665,2649.25,2525.0833333333335,2328.75,2270.8333333333335,2225.25,2194.25,2070.6666666666665,2048.1666666666665,1949.9166666666667,1632.4166666666667,1294.75,58.416666666666664,55.666666666666664,53.083333333333336,42.75,45.75,61.583333333333336,83.0,91.08333333333333,109.5,147.83333333333334,179.91666666666666,204.33333333333334,207.08333333333334,179.08333333333334,191.08333333333334,201.58333333333334,230.41666666666666,245.33333333333334,244.33333333333334,224.25,188.08333333333334,161.5,130.25,78.91666666666667,1817402.9166666667,1982567.0833333333,2135635.5,1821838.4166666667,1899968.8333333333,2511913.5833333335,3549982.5,4715446.916666667,6368384.166666667,6947623.666666667,8230330.5,7450042.25,6230240.166666667,6796243.166666667,7037459.083333333,8191108.083333333,8259695.25,7604286.833333333,6476615.5,5951777.75,5028906.5,4212554.833333333,3415127.1666666665,2118599.0833333335,58.54545454545455,8982075.090909092,489.3333333333333,15077201.416666666,63.583333333333336,17513484.083333332,49.44444444444444,961931.3333333334,424.5833333333333,106965549.58333333,66.66666666666667,974360.5,,,4566.666666666667,39025641.166666664,15020.166666666666,151480106.08333334,1400.8333333333333,129128326.08333333,307.3333333333333,3583066.5,100.0,10247024.75,153.75,13087675.333333334,4221.25,185962533.33333334,83.83333333333333,300.75,256.9166666666667,115.58333333333333,428.75,159.66666666666666,170.08333333333334,910.9166666666666,328.5833333333333,164.41666666666666,806.3333333333334,337.5833333333333,209.25,609.6666666666666,356.4166666666667,139.0,517.5833333333334,267.6666666666667,48.0,644.8333333333334,137.58333333333334,48856.416666666664,2770292.9166666665,13661598.416666666,22407172.083333332,24174153.25,38203736.833333336,19493097.416666668,9.333333333333334,161.58333333333334,659.75,571.25,577.5833333333334,924.0833333333334,521.5
2620053000,영도구 남항동,1071.6666666666667,1488.75,3661.3333333333335,3778.25,1803.8333333333333,1959.0,2175.8333333333335,3474.6666666666665,73749583.33333333,120715916.66666667,402.25,340.5,311.0833333333333,300.4166666666667,273.5833333333333,325.1666666666667,524.3333333333334,1352.9166666666667,3038.25,4747.333333333333,5113.25,5328.083333333333,5277.916666666667,5271.0,5270.416666666667,5170.833333333333,4964.833333333333,4459.083333333333,2835.5833333333335,1807.4166666666667,1451.0833333333333,1174.5,936.0,798.5833333333334,8989.416666666666,9172.083333333334,9265.0,9314.833333333334,9189.333333333334,9140.166666666666,8925.75,8498.333333333334,7651.583333333333,6754.416666666667,6205.583333333333,5897.916666666667,5746.416666666667,5634.25,5484.833333333333,5464.166666666667,5674.416666666667,6058.583333333333,6448.666666666667,6937.25,7319.75,7797.833333333333,8301.583333333334,8698.083333333334,2652.8333333333335,2339.9166666666665,2142.8333333333335,2020.9166666666667,1884.4166666666667,1993.5,2270.6666666666665,3090.4166666666665,3409.4166666666665,3657.8333333333335,4120.583333333333,4385.0,4774.416666666667,4589.833333333333,4703.333333333333,4797.583333333333,4712.916666666667,4925.833333333333,5239.916666666667,5439.416666666667,5132.25,4626.333333333333,3984.3333333333335,3440.1666666666665,75.41666666666667,47.833333333333336,29.416666666666668,18.0,14.25,20.583333333333332,45.166666666666664,92.83333333333333,133.08333333333334,267.0,353.0,457.5,538.3333333333334,390.3333333333333,406.75,393.5833333333333,369.25,386.4166666666667,388.3333333333333,375.4166666666667,316.4166666666667,244.91666666666666,174.16666666666666,115.33333333333333,3169862.1666666665,2213516.3333333335,1513784.1666666667,821305.0,560753.0833333334,709968.9166666666,1129979.5833333333,1742059.75,3582255.1666666665,8482510.666666666,15106915.333333334,16224668.083333334,15835655.166666666,12147396.666666666,13239148.25,12584493.416666666,12267489.5,13090541.916666666,14311331.5,14248850.5,11690709.666666666,8757971.833333334,6407339.083333333,4817269.333333333,226.5,62644879.0,1981.0,198772103.91666666,66.41666666666667,4330601.0,1123.0,53984258.75,5840.916666666667,213012990.08333334,317.9166666666667,27575227.0,,,44842.25,1509165543.3333333,25797.833333333332,240330450.33333334,2909.5833333333335,77709186.08333333,11249.583333333334,547224758.8333334,551.6666666666666,76453329.08333333,486.5,53390742.25,72.41666666666667,2287501.6666666665,183.25,727.3333333333334,427.6666666666667,93.16666666666667,684.0833333333334,385.5833333333333,392.6666666666667,732.9166666666666,468.3333333333333,472.25,936.5833333333334,573.8333333333334,575.0,1279.3333333333333,751.5833333333334,587.9166666666666,1462.25,680.1666666666666,253.16666666666666,1615.25,473.5833333333333,251168.16666666666,9468654.75,25098727.0,41625442.083333336,52970475.5,46330498.666666664,18732462.166666668,23.0,482.0833333333333,1021.75,1283.1666666666667,1300.8333333333333,1077.3333333333333,460.4166666666667
2620054000,영도구 영선1동,439.6666666666667,290.0,1890.8333333333333,1685.8333333333333,1023.9166666666666,943.5833333333334,1294.5833333333333,1465.5,35045416.666666664,35138916.666666664,114.91666666666667,91.0,80.0,76.91666666666667,79.83333333333333,90.91666666666667,125.41666666666667,213.08333333333334,538.5833333333334,1189.6666666666667,1429.5833333333333,1576.6666666666667,1611.4166666666667,1635.5833333333333,1641.0,1530.6666666666667,1453.0833333333333,1274.9166666666667,978.3333333333334,641.8333333333334,449.75,312.8333333333333,222.91666666666666,161.91666666666666,4338.416666666667,4422.166666666667,4468.75,4503.5,4511.833333333333,4482.583333333333,4334.583333333333,4049.5,3644.5,3176.5833333333335,2916.3333333333335,2760.0,2704.5,2652.75,2603.5833333333335,2635.0833333333335,2781.6666666666665,2955.3333333333335,3161.6666666666665,3353.25,3535.0,3748.1666666666665,3973.8333333333335,4138.5,1102.5833333333333,926.6666666666666,814.75,753.0,759.6666666666666,820.5,927.0833333333334,1062.3333333333333,1345.3333333333333,1674.0,2218.0833333333335,2588.5833333333335,2905.3333333333335,2914.3333333333335,3032.0,3174.6666666666665,3213.75,3184.75,3143.75,2912.75,2546.25,2162.1666666666665,1719.1666666666667,1331.5833333333333,19.25,15.083333333333334,11.5,9.0,8.25,11.333333333333334,25.5,21.5,45.583333333333336,126.08333333333333,177.83333333333334,223.41666666666666,268.3333333333333,218.25,232.5,231.0,242.91666666666666,249.58333333333334,217.33333333333334,166.83333333333334,106.75,65.41666666666667,43.833333333333336,30.333333333333332,705983.1666666666,491615.0,318539.75,237572.16666666666,129778.41666666667,125792.08333333333,207730.33333333334,259276.5,463308.5833333333,2940099.5,5388159.5,6062674.25,6569361.666666667,5476188.666666667,6521046.833333333,7111438.833333333,6415961.75,5901402.0,4983412.083333333,4039414.4166666665,2627549.5833333335,1607969.4166666667,1059690.1666666667,836430.1666666666,86.25,1512087.0,533.3333333333334,23972095.25,72.0,17426262.583333332,382.25,16863722.333333332,2407.5,216105052.41666666,,,,,17524.0,339842376.8333333,15050.416666666666,215329185.33333334,2141.25,65138204.583333336,5254.333333333333,198525942.66666666,767.75,62188838.666666664,1008.75,6178455.916666667,,,57.666666666666664,347.4166666666667,201.16666666666666,71.08333333333333,344.1666666666667,242.66666666666666,80.16666666666667,313.1666666666667,215.75,136.5,403.5833333333333,279.9166666666667,166.25,569.3333333333334,372.1666666666667,137.58333333333334,683.3333333333334,386.9166666666667,77.91666666666667,913.5833333333334,266.5,132935.0,2805161.0833333335,9589526.416666666,18236535.083333332,15601020.833333334,16956467.666666668,6883779.333333333,15.25,169.66666666666666,474.3333333333333,723.0,606.8333333333334,541.25,229.75
2620055000,영도구 영선2동,211.83333333333334,385.5833333333333,3358.0,3049.1666666666665,647.6666666666666,773.25,705.75,1086.3333333333333,12732750.0,23017750.0,73.16666666666667,65.5,62.25,62.583333333333336,62.833333333333336,73.0,113.58333333333333,379.0833333333333,1037.6666666666667,1304.25,1328.3333333333333,1362.4166666666667,1312.25,1354.9166666666667,1323.75,1213.25,1078.0,845.9166666666666,529.5,261.8333333333333,187.91666666666666,144.33333333333334,115.16666666666667,95.33333333333333,8258.083333333334,8431.416666666666,8532.75,8588.0,8586.25,8494.833333333334,8199.833333333334,7593.083333333333,6669.583333333333,5527.5,4891.25,4500.666666666667,4357.833333333333,4289.416666666667,4197.25,4230.25,4465.333333333333,4789.5,5257.25,5789.333333333333,6260.666666666667,6777.0,7339.416666666667,7760.583333333333,863.9166666666666,747.25,712.9166666666666,701.25,731.0833333333334,788.9166666666666,924.4166666666666,1220.5,1565.6666666666667,1547.0833333333333,1679.6666666666667,1799.5,1951.6666666666667,2026.8333333333333,2208.6666666666665,2282.0833333333335,2177.25,2100.1666666666665,1866.75,1600.9166666666667,1379.6666666666667,1238.4166666666667,1074.1666666666667,923.5833333333334,16.25,12.666666666666666,12.916666666666666,10.833333333333334,10.166666666666666,10.583333333333334,21.916666666666668,32.833333333333336,36.333333333333336,51.75,78.5,113.41666666666667,169.5,174.5,186.0,184.0,163.16666666666666,134.08333333333334,111.25,90.91666666666667,69.33333333333333,50.5,33.333333333333336,24.166666666666668,290799.8333333333,288245.0,395538.9166666667,364136.5833333333,348450.75,299051.4166666667,516438.8333333333,598988.25,740027.75,1413774.9166666667,1917906.5,2431957.1666666665,3269958.0833333335,3199838.4166666665,3571547.25,3498105.5,2862660.1666666665,2535150.6666666665,2179338.8333333335,2010104.0,1413077.8333333333,836413.1666666666,662611.3333333334,432945.25,201.5,4799215.083333333,591.5,29656357.0,117.08333333333333,12769127.5,100.75,5948645.916666667,4747.666666666667,60465425.25,41.3,2595751.7,,,7443.0,146674678.33333334,9657.833333333334,100995959.58333333,1557.8333333333333,20754290.0,460.4166666666667,19947906.833333332,2421.5,34317070.583333336,385.1666666666667,7943865.0,630.3333333333334,22746685.083333332,22.583333333333332,638.25,166.58333333333334,118.25,768.5833333333334,180.0,42.5,635.1666666666666,176.0,119.83333333333333,809.3333333333334,232.58333333333334,132.83333333333334,1110.3333333333333,262.5833333333333,102.66666666666667,1231.5,230.75,56.416666666666664,1211.6666666666667,170.16666666666666,182190.25,3637796.0833333335,4864420.5,6865792.333333333,7069858.0,7069676.583333333,6065341.5,29.916666666666668,304.0833333333333,329.25,335.8333333333333,353.0833333333333,256.6666666666667,181.25
2620058500,영도구 신선동,290.6666666666667,193.75,3728.9166666666665,3532.0,601.0833333333334,566.9166666666666,124.91666666666667,176.08333333333334,4090833.3333333335,3998666.6666666665,129.08333333333334,106.08333333333333,98.25,94.5,91.08333333333333,93.75,105.75,172.58333333333334,436.9166666666667,1036.0,1112.6666666666667,1133.75,1111.75,1112.3333333333333,1062.5,838.25,707.0833333333334,525.1666666666666,409.0833333333333,307.0,284.9166666666667,268.0833333333333,243.41666666666666,226.5,9200.5,9449.916666666666,9580.083333333334,9645.5,9636.666666666666,9562.333333333334,9225.166666666666,8525.166666666666,7463.083333333333,6451.25,5811.916666666667,5337.666666666667,5094.583333333333,4973.666666666667,4837.5,4867.583333333333,5116.5,5489.833333333333,5971.25,6481.166666666667,7011.083333333333,7592.583333333333,8241.75,8729.916666666666,1039.0833333333333,956.5833333333334,916.5,888.9166666666666,915.1666666666666,928.9166666666666,963.9166666666666,1074.0,1179.1666666666667,1287.75,1388.1666666666667,1424.3333333333333,1376.4166666666667,1313.4166666666667,1346.0,1300.3333333333333,1272.8333333333333,1231.5833333333333,1269.25,1276.0,1267.0833333333333,1222.75,1147.6666666666667,1092.25,5.363636363636363,5.5,6.2,5.0,5.0,5.7,6.083333333333333,6.083333333333333,9.833333333333334,17.25,19.166666666666668,25.166666666666668,29.75,24.833333333333332,26.583333333333332,26.166666666666668,27.666666666666668,27.333333333333332,25.0,17.75,12.583333333333334,11.166666666666666,7.75,6.0,34630.27272727273,23655.0,34841.2,64705.833333333336,89911.0,91133.8,77532.0,248671.91666666666,201830.75,767773.1666666666,631745.0,676190.5833333334,827198.0833333334,697370.1666666666,671867.1666666666,767892.6666666666,592352.0,853547.25,594236.1666666666,467411.0,218396.0,197902.33333333334,175352.5,398888.6666666667,116.66666666666667,934051.25,257.1666666666667,38675427.333333336,170.41666666666666,11071518.75,86.08333333333333,4548840.166666667,516.9090909090909,13466945.727272727,44.8,1331465.8,,,1617.0833333333333,30922297.0,406.6666666666667,5526129.0,876.6666666666666,16706826.166666666,684.4166666666666,13655193.5,208.41666666666666,4337506.75,66.5,13203300.916666666,,,28.0,699.25,125.25,186.58333333333334,635.25,197.33333333333334,38.416666666666664,603.75,120.08333333333333,52.833333333333336,960.5,163.33333333333334,54.916666666666664,1294.3333333333333,205.33333333333334,52.5,1405.0,196.0,68.58333333333333,1660.5833333333333,158.08333333333334,43651.666666666664,415105.4166666667,1847057.5,1699601.9166666667,1496694.0,1633548.6666666667,996501.0,9.25,28.916666666666668,49.0,73.08333333333333,64.5,48.916666666666664,30.0
2620059000,영도구 봉래1동,487.25,541.5833333333334,2664.5833333333335,2391.75,788.0833333333334,915.25,1900.25,2646.9166666666665,69669083.33333333,79603500.0,125.91666666666667,105.91666666666667,96.16666666666667,93.25,92.91666666666667,106.5,182.83333333333334,490.6666666666667,1083.4166666666667,1786.8333333333333,2064.25,2170.4166666666665,2292.0,2272.9166666666665,2232.6666666666665,2217.9166666666665,2079.4166666666665,1839.0,1268.1666666666667,709.8333333333334,513.5833333333334,394.25,279.75,200.83333333333334,6166.25,6319.833333333333,6412.916666666667,6459.0,6450.75,6393.833333333333,6206.25,5834.25,5199.833333333333,4473.583333333333,4069.0833333333335,3847.4166666666665,3743.6666666666665,3678.8333333333335,3593.4166666666665,3612.5,3753.6666666666665,3990.9166666666665,4331.0,4720.5,5017.75,5372.833333333333,5721.416666666667,6004.75,895.6666666666666,780.9166666666666,712.1666666666666,676.0,669.6666666666666,706.3333333333334,844.3333333333334,1114.0833333333333,1437.5833333333333,1583.0833333333333,1891.25,2143.0833333333335,2439.0,2427.8333333333335,2538.9166666666665,2633.1666666666665,2716.5833333333335,2682.0833333333335,2640.1666666666665,2599.25,2274.4166666666665,1883.4166666666667,1482.6666666666667,1113.1666666666667,45.166666666666664,26.666666666666668,18.416666666666668,13.75,11.666666666666666,18.5,39.75,72.5,100.33333333333333,165.08333333333334,245.0,315.9166666666667,390.0,318.75,331.5833333333333,333.6666666666667,340.0833333333333,357.5833333333333,351.3333333333333,305.4166666666667,272.0833333333333,219.0,178.91666666666666,76.5,721102.75,423236.9166666667,302091.6666666667,256445.58333333334,242874.08333333334,207618.16666666666,399523.0,641158.6666666666,1531478.9166666667,7977547.083333333,11608329.166666666,11827828.5,11718608.333333334,10453867.416666666,12214335.0,12935796.833333334,12479958.0,11913521.0,11807536.25,10134646.0,8656499.583333334,5890486.75,3902986.0,1130772.9166666667,86.75,3979122.5,557.3333333333334,32340329.833333332,125.0,38296357.666666664,333.6666666666667,29726497.5,3250.5833333333335,45912802.166666664,220.91666666666666,31624882.166666668,,,26291.083333333332,533485549.75,37231.166666666664,1073829315.8333333,2537.9166666666665,91350264.58333333,5886.333333333333,319121053.8333333,142.33333333333334,20177874.666666668,331.5,32869427.333333332,,,83.75,514.4166666666666,211.41666666666666,112.16666666666667,592.75,232.08333333333334,112.08333333333333,564.5833333333334,222.66666666666666,194.33333333333334,594.0833333333334,278.3333333333333,229.75,918.5833333333334,313.9166666666667,217.58333333333334,977.75,264.5,76.5,891.9166666666666,177.25,222302.0,7240588.916666667,20672697.583333332,37066204.666666664,39291497.416666664,30570317.083333332,14223764.5,21.916666666666668,379.5833333333333,900.5833333333334,1104.0,1079.0833333333333,727.8333333333334,333.0
2620060500,영도구 봉래2동,194.75,247.25,2703.3333333333335,2465.3333333333335,428.8333333333333,457.25,232.91666666666666,568.25,5215250.0,8760666.666666666,120.91666666666667,107.58333333333333,100.5,99.75,96.58333333333333,107.75,129.58333333333334,252.08333333333334,528.4166666666666,751.0833333333334,815.3333333333334,859.0,790.5833333333334,885.0833333333334,848.6666666666666,860.5,850.0833333333334,745.8333333333334,518.0833333333334,326.0,262.75,229.25,191.08333333333334,155.66666666666666,6736.916666666667,6891.25,6981.5,7027.0,7031.5,6950.166666666667,6705.333333333333,6166.166666666667,5281.0,4313.25,3771.5,3474.9166666666665,3356.9166666666665,3297.4166666666665,3179.6666666666665,3214.75,3433.9166666666665,3762.25,4213.916666666667,4768.333333333333,5204.75,5657.5,6142.25,6505.583333333333,669.75,597.8333333333334,563.8333333333334,549.0833333333334,543.1666666666666,582.4166666666666,656.0,801.9166666666666,980.1666666666666,927.4166666666666,972.25,1041.4166666666667,1015.6666666666666,1073.3333333333333,1096.6666666666667,1104.8333333333333,1156.8333333333333,1192.5,1162.25,1087.25,984.0,936.3333333333334,831.3333333333334,752.25,10.083333333333334,7.166666666666667,6.666666666666667,6.416666666666667,6.25,7.833333333333333,12.5,40.0,20.416666666666668,32.416666666666664,44.416666666666664,50.833333333333336,92.0,45.0,44.833333333333336,49.75,48.166666666666664,60.916666666666664,60.0,49.083333333333336,46.0,36.5,25.916666666666668,17.333333333333332,123873.16666666667,86495.33333333333,67345.83333333333,87583.08333333333,66126.0,103403.33333333333,147534.16666666666,334721.5833333333,293579.8333333333,541350.8333333334,800921.0833333334,1043073.75,1516794.8333333333,1005820.25,904855.3333333334,1289971.75,1237036.4166666667,1275124.5,884089.1666666666,863048.9166666666,616441.0833333334,498211.9166666667,313988.4166666667,215753.91666666666,41.75,24872856.25,339.9166666666667,11393137.333333334,82.58333333333333,6595832.583333333,70.83333333333333,7004251.666666667,210.6,71528776.1,,,,,4403.333333333333,54924293.75,6239.75,52679096.333333336,899.1666666666666,13195603.666666666,359.0833333333333,22139816.083333332,116.83333333333333,65838836.5,314.1666666666667,7005797.0,105.0,4201049.0,26.916666666666668,477.0,99.75,3.9166666666666665,466.4166666666667,135.33333333333334,56.416666666666664,463.6666666666667,109.66666666666667,125.08333333333333,643.5833333333334,148.83333333333334,105.58333333333333,837.8333333333334,169.5,96.0,1091.4166666666667,127.16666666666667,25.75,1186.5833333333333,92.83333333333333,42193.833333333336,941622.25,2445261.1666666665,3916045.25,3511795.9166666665,2271085.25,894075.5,6.583333333333333,75.5,197.16666666666666,239.33333333333334,168.33333333333334,91.91666666666667,25.416666666666668
2620063000,영도구 청학1동,225.5,499.5833333333333,2735.75,2419.4166666666665,585.3333333333334,816.6666666666666,277.6666666666667,487.4166666666667,7033250.0,9442666.666666666,118.66666666666667,101.25,94.33333333333333,89.91666666666667,92.83333333333333,109.83333333333333,151.0,390.4166666666667,982.75,1417.25,1483.9166666666667,1544.75,1421.25,1533.8333333333333,1502.5,1455.6666666666667,1410.4166666666667,1253.5,891.4166666666666,395.75,301.9166666666667,263.0833333333333,239.75,207.5,6516.083333333333,6688.583333333333,6767.416666666667,6807.75,6817.75,6754.666666666667,6493.5,6033.833333333333,5273.75,4555.5,4114.25,3793.3333333333335,3629.9166666666665,3539.75,3452.9166666666665,3446.75,3580.8333333333335,3869.5,4241.166666666667,4687.5,5065.75,5471.75,5897.75,6239.75,894.4166666666666,812.0,781.4166666666666,762.5833333333334,773.5833333333334,840.5,982.8333333333334,1389.25,1614.5833333333333,1653.0833333333333,1743.1666666666667,1776.25,1860.5833333333333,1814.75,1829.75,1910.9166666666667,1906.8333333333333,1990.9166666666667,1903.75,1565.9166666666667,1351.25,1291.5833333333333,1181.4166666666667,1041.0,8.666666666666666,7.583333333333333,6.666666666666667,5.75,6.25,7.5,28.416666666666668,46.166666666666664,25.166666666666668,32.583333333333336,34.583333333333336,49.166666666666664,74.33333333333333,50.0,46.333333333333336,49.416666666666664,51.833333333333336,58.416666666666664,53.583333333333336,44.333333333333336,33.916666666666664,29.583333333333332,20.75,13.5,95337.08333333333,85215.66666666667,84799.66666666667,103778.66666666667,72279.0,89366.33333333333,315844.0,471301.9166666667,403540.3333333333,776204.3333333334,926430.25,1428519.1666666667,1845894.3333333333,1475529.1666666667,1212887.25,1217067.1666666667,1349612.25,1349232.5,1064074.5,879787.0833333334,631817.1666666666,476463.4166666667,313330.6666666667,176340.5,42.5,16094541.75,269.1666666666667,28522354.916666668,43.333333333333336,13557853.083333334,89.75,6008837.833333333,371.4166666666667,12288773.333333334,135.33333333333334,3705108.4166666665,,,2569.3333333333335,62027268.666666664,8203.666666666666,101278627.33333333,291.9166666666667,14139882.916666666,487.4166666666667,15387431.666666666,105.33333333333333,14161019.083333334,102.5,10174036.166666666,88.83333333333333,2705804.5833333335,51.083333333333336,504.6666666666667,143.58333333333334,37.333333333333336,621.75,149.25,107.41666666666667,554.0833333333334,202.5,170.16666666666666,672.5,280.75,179.16666666666666,870.4166666666666,275.0,129.41666666666666,953.3333333333334,226.08333333333334,47.916666666666664,975.9166666666666,122.33333333333333,48464.916666666664,827046.8333333334,2969459.0,3580400.9166666665,3748416.5,4001598.5,1342089.0833333333,6.333333333333333,55.833333333333336,175.75,188.41666666666666,170.0,130.33333333333334,41.416666666666664
2620064000,영도구 청학2동,570.5,807.8333333333334,7379.083333333333,6816.333333333333,907.3333333333334,1042.8333333333333,917.1666666666666,1561.4166666666667,24084583.333333332,37033333.333333336,217.83333333333334,191.91666666666666,177.25,170.83333333333334,180.16666666666666,186.58333333333334,263.9166666666667,628.6666666666666,1616.0,2730.3333333333335,2918.5833333333335,3005.9166666666665,2804.1666666666665,2983.8333333333335,2924.9166666666665,2865.75,2747.1666666666665,2489.0,1577.25,793.9166666666666,608.8333333333334,475.3333333333333,350.25,288.5,17871.0,18178.5,18345.5,18439.75,18493.5,18301.5,17726.833333333332,16472.666666666668,14341.0,12230.416666666666,11090.666666666666,10384.5,10009.75,9836.0,9738.083333333334,9858.083333333334,10338.916666666666,11091.5,12080.666666666666,13225.166666666666,14198.0,15226.333333333334,16223.25,17024.916666666668,1345.1666666666667,1229.0833333333333,1168.0,1141.0,1235.25,1272.4166666666667,1307.8333333333333,1496.8333333333333,1879.1666666666667,1984.6666666666667,2222.1666666666665,2377.9166666666665,2678.1666666666665,2655.0,2717.5833333333335,2702.4166666666665,2579.25,2512.75,2578.0,2439.1666666666665,2222.1666666666665,1964.25,1691.75,1483.25,28.75,18.0,14.416666666666666,11.0,11.666666666666666,19.333333333333332,34.583333333333336,47.166666666666664,81.0,99.83333333333333,109.83333333333333,179.91666666666666,254.08333333333334,180.83333333333334,181.75,174.66666666666666,164.08333333333334,173.5,192.5,159.66666666666666,130.0,101.91666666666667,66.66666666666667,42.5,352741.4166666667,192472.5,154735.25,109502.33333333333,113643.41666666667,223000.33333333334,488176.25,821140.4166666666,1572813.6666666667,2980985.25,3804251.0,5301022.5,6299502.083333333,5123220.416666667,5300676.166666667,5728543.166666667,4725269.5,4241543.5,4055481.25,3567943.75,2612855.4166666665,1756355.1666666667,1015282.3333333334,652175.0,66.08333333333333,6705095.916666667,3809.0833333333335,110509809.25,450.9166666666667,29207096.75,285.8333333333333,9527437.0,3528.25,177812548.66666666,,,,,13770.833333333334,338108972.3333333,15036.333333333334,150354380.91666666,1326.6666666666667,41520256.333333336,1596.9166666666667,40109023.666666664,255.75,14330958.166666666,1887.4166666666667,69104765.91666667,248.08333333333334,10214952.083333334,105.41666666666667,1537.6666666666667,276.25,53.916666666666664,2098.5833333333335,239.0,273.0833333333333,1589.4166666666667,286.75,306.75,2027.0833333333333,319.5833333333333,348.9166666666667,2438.5833333333335,362.9166666666667,216.25,2396.5,286.5833333333333,71.58333333333333,2105.0833333333335,176.33333333333334,100236.75,4241846.833333333,10725248.666666666,15336756.833333334,14743415.583333334,12723066.416666666,3271556.1666666665,12.166666666666666,263.5,576.5833333333334,628.0833333333334,532.9166666666666,349.3333333333333,116.91666666666667
2620065000,영도구 동삼1동,1160.75,1089.5833333333333,12247.666666666666,11076.916666666666,1497.1666666666667,1750.0833333333333,2329.1666666666665,3610.25,58373333.333333336,87635166.66666667,547.4166666666666,477.75,439.1666666666667,423.1666666666667,413.6666666666667,433.5,536.6666666666666,902.8333333333334,2279.1666666666665,3901.9166666666665,4360.083333333333,4545.75,4486.666666666667,4596.833333333333,4510.166666666667,4178.916666666667,4012.8333333333335,3507.8333333333335,2768.0833333333335,1948.5,1652.0,1323.5,1064.0,888.75,27920.916666666668,28414.083333333332,28673.5,28813.583333333332,28804.916666666668,28572.416666666668,27857.833333333332,26409.083333333332,24079.666666666668,21416.666666666668,19778.666666666668,18689.0,18146.75,17708.166666666668,17377.5,17293.166666666668,17968.0,18945.0,20261.666666666668,21988.0,23302.333333333332,24579.583333333332,25861.5,26958.0,1876.1666666666667,1699.5833333333333,1601.0833333333333,1538.0,1543.25,1585.8333333333333,1767.3333333333333,2047.3333333333333,2567.8333333333335,3108.5833333333335,3924.0833333333335,4472.0,5193.583333333333,5013.75,5052.833333333333,4914.166666666667,4700.083333333333,4444.083333333333,4351.333333333333,4298.916666666667,3986.1666666666665,3350.5833333333335,2723.1666666666665,2300.4166666666665,56.083333333333336,34.083333333333336,25.583333333333332,20.083333333333332,17.333333333333332,24.75,44.75,83.16666666666667,153.16666666666666,250.41666666666666,293.9166666666667,428.25,637.0833333333334,444.0833333333333,416.8333333333333,412.0833333333333,427.4166666666667,465.4166666666667,479.6666666666667,408.6666666666667,327.25,237.5,158.5,96.25,1036373.0,629719.5833333334,399247.3333333333,352815.5833333333,258750.33333333334,368526.5,665585.5833333334,1179266.5833333333,2071171.1666666667,4825353.75,6775468.333333333,9773980.5,14927042.916666666,12893988.25,11038241.083333334,10649707.75,11249377.833333334,11166377.25,13347427.916666666,12083542.5,9738280.083333334,5630648.666666667,3125582.3333333335,1858649.9166666667,103.5,979405.0,730.3333333333334,50834005.666666664,436.0,65265857.916666664,764.5,32500519.25,7628.833333333333,221829480.58333334,,,,,42187.416666666664,1152266087.25,36923.25,439990503.3333333,2329.6666666666665,47045264.25,7161.833333333333,203556690.41666666,364.75,35055467.083333336,387.6666666666667,37211667.416666664,713.6666666666666,25782995.166666668,306.9166666666667,3321.25,502.0,515.75,3771.5833333333335,491.3333333333333,286.75,2397.9166666666665,421.3333333333333,322.5833333333333,3090.8333333333335,519.3333333333334,373.0833333333333,4062.3333333333335,557.5833333333334,274.8333333333333,3615.9166666666665,476.0,168.16666666666666,3062.4166666666665,276.9166666666667,323166.0,9245243.333333334,22714611.666666668,31916556.5,38164497.083333336,30151085.416666668,13496472.166666666,43.666666666666664,641.6666666666666,1096.75,1334.8333333333333,1443.75,962.4166666666666,414.0
2620066000,영도구 동삼2동,559.0,708.9166666666666,1904.1666666666667,3256.1666666666665,1066.5,1413.0,1356.75,2399.4166666666665,21532083.333333332,34152500.0,263.4166666666667,220.33333333333334,193.83333333333334,181.16666666666666,170.33333333333334,178.58333333333334,244.41666666666666,501.25,978.5833333333334,2071.3333333333335,2668.9166666666665,2806.25,2561.75,2805.5,2809.75,2650.0833333333335,2420.5833333333335,2084.4166666666665,1548.0,978.75,788.0833333333334,667.25,530.8333333333334,449.75,5954.5,6053.0,6103.25,6124.416666666667,6096.75,6073.833333333333,5968.25,5736.083333333333,5327.333333333333,4933.583333333333,4685.583333333333,4516.5,4413.333333333333,4351.666666666667,4254.166666666667,4205.416666666667,4243.583333333333,4334.333333333333,4468.416666666667,4706.333333333333,4957.666666666667,5240.75,5526.5,5759.916666666667,1541.9166666666667,1445.5,1388.5,1369.5833333333333,1379.0,1410.5833333333333,1428.3333333333333,1586.5833333333333,1773.3333333333333,2370.0,3167.25,3604.25,4107.833333333333,4244.083333333333,4390.416666666667,4216.25,3699.3333333333335,3183.0,2659.5833333333335,2532.5,2425.75,2160.8333333333335,1902.1666666666667,1778.1666666666667,36.75,23.416666666666668,14.25,11.416666666666666,12.916666666666666,19.0,26.0,32.583333333333336,81.08333333333333,122.83333333333333,158.75,300.9166666666667,477.5833333333333,386.6666666666667,352.5,328.0,278.6666666666667,238.5,216.66666666666666,184.25,152.08333333333334,128.5,97.08333333333333,84.33333333333333,626175.3333333334,329042.75,176185.91666666666,165959.58333333334,144283.5,261807.5,493262.5,422128.5,748381.6666666666,1263686.1666666667,1973775.9166666667,3805788.6666666665,6331932.666666667,5629602.25,4920543.166666667,4085235.0833333335,3432009.9166666665,3315265.3333333335,4020276.75,4291195.916666667,3653416.5833333335,2648262.5833333335,1862503.75,1274590.3333333333,229.25,1716183.25,169.41666666666666,34940980.583333336,193.66666666666666,16837531.666666668,1332.3333333333333,32034726.833333332,17043.916666666668,263778981.0,121.75,12293505.25,,,24885.0,552366002.75,21276.916666666668,152587971.41666666,1878.9166666666667,30300469.083333332,55.0,25653235.444444444,97.25,10402167.666666666,4231.25,7843087.166666667,50.833333333333336,2188935.1666666665,369.5833333333333,1941.8333333333333,502.75,160.16666666666666,982.3333333333334,331.9166666666667,202.66666666666666,333.4166666666667,337.75,198.75,424.5833333333333,397.6666666666667,182.75,445.4166666666667,425.9166666666667,114.16666666666667,522.8333333333334,326.1666666666667,36.833333333333336,507.25,154.91666666666666,638358.0833333334,7847511.5,11730269.0,12490133.0,13286530.333333334,7569129.666666667,2135049.25,106.08333333333333,764.75,709.6666666666666,787.5,872.0,415.3333333333333,100.16666666666667
2620067000,영도구 동삼3동,316.3333333333333,415.8333333333333,4226.0,3854.8333333333335,779.1666666666666,801.1666666666666,728.0833333333334,913.3333333333334,19269750.0,23768583.333333332,130.5,112.16666666666667,106.5,102.66666666666667,93.58333333333333,100.66666666666667,122.91666666666667,277.8333333333333,802.5,1476.75,1590.4166666666667,1629.9166666666667,1545.0833333333333,1575.5,1439.5833333333333,1316.0,1277.9166666666667,1140.5833333333333,905.1666666666666,514.0833333333334,432.25,361.75,292.9166666666667,265.75,10306.083333333334,10570.416666666666,10718.166666666666,10790.333333333334,10784.083333333334,10682.083333333334,10352.083333333334,9636.333333333334,8325.5,7084.333333333333,6320.5,5861.0,5618.583333333333,5502.666666666667,5400.75,5434.0,5680.416666666667,6083.75,6618.416666666667,7299.416666666667,7877.416666666667,8439.416666666666,9039.333333333334,9527.166666666666,1098.3333333333333,1015.1666666666666,981.3333333333334,966.4166666666666,1007.8333333333334,1025.6666666666667,1067.5,1131.1666666666667,1280.0,1516.1666666666667,1716.3333333333333,2000.5833333333333,2242.3333333333335,2354.25,2465.8333333333335,2456.0,2311.0,2068.9166666666665,1960.1666666666667,1772.3333333333333,1651.0,1467.4166666666667,1250.0,1132.25,8.416666666666666,6.75,6.75,5.916666666666667,5.833333333333333,6.5,11.083333333333334,17.166666666666668,30.5,33.416666666666664,61.5,92.0,169.0,178.58333333333334,182.91666666666666,170.33333333333334,145.66666666666666,134.83333333333334,126.41666666666667,110.25,76.0,45.5,25.5,13.0,125917.41666666667,120737.16666666667,113871.41666666667,108200.75,92393.66666666667,154674.08333333334,429504.8333333333,361063.3333333333,589306.5,722817.5833333334,1612377.9166666667,2527483.9166666665,4946161.0,5331129.583333333,5035615.0,4321004.916666667,3522920.25,3214987.0,3517951.0,3218081.4166666665,2023313.9166666667,885202.5833333334,436426.9166666667,197690.75,272.6666666666667,1322895.5833333333,269.25,12652337.0,52.083333333333336,15932035.666666666,117.16666666666667,6512064.916666667,5526.5,178436345.0,,,,,14397.0,470037685.3333333,5875.333333333333,81587990.33333333,873.4166666666666,10534979.916666666,781.6666666666666,12861563.0,105.33333333333333,8542515.083333334,632.0833333333334,2536924.9166666665,324.5833333333333,11700759.75,77.25,918.9166666666666,267.75,145.33333333333334,879.5,235.66666666666666,82.58333333333333,865.25,192.91666666666666,109.66666666666667,1034.6666666666667,232.66666666666666,146.83333333333334,1471.8333333333333,274.0833333333333,104.08333333333333,1508.0,229.83333333333334,63.916666666666664,1399.75,145.41666666666666,129727.5,3446348.6666666665,9488810.25,11712065.666666666,9622004.75,6427612.416666667,2261380.75,8.666666666666666,157.41666666666666,402.9166666666667,433.5833333333333,336.25,227.16666666666666,76.33333333333333
2623051000,부산진구 부전1동,2703.0833333333335,2305.5,5053.583333333333,4571.25,4872.333333333333,4516.916666666667,12927.25,13477.833333333334,497813333.3333333,464991833.3333333,581.6666666666666,465.9166666666667,372.5833333333333,341.0,408.5833333333333,587.75,1018.25,1847.1666666666667,3413.1666666666665,7475.166666666667,9722.333333333334,10704.083333333334,10851.166666666666,11316.666666666666,11572.416666666666,11227.916666666666,10653.916666666666,9480.833333333334,7036.333333333333,4211.5,2894.4166666666665,1997.3333333333333,1263.4166666666667,819.5,11513.5,11842.0,12064.0,12264.583333333334,12247.25,12186.666666666666,11854.5,11329.916666666666,10389.5,9101.75,8255.083333333334,7727.0,7457.25,7273.083333333333,7060.583333333333,6998.5,7171.5,7510.833333333333,7955.916666666667,8578.833333333334,9092.416666666666,9728.583333333334,10402.5,11011.916666666666,4449.916666666667,3617.5833333333335,3103.4166666666665,2867.1666666666665,2857.4166666666665,3080.0833333333335,3765.25,4332.916666666667,6137.333333333333,7098.0,9022.5,11386.666666666666,14447.25,16307.0,17634.916666666668,17866.916666666668,17276.166666666668,15759.75,15116.75,14326.75,12238.0,9964.416666666666,7321.5,5388.416666666667,214.58333333333334,143.41666666666666,108.75,70.5,60.166666666666664,97.41666666666667,149.5,324.6666666666667,764.0833333333334,1184.6666666666667,1596.9166666666667,2123.8333333333335,2815.0833333333335,2346.25,2250.9166666666665,2287.4166666666665,2204.8333333333335,2017.1666666666667,1738.75,1281.75,1021.5,750.1666666666666,525.0,347.5,5550128.333333333,3687949.5,2490529.6666666665,1456507.0,1165792.3333333333,1957868.0,3394286.5833333335,7815105.666666667,14529226.5,43482290.666666664,83356258.66666667,95787081.83333333,92393892.16666667,74759809.0,89042839.0,115522720.66666667,88121712.41666667,68738152.25,51130321.083333336,40381845.333333336,34963019.5,21534803.25,12707758.416666666,8836133.333333334,558.5,91001377.33333333,9431.083333333334,829923083.0833334,1190.9166666666667,188318455.16666666,3728.0,283379874.1666667,19444.166666666668,983417728.6666666,302.25,29425355.5,,,169185.91666666666,3826141981.75,123275.91666666667,1362135702.1666667,31177.833333333332,1147798579.8333333,44707.5,3931455442.0833335,12930.916666666666,694963614.9166666,9223.333333333334,111230229.25,10.857142857142858,641783.5714285715,626.9166666666666,1525.5,1921.1666666666667,132.83333333333334,681.3333333333334,836.5,825.25,1324.5,1241.75,899.6666666666666,1203.5,1138.25,1103.6666666666667,1523.8333333333333,1353.4166666666667,944.25,1744.1666666666667,1496.5,473.75,1619.8333333333333,1399.5,1672372.0,80684706.33333333,150793594.83333334,176541132.66666666,227111146.33333334,214639596.75,111363488.83333333,141.41666666666666,3688.25,5313.083333333333,4543.0,5148.666666666667,4638.416666666667,2929.8333333333335
2623052000,부산진구 부전2동,4175.75,2685.0833333333335,3961.6666666666665,3816.5,8689.25,8286.25,28851.416666666668,26961.333333333332,1367527916.6666667,1130008083.3333333,864.75,645.25,505.0,408.0833333333333,364.0833333333333,364.1666666666667,656.5833333333334,1239.75,2786.0,8326.333333333334,12932.833333333334,14524.0,14802.583333333334,15175.25,15409.916666666666,15064.5,14467.166666666666,13441.083333333334,11285.583333333334,8044.833333333333,6071.916666666667,3681.1666666666665,2286.9166666666665,1335.8333333333333,9535.833333333334,9782.416666666666,9920.833333333334,9957.25,9884.666666666666,9736.833333333334,9422.333333333334,8891.75,8079.416666666667,7085.166666666667,6477.916666666667,6097.083333333333,5896.25,5761.5,5646.083333333333,5629.75,5787.5,6106.583333333333,6557.5,7114.583333333333,7557.833333333333,8055.583333333333,8609.416666666666,9095.916666666666,13756.25,11575.916666666666,9923.166666666666,8275.916666666666,7020.416666666667,6038.666666666667,5975.416666666667,5917.25,7294.666666666667,8209.833333333334,11447.75,15365.083333333334,19911.416666666668,22321.833333333332,24841.0,26197.833333333332,26407.583333333332,26738.083333333332,28920.416666666668,29696.75,28125.583333333332,25246.333333333332,21093.5,17125.25,1540.1666666666667,1253.1666666666667,954.25,695.1666666666666,483.0833333333333,343.8333333333333,272.1666666666667,288.0833333333333,619.0833333333334,989.8333333333334,1462.5833333333333,2613.8333333333335,4236.166666666667,4307.5,3995.8333333333335,4019.25,4024.0833333333335,4086.9166666666665,4444.75,4240.083333333333,3581.1666666666665,2964.1666666666665,2470.6666666666665,1930.9166666666667,42672570.833333336,35605098.666666664,27282067.75,19761859.666666668,13918166.0,9832148.583333334,6860234.416666667,6645304.0,15116449.166666666,50553886.083333336,108640806.58333333,170745513.5,190141221.08333334,205028637.58333334,234710640.5,242376171.0,222856970.16666666,205781514.83333334,194568568.0,173976238.08333334,121819921.66666667,82104321.33333333,63522130.166666664,53016642.916666664,3235.1666666666665,17311550.0,12789.666666666666,405466785.0,3613.5,483190271.1666667,5515.166666666667,423966910.1666667,233998.5,3145898496.25,3003.4166666666665,476598570.0833333,355.0,12326307.083333334,439165.6666666667,12042846454.25,282844.8333333333,13124896767.416666,9651.333333333334,206986141.08333334,43160.5,6772644367.25,30141.333333333332,1597718198.8333333,15236.166666666666,383883954.0833333,302.5833333333333,13085354.75,1838.5833333333333,1585.25,6294.583333333333,186.16666666666666,842.25,1940.0,1568.1666666666667,1427.5833333333333,2916.1666666666665,1247.8333333333333,1148.8333333333333,2066.1666666666665,1237.9166666666667,1123.0,1809.3333333333333,612.5,952.5,1230.1666666666667,167.16666666666666,696.0,716.6666666666666,18481343.833333332,507310779.5833333,683918240.0,533386042.75,481769116.5833333,207870206.75,64801361.083333336,1097.75,18163.0,16249.916666666666,9022.166666666666,7498.416666666667,2852.5,926.75
2623054000,부산진구 연지동,577.1666666666666,502.8333333333333,8329.25,7220.5,1485.8333333333333,1467.4166666666667,1729.5,2292.3333333333335,44034166.666666664,50718500.0,390.3333333333333,332.25,292.0833333333333,275.1666666666667,271.6666666666667,285.0833333333333,341.8333333333333,526.6666666666666,907.0,1742.0,1961.5833333333333,2053.3333333333335,2024.8333333333333,2111.25,2111.25,1930.6666666666667,1800.75,1604.8333333333333,1330.8333333333333,982.25,826.5833333333334,713.5833333333334,613.5,521.8333333333334,19605.666666666668,20076.416666666668,20328.416666666668,20459.0,20425.75,20234.666666666668,19622.583333333332,18506.25,16352.833333333334,14046.333333333334,12480.25,11481.416666666666,10964.166666666666,10750.083333333334,10434.416666666666,10356.666666666666,10806.75,11600.25,12579.666666666666,13995.416666666666,15142.333333333334,16373.25,17726.0,18857.666666666668,2233.5,1996.25,1884.3333333333333,1818.25,1816.3333333333333,1878.1666666666667,2097.5833333333335,2364.0833333333335,2863.6666666666665,2909.5,3136.8333333333335,3336.25,3441.75,3472.5,3641.0,3794.9166666666665,3929.4166666666665,3979.3333333333335,3969.3333333333335,3884.0,3668.75,3320.0,2922.0,2544.6666666666665,44.5,25.083333333333332,17.833333333333332,13.583333333333334,13.833333333333334,27.916666666666668,40.333333333333336,54.5,105.58333333333333,177.25,211.16666666666666,261.5833333333333,305.8333333333333,252.25,265.5,289.8333333333333,322.75,341.9166666666667,329.6666666666667,285.0,231.91666666666666,189.41666666666666,134.58333333333334,78.83333333333333,760564.5833333334,463811.5833333333,349646.25,227545.58333333334,244390.83333333334,470038.3333333333,624346.1666666666,787419.75,1439470.5,4725906.75,6298725.083333333,7000589.583333333,7284796.75,6486999.333333333,7491800.583333333,8254602.583333333,8737976.666666666,8341627.666666667,7205392.583333333,5671899.5,4598200.166666667,3577607.6666666665,2302547.0833333335,1499958.9166666667,78.25,6236252.916666667,1780.75,108084916.0,512.3333333333334,97684240.91666667,491.0833333333333,32889212.0,2712.0,253125337.75,35.0,1132600.0,,,18904.75,320127415.4166667,28663.416666666668,293475432.9166667,3994.4166666666665,52621901.416666664,4190.416666666667,119909961.08333333,262.75,31258845.916666668,1324.6666666666667,58815960.583333336,514.9166666666666,20276564.583333332,70.83333333333333,1532.0,353.1666666666667,233.58333333333334,2938.5,436.0833333333333,126.41666666666667,1905.8333333333333,394.4166666666667,177.08333333333334,2270.9166666666665,480.25,176.41666666666666,2458.1666666666665,510.6666666666667,162.33333333333334,2274.8333333333335,457.3333333333333,131.0,2167.1666666666665,318.9166666666667,122751.83333333333,3422561.3333333335,17764467.75,32079194.666666668,21843151.0,13219194.5,6308893.75,17.666666666666668,252.66666666666666,840.5833333333334,1226.9166666666667,955.4166666666666,509.4166666666667,217.75
2623055000,부산진구 초읍동,892.5833333333334,784.5833333333334,9058.5,7936.0,1900.5833333333333,1806.25,2813.8333333333335,3757.3333333333335,62494333.333333336,83915500.0,607.9166666666666,529.3333333333334,332.0,229.41666666666666,197.16666666666666,218.91666666666666,319.75,713.5,1719.6666666666667,2838.0,3210.9166666666665,3365.9166666666665,3409.4166666666665,3406.25,3415.8333333333335,3251.5833333333335,3064.4166666666665,2597.75,2018.5,1441.3333333333333,1214.3333333333333,1025.25,830.4166666666666,704.25,20662.083333333332,21042.916666666668,21232.666666666668,21338.25,21272.583333333332,21100.083333333332,20525.25,19513.166666666668,17634.833333333332,15650.833333333334,14238.333333333334,13319.25,12801.166666666666,12546.5,12262.916666666666,12271.833333333334,12747.166666666666,13553.25,14583.416666666666,15827.5,16902.75,17956.083333333332,19048.833333333332,19969.583333333332,2320.75,2025.4166666666667,1650.5,1457.0833333333333,1389.25,1460.6666666666667,1675.3333333333333,2253.1666666666665,3064.9166666666665,3492.25,4543.5,5232.666666666667,5714.666666666667,5587.583333333333,5692.0,5760.5,5492.5,5134.833333333333,5106.166666666667,5122.583333333333,4807.166666666667,4178.166666666667,3400.0833333333335,2693.5833333333335,60.583333333333336,33.166666666666664,21.666666666666668,17.25,14.666666666666666,25.666666666666668,43.083333333333336,75.0,135.33333333333334,232.75,306.75,429.0,607.0,539.0,483.0833333333333,483.5,493.0833333333333,525.6666666666666,540.6666666666666,497.4166666666667,400.25,295.6666666666667,207.66666666666666,108.16666666666667,1530795.8333333333,819110.1666666666,435862.9166666667,315116.5,208534.83333333334,347079.5,509375.6666666667,733554.5833333334,1476385.1666666667,3836555.0833333335,6205127.583333333,9082859.666666666,13384023.0,10880476.333333334,10553882.5,10399553.416666666,11422394.166666666,11901274.166666666,12650545.5,13384244.416666666,11605756.666666666,7498349.416666667,4780975.416666667,2518480.0,454.4166666666667,2547577.9166666665,934.3333333333334,55297091.0,236.66666666666666,37099982.833333336,740.1666666666666,35242792.25,14113.5,271890549.0833333,200.75,12036993.666666666,,,54993.416666666664,1238100056.5833333,41050.833333333336,563151653.5833334,2810.25,83241811.0,5195.583333333333,175592748.41666666,315.25,26478008.583333332,367.9166666666667,29094124.333333332,83.91666666666667,2966882.6666666665,127.16666666666667,1753.0,395.5,295.0833333333333,2195.3333333333335,584.5833333333334,191.91666666666666,1653.3333333333333,452.9166666666667,259.5833333333333,2220.8333333333335,596.0,326.6666666666667,2860.9166666666665,694.25,258.9166666666667,3119.9166666666665,594.25,215.83333333333334,3188.3333333333335,386.8333333333333,207061.41666666666,5951025.083333333,23435239.416666668,40510853.083333336,37939095.5,26949003.25,11422180.583333334,37.666666666666664,374.9166666666667,1294.1666666666667,1831.8333333333333,1648.5,963.0,419.5833333333333
2623056000,부산진구 양정1동,1337.5833333333333,918.75,8646.666666666666,7280.166666666667,1565.5,1614.9166666666667,4005.0833333333335,4733.75,103319416.66666667,114845500.0,323.3333333333333,255.16666666666666,226.41666666666666,209.16666666666666,201.41666666666666,231.25,333.3333333333333,582.5,1706.5833333333333,3841.5833333333335,4708.333333333333,4997.416666666667,4919.416666666667,5031.25,5038.583333333333,4783.666666666667,4489.416666666667,3870.8333333333335,2767.9166666666665,1860.0,1467.9166666666667,1127.3333333333333,750.0,500.25,19715.0,20160.666666666668,20489.916666666668,20661.083333333332,20684.416666666668,20510.583333333332,19911.333333333332,18872.583333333332,16755.666666666668,14203.666666666666,12799.166666666666,11895.083333333334,11420.416666666666,11169.25,10839.583333333334,10812.166666666666,11368.0,12264.75,13288.666666666666,14700.916666666666,15745.416666666666,16836.5,18046.75,19114.666666666668,1870.25,1609.8333333333333,1436.8333333333333,1330.4166666666667,1321.8333333333333,1321.5833333333333,1674.8333333333333,1819.1666666666667,2698.75,3000.9166666666665,3688.25,3998.5833333333335,4294.166666666667,4118.083333333333,4193.833333333333,4277.75,4611.333333333333,4651.333333333333,4910.5,4932.833333333333,4538.666666666667,4069.5833333333335,3533.5,2471.0833333333335,122.5,73.0,47.083333333333336,31.833333333333332,26.833333333333332,38.333333333333336,68.0,95.33333333333333,211.91666666666666,338.3333333333333,407.8333333333333,577.5,815.9166666666666,615.3333333333334,546.9166666666666,553.9166666666666,594.3333333333334,664.9166666666666,731.75,647.5833333333334,561.0833333333334,444.4166666666667,323.8333333333333,202.66666666666666,2726289.1666666665,1865598.9166666667,1229668.4166666667,733765.75,669721.0833333334,507914.0,1029389.5,1167272.4166666667,2238265.8333333335,6481118.833333333,13564217.5,17428043.666666668,17869067.25,15343534.25,15299936.416666666,15319240.583333334,16407796.583333334,16803282.5,17774207.083333332,17026718.916666668,14655153.0,10857032.333333334,6890259.333333333,4302537.666666667,2536.8333333333335,17962366.916666668,4739.916666666667,129743879.16666667,642.25,145394921.08333334,1102.75,55171758.416666664,23053.666666666668,1047271894.6666666,149.75,8734922.25,,,64597.333333333336,1333750448.6666667,49773.916666666664,514262772.4166667,2993.25,116798400.75,7635.583333333333,315797326.5,816.4166666666666,77402824.08333333,437.4166666666667,65139537.416666664,283.25,10807037.75,472.4166666666667,2203.0833333333335,641.0833333333334,358.6666666666667,3078.75,436.6666666666667,298.6666666666667,1897.1666666666667,436.0833333333333,374.8333333333333,2332.0833333333335,470.0833333333333,399.0833333333333,2548.6666666666665,528.0,254.08333333333334,2012.75,399.75,96.16666666666667,1851.5,265.75,804973.6666666666,21737427.333333332,39853981.25,52661107.166666664,57294326.666666664,33743475.25,12070510.333333334,125.58333333333333,1563.5833333333333,1908.5,1875.3333333333333,2016.5833333333333,918.1666666666666,328.4166666666667
2623057000,부산진구 양정2동,1261.1666666666667,1255.0,5480.583333333333,4678.75,1758.6666666666667,1777.8333333333333,3122.0833333333335,4332.083333333333,111529916.66666667,144133750.0,349.0833333333333,299.75,265.9166666666667,258.3333333333333,265.6666666666667,316.0833333333333,644.75,1424.0,2856.8333333333335,5007.25,5637.5,5824.166666666667,5473.75,5611.666666666667,5495.833333333333,5008.25,4667.833333333333,4003.0833333333335,2552.3333333333335,1490.8333333333333,1104.25,828.0833333333334,590.5,450.75,12599.75,12976.666666666666,13426.166666666666,13692.166666666666,13762.666666666666,13680.583333333334,13275.416666666666,12387.0,10900.416666666666,9135.25,8159.0,7559.5,7240.5,7047.75,6837.666666666667,6746.916666666667,6973.833333333333,7429.166666666667,8043.083333333333,8892.25,9520.333333333334,10315.166666666666,11222.833333333334,12023.833333333334,2216.8333333333335,1995.75,1923.1666666666667,1865.0833333333333,1902.1666666666667,1956.0833333333333,2270.9166666666665,2625.6666666666665,3582.5,4031.4166666666665,4555.833333333333,4906.083333333333,5387.583333333333,4931.666666666667,5082.25,4868.833333333333,4616.75,4411.916666666667,4400.25,4271.583333333333,3872.5833333333335,3547.5833333333335,3112.9166666666665,2575.5,83.33333333333333,55.333333333333336,41.083333333333336,28.916666666666668,26.083333333333332,44.416666666666664,81.5,134.0,268.75,361.8333333333333,429.25,598.25,835.25,545.3333333333334,504.4166666666667,483.75,479.6666666666667,470.6666666666667,540.4166666666666,455.4166666666667,368.8333333333333,283.3333333333333,197.91666666666666,132.08333333333334,1874385.0,973582.6666666666,790420.5833333334,562076.1666666666,436791.8333333333,785898.3333333334,1408392.9166666667,2750456.8333333335,7005636.916666667,13141086.0,23609682.583333332,29920278.75,25384245.333333332,19840825.916666668,20631329.5,19771001.833333332,19109280.0,13730461.5,14191296.166666666,11836595.666666666,10700827.666666666,6787200.5,6033542.75,4401733.583333333,291.4166666666667,11294998.916666666,2591.75,463623566.5,192.08333333333334,53897060.75,546.1666666666666,44856123.75,11291.083333333334,551045062.0833334,43.833333333333336,17599771.583333332,,,44979.333333333336,917661979.5833334,47590.0,470855902.3333333,3167.6666666666665,106014268.08333333,11804.166666666666,1014126446.6666666,262.1666666666667,41875244.916666664,801.1666666666666,59081147.833333336,748.8333333333334,34193520.583333336,278.4166666666667,1664.5833333333333,575.0833333333334,345.0833333333333,1166.5,412.1666666666667,425.0833333333333,1598.5,525.8333333333334,475.75,1340.9166666666667,568.5,569.25,1421.4166666666667,646.5,299.3333333333333,1598.8333333333333,484.8333333333333,120.91666666666667,1366.5,321.1666666666667,244193.66666666666,16153857.0,45427350.5,61846283.25,66023893.333333336,43052363.666666664,22924118.166666668,26.916666666666668,1024.5833333333333,1927.4166666666667,1689.75,1549.3333333333333,838.75,395.6666666666667
2623060000,부산진구 전포1동,1469.0833333333333,1673.0833333333333,7046.166666666667,6100.583333333333,3659.1666666666665,3150.25,10485.5,8291.583333333334,285784416.6666667,221697083.33333334,453.4166666666667,361.25,314.9166666666667,297.8333333333333,298.5,329.3333333333333,483.25,1003.3333333333334,2814.9166666666665,5375.75,6183.75,6744.5,6718.666666666667,6939.083333333333,6889.166666666667,6353.083333333333,6070.5,5266.5,4229.916666666667,2824.9166666666665,2212.0,1636.0833333333333,1068.6666666666667,681.4166666666666,16059.833333333334,16447.0,16686.166666666668,16844.333333333332,16885.166666666668,16807.416666666668,16425.583333333332,15652.333333333334,14203.416666666666,12175.083333333334,10959.083333333334,10146.833333333334,9711.0,9452.833333333334,9235.583333333334,9202.333333333334,9527.916666666666,10076.916666666666,10828.416666666666,11923.416666666666,12743.833333333334,13633.25,14591.583333333334,15418.083333333334,4308.5,3267.75,2602.0,2278.1666666666665,2185.75,2216.5,2661.5833333333335,3184.1666666666665,4273.166666666667,4433.083333333333,5204.666666666667,6255.416666666667,7791.25,9000.833333333334,10106.5,10605.416666666666,10886.666666666666,11233.666666666666,11955.5,12587.583333333334,11921.666666666666,10392.916666666666,8253.916666666666,5953.833333333333,337.25,200.66666666666666,109.91666666666667,64.91666666666667,44.916666666666664,54.666666666666664,85.66666666666667,134.33333333333334,256.3333333333333,331.9166666666667,457.6666666666667,842.25,1498.3333333333333,1575.8333333333333,1598.0,1546.5,1477.25,1459.4166666666667,1606.0833333333333,1532.3333333333333,1298.6666666666667,976.1666666666666,749.0,537.6666666666666,10093366.416666666,5417631.833333333,2347096.9166666665,1269863.3333333333,614215.8333333334,594675.0833333334,1291994.9166666667,2178456.5,3459117.3333333335,6725836.583333333,14154751.166666666,24035357.5,36373894.166666664,43394637.5,45407133.083333336,45778350.166666664,36660123.833333336,36234433.583333336,40488980.166666664,43623855.583333336,39376521.083333336,29250981.583333332,22331163.75,16380148.333333334,2544.3333333333335,47250923.666666664,14076.5,443787453.3333333,1006.6666666666666,115815951.25,3453.75,259786574.75,54652.166666666664,954047670.8333334,39.416666666666664,3306621.3333333335,75.2,1249860.6,166297.0,4671440256.166667,104136.25,1875757797.0833333,3087.0,198987445.75,3500.3333333333335,191436709.16666666,6091.333333333333,274017420.0,4180.25,91445982.41666667,363.3333333333333,12978328.5,631.0,2080.3333333333335,2544.5833333333335,672.9166666666666,1588.75,712.0,600.1666666666666,2064.25,1321.4166666666667,473.5,1764.8333333333333,779.8333333333334,409.9166666666667,1815.0833333333333,720.4166666666666,266.0,1790.6666666666667,475.75,86.0,2041.0833333333333,252.91666666666666,4377527.75,146120765.0,144398627.75,89771860.33333333,71793866.41666667,42757512.666666664,8262433.916666667,290.1666666666667,6684.333333333333,5873.416666666667,2750.5833333333335,2217.5,759.75,198.58333333333334
2623061000,부산진구 전포2동,1295.4166666666667,1426.1666666666667,7875.583333333333,6931.0,2128.3333333333335,1990.5,4555.583333333333,4884.833333333333,132076166.66666667,141736333.33333334,463.75,376.0,337.9166666666667,315.6666666666667,321.1666666666667,347.8333333333333,484.9166666666667,833.4166666666666,1961.0,4645.5,5639.916666666667,6023.0,5952.166666666667,6029.166666666667,6070.666666666667,5744.666666666667,5407.333333333333,4657.083333333333,3386.5833333333335,2076.0,1585.0833333333333,1184.3333333333333,879.0833333333334,648.0,17972.666666666668,18444.083333333332,18849.833333333332,19064.583333333332,19100.083333333332,18959.166666666668,18407.833333333332,17389.0,15626.833333333334,13678.416666666666,12363.0,11460.833333333334,10988.5,10724.166666666666,10449.5,10359.0,10719.25,11415.5,12302.916666666666,13483.25,14385.5,15382.416666666666,16454.0,17395.583333333332,2652.75,2234.6666666666665,2023.5833333333333,1893.25,1874.5,1897.25,2090.8333333333335,2394.5,2978.5,3566.5,4374.5,4912.333333333333,5384.083333333333,5638.166666666667,6033.833333333333,6275.583333333333,6104.833333333333,5883.833333333333,5928.583333333333,6181.833333333333,5755.666666666667,5156.5,4245.833333333333,3405.0,167.91666666666666,108.75,70.66666666666667,45.5,34.833333333333336,44.0,53.833333333333336,87.41666666666667,207.5,291.3333333333333,372.0833333333333,490.6666666666667,801.1666666666666,691.3333333333334,651.0833333333334,663.1666666666666,674.5,684.9166666666666,760.3333333333334,704.25,621.75,533.9166666666666,397.6666666666667,275.75,4695811.666666667,2704153.6666666665,1536882.8333333333,849468.4166666666,542128.0,583111.9166666666,681692.5,1156089.6666666667,3679436.0833333335,9850528.5,14446739.5,16822605.666666668,23128670.75,19463095.25,20385918.666666668,20743687.333333332,20645984.666666668,19132531.416666668,19970741.333333332,20836120.916666668,18577291.916666668,15148302.416666666,10631210.25,7604378.75,60.75,7888923.333333333,3759.6666666666665,506512434.5,616.25,80940486.41666667,1649.1666666666667,114847785.66666667,13048.833333333334,618887034.8333334,203.16666666666666,21589864.75,,,82128.91666666667,2010824284.4166667,62852.833333333336,839771596.0833334,3216.0833333333335,132782980.41666667,4230.416666666667,277013682.5833333,1339.4166666666667,82314384.33333333,1308.9166666666667,177371231.91666666,,,404.75,2017.6666666666667,956.75,289.8333333333333,1875.3333333333333,399.3333333333333,469.8333333333333,2142.0,710.6666666666666,483.6666666666667,1899.5,573.3333333333334,520.8333333333334,2279.0833333333335,580.1666666666666,389.5,2197.0,497.1666666666667,161.0,2393.6666666666665,398.8333333333333,1031975.0,49084288.083333336,65687841.333333336,53807048.166666664,57512552.666666664,34049617.333333336,12640247.583333334,67.41666666666667,2260.5,2704.3333333333335,1704.5833333333333,1504.1666666666667,855.0833333333334,342.0833333333333
2623064000,부산진구 부암1동,1053.5,1008.75,8232.0,7245.25,3045.5833333333335,2980.1666666666665,3557.6666666666665,4701.833333333333,161596333.33333334,203235083.33333334,399.6666666666667,327.0,288.4166666666667,275.5,274.6666666666667,332.1666666666667,546.0,959.6666666666666,1738.5,3531.9166666666665,4104.083333333333,4302.416666666667,3896.5,4152.416666666667,4298.75,4238.75,4037.1666666666665,3645.4166666666665,2784.25,1630.25,1290.3333333333333,1029.75,791.0,640.8333333333334,19578.583333333332,20048.333333333332,20333.083333333332,20493.0,20431.75,20242.833333333332,19629.416666666668,18461.166666666668,16315.5,13646.166666666666,12042.333333333334,11085.833333333334,10607.416666666666,10404.416666666666,10176.833333333334,10288.583333333334,10864.416666666666,11726.333333333334,12721.75,14056.833333333334,15265.833333333334,16485.833333333332,17738.75,18822.25,3739.8333333333335,3210.5,2979.1666666666665,2848.5,2832.1666666666665,2947.9166666666665,3417.6666666666665,3988.5833333333335,4952.916666666667,5233.75,6071.5,7127.666666666667,7969.916666666667,8499.833333333334,8926.083333333334,8992.583333333334,8895.666666666666,8891.583333333334,8924.333333333334,8735.0,8120.083333333333,6957.916666666667,5741.25,4633.833333333333,67.5,38.75,29.083333333333332,20.583333333333332,22.583333333333332,43.916666666666664,55.5,91.25,151.66666666666666,210.41666666666666,406.5833333333333,586.0,664.25,626.4166666666666,637.0833333333334,672.5833333333334,698.6666666666666,695.4166666666666,646.8333333333334,582.4166666666666,534.25,414.8333333333333,246.5,107.66666666666667,1132840.0833333333,641511.0833333334,452686.0,325428.0833333333,416505.0833333333,755924.3333333334,1031202.9166666666,1373855.75,2344883.3333333335,5319380.083333333,20483759.5,31271834.583333332,32065778.916666668,28788210.583333332,31727156.166666668,35426787.166666664,37898021.333333336,33657740.666666664,27062362.75,25132552.666666668,22072952.916666668,16440999.166666666,6961375.083333333,2066180.5833333333,342.4166666666667,74159903.91666667,5215.0,113293102.91666667,171.0,38715408.0,278.25,20220408.416666668,11410.0,278425647.6666667,37.5,72882966.83333333,,,24928.583333333332,775224786.0833334,83684.83333333333,3402886598.25,1863.8333333333333,21503252.5,4885.916666666667,591995020.1666666,272.0,72208859.58333333,2163.5,59997827.166666664,1296.4166666666667,52719892.416666664,246.0,1556.3333333333333,849.5,98.5,2544.5,848.5833333333334,396.4166666666667,2018.75,962.3333333333334,450.3333333333333,2231.6666666666665,1001.25,475.75,2277.5,1052.0,247.5,2266.1666666666665,804.5833333333334,145.08333333333334,2579.5,505.0833333333333,314830.3333333333,25715387.5,76566218.75,96130913.58333333,91106203.08333333,54274743.333333336,20740166.75,23.416666666666668,736.0833333333334,2144.4166666666665,2248.5833333333335,1742.25,1002.8333333333334,360.75
2623066000,부산진구 부암3동,476.5,444.6666666666667,8126.166666666667,7548.666666666667,828.75,830.8333333333334,1480.8333333333333,1852.1666666666667,34064666.666666664,37069666.666666664,150.0,127.0,114.5,110.75,112.16666666666667,133.91666666666666,261.4166666666667,492.3333333333333,1010.0833333333334,1797.0833333333333,1957.4166666666667,2036.25,2051.1666666666665,2083.5833333333335,2066.6666666666665,1794.4166666666667,1688.5833333333333,1328.6666666666667,962.4166666666666,643.75,481.9166666666667,372.75,271.3333333333333,208.83333333333334,19895.916666666668,20342.666666666668,20558.416666666668,20678.583333333332,20692.5,20509.833333333332,19809.333333333332,18495.5,16077.25,13730.083333333334,12283.0,11299.916666666666,10808.5,10573.916666666666,10402.583333333334,10374.666666666666,10974.583333333334,11837.0,12956.666666666666,14324.416666666666,15557.75,16810.666666666668,18086.0,19131.083333333332,1217.4166666666667,1100.25,1035.1666666666667,989.8333333333334,991.3333333333334,1008.5833333333334,1100.8333333333333,1239.5833333333333,1434.4166666666667,1606.6666666666667,1836.1666666666667,1985.1666666666667,2022.6666666666667,2034.75,2136.5833333333335,2183.5,2190.9166666666665,2160.5,2139.0833333333335,2264.25,2178.6666666666665,1973.5833333333333,1682.1666666666667,1425.1666666666667,32.0,18.5,13.0,9.583333333333334,9.5,19.416666666666668,27.416666666666668,39.166666666666664,72.83333333333333,132.41666666666666,158.5,186.16666666666666,232.25,212.66666666666666,209.41666666666666,235.41666666666666,259.8333333333333,298.8333333333333,295.4166666666667,271.9166666666667,229.58333333333334,181.33333333333334,126.66666666666667,62.0,506014.5833333333,253041.5,228149.91666666666,90126.66666666667,85758.83333333333,243543.75,324312.0,421687.5833333333,813360.4166666666,2204380.1666666665,3176422.8333333335,4127828.5833333335,4435315.166666667,4565337.333333333,4728528.833333333,5663453.833333333,6038444.25,6695857.833333333,6923839.666666667,6665685.5,5716210.0,3889152.0833333335,2357443.9166666665,1089690.0,176.08333333333334,2392885.9166666665,875.0,36256397.25,298.9166666666667,77718261.58333333,1465.8333333333333,45888953.666666664,2293.4166666666665,89424289.16666667,,,,,16915.416666666668,336608369.75,31195.166666666668,413988922.8333333,1972.25,44302455.25,1861.0,53065091.833333336,131.16666666666666,27884559.916666668,68.83333333333333,18225707.333333332,15.916666666666666,719418.0,56.916666666666664,1747.6666666666667,197.5,243.75,3057.75,324.4166666666667,93.0,1834.6666666666667,236.83333333333334,135.83333333333334,2486.9166666666665,250.58333333333334,175.83333333333334,2760.0,277.0,155.66666666666666,2082.6666666666665,225.91666666666666,58.083333333333336,1702.9166666666667,144.75,98807.08333333333,2647977.5833333335,11925961.5,22894565.166666668,19558173.916666668,10875873.25,3138131.3333333335,18.083333333333332,232.58333333333334,697.8333333333334,1018.6666666666666,836.0833333333334,414.5,113.66666666666667
2623067000,부산진구 당감1동,1019.6666666666666,616.9166666666666,10351.25,9017.833333333334,1725.6666666666667,1853.6666666666667,3136.6666666666665,3549.4166666666665,70926083.33333333,86049250.0,475.0833333333333,417.5,391.5,377.8333333333333,372.8333333333333,389.5833333333333,464.25,674.8333333333334,1611.3333333333333,2793.5833333333335,3165.75,3345.0833333333335,3373.0,3421.9166666666665,3323.8333333333335,2980.4166666666665,2829.25,2390.0833333333335,1936.3333333333333,1409.25,1104.5833333333333,898.1666666666666,724.8333333333334,613.0,23855.0,24374.916666666668,24650.0,24818.666666666668,24755.583333333332,24559.5,23758.083333333332,22418.25,19921.083333333332,17330.666666666668,15771.583333333334,14805.666666666666,14262.25,13990.166666666666,13658.25,13663.583333333334,14342.416666666666,15348.833333333334,16476.916666666668,17954.666666666668,19127.833333333332,20400.166666666668,21745.083333333332,22920.583333333332,2438.0,2131.6666666666665,1951.4166666666667,1838.5,1804.25,1882.9166666666667,2264.6666666666665,2680.3333333333335,3471.4166666666665,3552.75,3995.3333333333335,4289.833333333333,4589.0,4549.583333333333,4669.416666666667,4708.666666666667,4814.916666666667,4998.0,5156.666666666667,5143.5,4673.083333333333,4127.166666666667,3497.1666666666665,2886.75,40.666666666666664,25.583333333333332,16.916666666666668,12.666666666666666,12.833333333333334,32.416666666666664,37.833333333333336,57.833333333333336,102.08333333333333,279.5833333333333,390.5833333333333,505.25,578.6666666666666,489.4166666666667,537.9166666666666,562.4166666666666,614.9166666666666,637.0833333333334,558.3333333333334,440.3333333333333,324.6666666666667,231.83333333333334,132.58333333333334,74.66666666666667,1146543.25,731329.75,572724.3333333334,285616.0833333333,190286.16666666666,673887.9166666666,815645.0,1026587.75,1808999.25,6162051.083333333,11118356.166666666,12086974.916666666,13576783.0,11604099.166666666,13241433.416666666,13026564.75,13048112.083333334,13307566.5,12607617.166666666,11119044.833333334,8577775.75,5539869.333333333,2965181.25,1870914.3333333333,53.75,9448507.0,1625.25,89786040.0,360.9166666666667,69562945.08333333,537.75,23200973.5,5137.666666666667,192856339.66666666,38.888888888888886,2184244.0,,,34824.916666666664,837476500.25,40088.833333333336,437264094.3333333,8730.166666666666,177291105.75,10877.666666666666,309720041.6666667,1200.5,101950470.41666667,484.0,19696206.25,533.6666666666666,22671228.416666668,112.91666666666667,2166.5,435.1666666666667,455.0,3607.1666666666665,582.9166666666666,176.66666666666666,2207.9166666666665,454.25,209.33333333333334,2840.0833333333335,557.6666666666666,296.4166666666667,3346.5,680.3333333333334,233.16666666666666,2657.5833333333335,543.6666666666666,150.33333333333334,2541.0,322.9166666666667,265759.0,7072165.166666667,23285777.25,39137666.75,46754284.916666664,29549025.25,10914247.083333334,31.833333333333332,440.6666666666667,1225.6666666666667,1684.5833333333333,1753.0833333333333,1121.5833333333333,426.4166666666667
2623068000,부산진구 당감2동,370.0833333333333,427.1666666666667,3240.9166666666665,2929.4166666666665,785.9166666666666,826.6666666666666,1607.8333333333333,2063.75,69310333.33333333,80244666.66666667,222.41666666666666,184.41666666666666,168.91666666666666,150.75,149.33333333333334,174.25,264.4166666666667,482.0,788.5,1470.75,1512.0,1586.25,1422.0833333333333,1630.25,1557.3333333333333,1537.0,1467.25,1287.0,919.5,647.25,521.8333333333334,429.75,340.9166666666667,290.9166666666667,8201.333333333334,8442.833333333334,8587.166666666666,8649.083333333334,8664.416666666666,8578.25,8260.333333333334,7570.0,6398.083333333333,5181.083333333333,4510.083333333333,4131.916666666667,3952.0833333333335,3859.0833333333335,3691.8333333333335,3707.25,3929.5,4323.416666666667,4828.5,5465.333333333333,5971.166666666667,6525.0,7093.833333333333,7589.166666666667,1575.5,1481.3333333333333,1451.1666666666667,1428.0833333333333,1549.9166666666667,1568.3333333333333,1612.25,1568.4166666666667,1517.75,1638.4166666666667,1614.9166666666667,1694.0,1684.6666666666667,1755.5833333333333,1613.25,1632.5833333333333,1625.0,1671.0,1736.5,1800.4166666666667,1775.0833333333333,1688.1666666666667,1593.4166666666667,1464.0833333333333,34.75,23.416666666666668,17.166666666666668,12.333333333333334,11.916666666666666,20.583333333333332,26.583333333333332,48.75,112.08333333333333,242.75,278.75,296.9166666666667,286.8333333333333,241.33333333333334,256.75,264.5833333333333,267.25,249.41666666666666,252.75,213.66666666666666,181.91666666666666,155.5,110.91666666666667,61.416666666666664,669957.3333333334,573705.9166666666,509747.3333333333,484594.8333333333,391344.25,383627.0,458989.0,749461.4166666666,2294737.6666666665,16449072.416666666,27405234.166666668,24457550.25,13958474.0,8612470.75,10074835.583333334,8905283.25,8350561.166666667,4850247.666666667,4353101.416666667,3608730.0833333335,3048345.25,3283464.25,4131395.25,1769096.1666666667,35.0,32950435.0,1919.5,70881046.75,82.33333333333333,26156337.166666668,157.33333333333334,9176493.416666666,2853.25,50312118.666666664,41.583333333333336,9497858.583333334,,,11600.833333333334,163287942.58333334,29610.083333333332,296357360.5833333,1452.0,15729741.833333334,9098.25,1114076962.4166667,216.75,5445477.333333333,1382.25,35598480.833333336,,,71.5,672.8333333333334,183.08333333333334,17.083333333333332,887.5833333333334,299.0833333333333,136.08333333333334,858.5,269.4166666666667,168.33333333333334,806.4166666666666,254.16666666666666,213.33333333333334,1005.4166666666666,263.4166666666667,154.83333333333334,997.1666666666666,205.0,33.583333333333336,939.6666666666666,135.91666666666666,136788.66666666666,6195639.833333333,21169212.25,34324460.666666664,40884309.5,33742607.0,13124153.583333334,16.5,375.0,866.25,908.0833333333334,776.5,516.0833333333334,213.41666666666666
2623070000,부산진구 당감4동,538.25,432.75,4152.25,3785.6666666666665,1101.5833333333333,1107.25,1206.3333333333333,1828.5833333333333,44597916.666666664,65212250.0,281.0,235.66666666666666,214.75,205.75,203.58333333333334,213.16666666666666,260.4166666666667,404.8333333333333,915.5,1657.8333333333333,1865.5,1971.4166666666667,1996.8333333333333,1987.5833333333333,1904.8333333333333,1737.3333333333333,1589.0,1403.9166666666667,1153.5833333333333,847.4166666666666,727.5833333333334,624.5833333333334,509.75,429.4166666666667,10055.916666666666,10327.0,10480.0,10569.0,10574.75,10481.0,10121.166666666666,9401.416666666666,8171.083333333333,6947.25,6230.833333333333,5772.0,5540.75,5397.916666666667,5190.833333333333,5185.916666666667,5432.416666666667,5889.583333333333,6507.083333333333,7246.5,7851.166666666667,8453.083333333334,9096.333333333334,9630.916666666666,1700.3333333333333,1510.75,1417.8333333333333,1367.8333333333333,1379.5,1424.25,1515.4166666666667,1711.5,2090.3333333333335,2186.8333333333335,2320.25,2423.9166666666665,2582.8333333333335,2580.0,2504.8333333333335,2499.75,2543.5,2701.0,3017.3333333333335,3227.25,3100.8333333333335,2786.5,2393.6666666666665,2061.1666666666665,38.416666666666664,20.666666666666668,14.666666666666666,10.083333333333334,9.416666666666666,28.083333333333332,43.166666666666664,37.75,66.83333333333333,106.83333333333333,133.5,163.16666666666666,217.66666666666666,186.41666666666666,182.66666666666666,182.0,190.66666666666666,228.0,261.75,270.75,251.25,194.41666666666666,129.83333333333334,71.0,1280955.8333333333,590120.6666666666,373527.8333333333,179156.33333333334,140285.5,744020.4166666666,971145.5,774087.5,1247476.8333333333,3040085.5833333335,4814791.416666667,5902392.25,7421373.166666667,6714040.333333333,7307664.5,7157169.75,7438599.5,8921835.083333334,9890141.583333334,10999627.333333334,10363812.583333334,6964454.166666667,4294889.666666667,2453005.5833333335,88.41666666666667,1040535.5,684.1666666666666,63325353.916666664,153.75,40028301.416666664,565.1666666666666,32646728.833333332,5976.083333333333,161216852.0,,,,,21969.333333333332,838425094.9166666,16507.583333333332,225868247.5,1145.8333333333333,26099940.0,2892.5833333333335,122961126.16666667,433.5,144621571.25,371.5833333333333,45717853.583333336,581.4166666666666,26241782.583333332,82.91666666666667,854.0,224.33333333333334,258.8333333333333,1334.5,503.3333333333333,93.16666666666667,1108.75,260.1666666666667,145.83333333333334,1179.3333333333333,343.9166666666667,189.75,1275.5833333333333,410.4166666666667,132.75,1128.3333333333333,296.1666666666667,65.0,1054.8333333333333,167.75,140851.16666666666,5773260.75,18249992.833333332,31375410.333333332,30910621.333333332,18459458.5,4914638.25,16.166666666666668,253.5,576.6666666666666,829.5,809.5,411.0,137.41666666666666
2623071000,부산진구 가야1동,1204.0833333333333,1295.0833333333333,8611.0,8232.0,1815.5,2015.5,2652.4166666666665,3438.5833333333335,62944333.333333336,87375500.0,582.5,503.5833333333333,461.0,441.3333333333333,424.6666666666667,439.25,520.8333333333334,786.0833333333334,1777.8333333333333,3972.0,4997.583333333333,5531.333333333333,5541.25,5684.666666666667,5629.666666666667,5229.0,4575.833333333333,3726.75,2625.9166666666665,1866.9166666666667,1568.0833333333333,1281.8333333333333,1057.6666666666667,872.0,20303.25,20702.75,20931.833333333332,21088.5,21025.583333333332,20888.75,20210.416666666668,19116.166666666668,17340.25,15491.25,14369.833333333334,13616.0,13145.166666666666,12857.666666666666,12555.083333333334,12453.666666666666,12834.75,13439.666666666666,14195.166666666666,15363.5,16385.416666666668,17496.916666666668,18694.0,19747.583333333332,2250.0833333333335,2000.8333333333333,1877.1666666666667,1812.1666666666667,1787.5,1884.1666666666667,2132.0833333333335,2771.0833333333335,3674.3333333333335,4059.1666666666665,4773.0,5423.416666666667,5381.5,5545.166666666667,5636.583333333333,5562.583333333333,5340.416666666667,5172.083333333333,5106.833333333333,4725.666666666667,4607.583333333333,4007.25,3588.1666666666665,2897.8333333333335,59.333333333333336,42.583333333333336,32.583333333333336,21.666666666666668,23.166666666666668,45.666666666666664,52.583333333333336,80.08333333333333,168.91666666666666,290.9166666666667,372.3333333333333,476.8333333333333,565.8333333333334,428.0,413.5833333333333,428.25,447.8333333333333,462.5833333333333,445.9166666666667,360.9166666666667,303.9166666666667,248.83333333333334,187.83333333333334,123.75,867829.3333333334,548762.9166666666,392474.5833333333,221909.91666666666,317953.75,730137.0,1124390.9166666667,1721396.4166666667,2898098.0,7703216.833333333,13368316.833333334,12860454.75,12562386.166666666,10189529.083333334,11834799.75,12201665.75,12704643.083333334,12099440.416666666,11002600.916666666,8544388.083333334,7244564.916666667,4518329.333333333,2908842.8333333335,1768075.0833333333,711.9166666666666,122809356.0,4038.4166666666665,102125453.5,355.6666666666667,63059499.166666664,535.9166666666666,31263194.833333332,8461.166666666666,278471040.25,,,,,30769.583333333332,580939401.5833334,40710.333333333336,347147292.9166667,4630.666666666667,68965989.0,6994.25,301245208.75,235.58333333333334,33181300.583333332,1548.6666666666667,97572130.58333333,618.3333333333334,25078461.75,818.9166666666666,3480.5,933.5833333333334,610.4166666666666,2664.1666666666665,551.0,196.83333333333334,1923.25,486.5,243.33333333333334,1978.0833333333333,524.8333333333334,295.5833333333333,2497.3333333333335,578.25,203.33333333333334,2339.0833333333335,452.25,128.16666666666666,1958.3333333333333,302.0833333333333,1069887.6666666667,11950811.166666666,26778692.416666668,44101231.416666664,38001877.166666664,21305256.333333332,7112915.666666667,182.5,1126.8333333333333,1070.9166666666667,1411.0833333333333,1451.0833333333333,644.75,201.41666666666666
2623072000,부산진구 가야2동,753.3333333333334,560.5833333333334,6367.083333333333,6014.333333333333,1568.0833333333333,1629.4166666666667,1593.5833333333333,2268.6666666666665,42075333.333333336,59002666.666666664,434.9166666666667,350.9166666666667,289.0,260.4166666666667,247.08333333333334,260.0,337.3333333333333,575.9166666666666,1203.0833333333333,1867.5,2214.5,2421.5,2474.25,2527.9166666666665,2503.3333333333335,2472.3333333333335,2408.8333333333335,2172.3333333333335,1787.75,1411.6666666666667,1209.8333333333333,954.9166666666666,700.3333333333334,583.75,15946.666666666666,16356.416666666666,16567.666666666668,16679.666666666668,16630.083333333332,16536.333333333332,16001.833333333334,14895.166666666666,12819.833333333334,10629.666666666666,9392.416666666666,8622.416666666666,8271.583333333334,8096.583333333333,7910.5,7948.166666666667,8453.5,9212.666666666666,10186.0,11351.0,12257.0,13206.0,14171.75,15048.083333333334,2677.1666666666665,2363.6666666666665,2079.5833333333335,1875.75,1818.3333333333333,1849.1666666666667,2061.5833333333335,2408.25,2813.5,2761.4166666666665,3028.9166666666665,3239.6666666666665,3887.0,3977.6666666666665,3760.25,3657.0,3819.0,4132.75,4690.0,5000.916666666667,4632.583333333333,3983.5833333333335,3399.4166666666665,2921.3333333333335,53.666666666666664,30.25,18.583333333333332,14.25,12.166666666666666,20.083333333333332,43.916666666666664,55.25,94.25,127.5,142.58333333333334,212.0,325.1666666666667,301.5833333333333,249.91666666666666,229.58333333333334,252.0,266.75,326.5,337.6666666666667,299.3333333333333,208.75,146.75,94.33333333333333,1165278.5,744483.5833333334,362111.0,205240.08333333334,157066.33333333334,342111.25,653917.0,658210.5,1229879.5833333333,2636846.3333333335,3188606.9166666665,4997672.833333333,7687712.916666667,8284423.5,7041739.666666667,5981213.0,6361379.0,7090953.916666667,9636146.5,10923355.916666666,10409291.916666666,5920087.25,3305416.8333333335,2176743.5,58.833333333333336,8722449.833333334,1458.6666666666667,44532177.583333336,160.25,38678446.833333336,540.5,29287291.75,5993.75,291710946.25,,,,,39410.083333333336,1194386401.5,21151.166666666668,191957240.33333334,2439.6666666666665,37136707.083333336,1227.1666666666667,50665683.333333336,172.41666666666666,16463231.416666666,224.75,29604645.75,50.0,2005492.6666666667,155.33333333333334,1725.4166666666667,538.5833333333334,137.5,1820.0833333333333,498.1666666666667,181.41666666666666,1353.3333333333333,455.3333333333333,211.08333333333334,1610.5,481.0833333333333,298.9166666666667,2145.9166666666665,545.4166666666666,251.25,2092.6666666666665,418.9166666666667,76.0,1631.0,257.5,295086.5,8100328.75,20952657.5,25842272.75,26310051.0,14426262.5,5153456.166666667,42.75,432.5,810.0833333333334,978.0,978.1666666666666,457.0,161.66666666666666
2623074000,부산진구 개금1동,939.25,659.75,4747.416666666667,4177.75,2428.75,2246.3333333333335,6462.916666666667,6729.333333333333,171505000.0,171701000.0,467.9166666666667,385.4166666666667,320.5,296.9166666666667,291.5,306.0833333333333,367.25,641.5833333333334,1219.0,2447.3333333333335,2924.0833333333335,3120.25,3157.0,3136.75,3047.25,2960.5,2820.5833333333335,2668.0833333333335,2179.3333333333335,1636.0,1335.1666666666667,1060.75,854.0,730.9166666666666,11236.583333333334,11595.0,11843.166666666666,11968.916666666666,11974.666666666666,11894.25,11498.416666666666,10573.583333333334,9093.416666666666,7688.75,6953.75,6473.333333333333,6245.833333333333,6071.333333333333,5945.5,6053.666666666667,6363.083333333333,6831.083333333333,7396.083333333333,8098.25,8655.333333333334,9289.666666666666,9935.416666666666,10532.083333333334,3594.0,3215.0,3020.1666666666665,2887.0,3004.1666666666665,2997.5833333333335,3237.8333333333335,3450.0,4031.0833333333335,4161.25,4858.166666666667,5083.083333333333,5579.833333333333,5169.666666666667,5452.75,5937.333333333333,6051.166666666667,6418.666666666667,6652.916666666667,6874.333333333333,6148.333333333333,5692.333333333333,4691.416666666667,4021.9166666666665,144.83333333333334,96.0,65.91666666666667,43.75,40.0,55.166666666666664,70.16666666666667,120.41666666666667,229.41666666666666,578.25,834.8333333333334,982.0,1048.1666666666667,859.0833333333334,983.0,1047.8333333333333,1102.5833333333333,1139.75,1068.4166666666667,889.5,714.0,520.0,342.0,217.66666666666666,3240560.0833333335,2257166.5833333335,1411630.8333333333,896148.6666666666,724213.75,967619.5833333334,1089946.6666666667,1884527.3333333333,3523377.75,19538913.583333332,31669500.916666668,31335526.0,27542327.833333332,20957426.416666668,25373495.083333332,27605456.666666668,27322628.25,26823169.75,25274165.0,22408533.333333332,17784354.583333332,11797342.333333334,7077575.083333333,4706954.5,216.5,40065717.25,4672.166666666667,173486235.83333334,727.6666666666666,133837879.41666667,2735.5,112449414.91666667,19333.75,733610440.4166666,162.75,11057889.0,,,69736.16666666667,1573044099.0,72014.83333333333,789624690.25,14194.0,235033188.91666666,24824.75,1082990675.5833333,1648.8333333333333,128135915.58333333,594.9166666666666,11622716.25,718.9166666666666,28575737.833333332,156.08333333333334,1647.3333333333333,795.25,195.25,1041.5,880.25,231.75,1199.6666666666667,641.9166666666666,307.0,1152.9166666666667,674.0,337.8333333333333,1197.4166666666667,760.1666666666666,236.83333333333334,1348.0,577.6666666666666,132.0,1335.5833333333333,343.5833333333333,963055.3333333334,25930711.75,67660786.25,82637247.58333333,85206426.08333333,58287215.833333336,22521731.833333332,121.16666666666667,1628.9166666666667,2882.8333333333335,2864.5833333333335,3071.3333333333335,1876.25,744.6666666666666
2623075000,부산진구 개금2동,644.1666666666666,373.5833333333333,5334.0,4728.666666666667,1250.6666666666667,1038.75,2397.8333333333335,2368.3333333333335,124186750.0,134527250.0,236.16666666666666,204.41666666666666,183.25,181.33333333333334,184.83333333333334,205.83333333333334,255.25,480.6666666666667,1559.4166666666667,1969.3333333333333,2100.5,2158.4166666666665,2052.25,2054.75,2143.0,2060.0,1917.5833333333333,1529.1666666666667,787.1666666666666,601.9166666666666,494.5,441.5833333333333,381.3333333333333,315.5833333333333,12647.0,12955.666666666666,13152.25,13296.75,13312.0,13228.333333333334,12793.666666666666,11896.916666666666,10382.5,8894.833333333334,7957.5,7388.416666666667,7098.5,6978.5,6876.833333333333,6883.666666666667,7138.583333333333,7567.083333333333,8168.5,9018.25,9777.666666666666,10590.833333333334,11416.25,12103.166666666666,1811.1666666666667,1692.5,1637.0,1624.75,1684.75,1694.3333333333333,1732.4166666666667,1920.4166666666667,2209.4166666666665,2650.5833333333335,3089.0833333333335,3131.1666666666665,2818.0833333333335,2692.6666666666665,3093.4166666666665,3050.75,2715.75,2429.8333333333335,2304.6666666666665,2358.4166666666665,2347.0,2301.5833333333335,2135.5,1893.25,18.5,14.166666666666666,10.666666666666666,8.5,8.666666666666666,12.166666666666666,43.833333333333336,82.75,184.16666666666666,398.75,507.5,567.8333333333334,519.75,389.8333333333333,419.9166666666667,398.8333333333333,319.3333333333333,254.41666666666666,183.75,140.58333333333334,128.25,86.08333333333333,45.333333333333336,28.75,573943.0833333334,381746.0,526121.6666666666,315088.5,571216.5,140697.33333333334,718705.0833333334,1940645.75,13469122.25,34469140.25,47502615.75,39432762.25,23237715.083333332,19808140.25,21698322.333333332,19402495.166666668,13899355.583333334,6988790.583333333,5067379.333333333,2952726.5833333335,2662609.6666666665,1530250.1666666667,991803.9166666666,961292.4166666666,35.0,5532565.5,240.58333333333334,72625041.0,99.91666666666667,16285506.666666666,127.83333333333333,5699373.833333333,435.9166666666667,52239967.5,,,,,21754.75,220803573.75,21894.916666666668,294614206.0833333,2150.8333333333335,28167214.5,21446.75,2225435072.9166665,146.66666666666666,15792621.25,135.25,467872.0,,,157.33333333333334,1205.0833333333333,368.3333333333333,116.5,1627.75,300.1666666666667,194.83333333333334,1155.5,285.75,202.66666666666666,1364.8333333333333,330.5,176.0,1653.8333333333333,376.4166666666667,99.91666666666667,1487.0833333333333,355.4166666666667,67.66666666666667,1566.4166666666667,270.0833333333333,212863.0,8730178.0,29415938.083333332,59801789.416666664,69505819.5,57352729.833333336,33711064.333333336,28.75,515.5,712.5833333333334,987.5833333333334,1156.0,880.9166666666666,484.75
2623076000,부산진구 개금3동,710.8333333333334,643.8333333333334,12235.416666666666,10908.75,1581.8333333333333,1653.75,2009.1666666666667,2504.8333333333335,46096750.0,70162583.33333333,377.8333333333333,327.0,298.8333333333333,287.0,283.25,301.25,363.6666666666667,580.9166666666666,1334.5833333333333,2594.5833333333335,2811.1666666666665,2921.75,2907.1666666666665,2892.0,2721.8333333333335,2297.0,2106.4166666666665,1763.9166666666667,1417.3333333333333,1079.3333333333333,926.1666666666666,807.25,667.6666666666666,575.6666666666666,28932.916666666668,29568.833333333332,29941.166666666668,30154.333333333332,30102.416666666668,29929.833333333332,29033.0,27290.666666666668,23945.333333333332,20711.916666666668,18491.333333333332,17131.416666666668,16431.416666666668,16060.75,15671.5,15533.166666666666,16288.333333333334,17497.0,19151.916666666668,21293.333333333332,22974.083333333332,24701.0,26533.083333333332,28111.75,2208.0,1963.9166666666667,1852.1666666666667,1787.75,1807.5833333333333,1897.25,2227.5,2713.1666666666665,3500.0,3503.9166666666665,3703.1666666666665,3835.1666666666665,3848.4166666666665,3773.75,3986.0833333333335,4015.3333333333335,4129.083333333333,4242.833333333333,4531.166666666667,4534.583333333333,4128.916666666667,3678.9166666666665,3214.0833333333335,2680.5,39.166666666666664,20.666666666666668,15.833333333333334,11.5,12.666666666666666,35.083333333333336,61.25,72.75,111.0,176.41666666666666,211.33333333333334,258.1666666666667,299.8333333333333,278.3333333333333,282.75,308.5833333333333,371.3333333333333,408.3333333333333,419.6666666666667,364.0,298.6666666666667,225.58333333333334,155.33333333333334,75.25,527247.1666666666,254315.66666666666,193650.25,120602.58333333333,152095.0,943529.75,1552834.25,1423886.0833333333,2111741.25,4432190.5,6147161.666666667,6335569.25,7285011.916666667,7161680.583333333,10205709.833333334,9449175.166666666,11148062.083333334,10862428.083333334,11355859.25,9048426.916666666,6842665.916666667,4614755.333333333,2877998.4166666665,1283126.6666666667,208.91666666666666,3181867.75,1224.0,59157651.666666664,438.0833333333333,84616269.16666667,674.5,28722501.0,6562.166666666667,113500867.75,,,,,16782.5,318800026.4166667,40222.75,479121580.4166667,2135.25,24934733.833333332,2480.4166666666665,66516736.25,428.4166666666667,257549549.25,356.8333333333333,76827446.16666667,975.5,45355611.25,68.08333333333333,2714.9166666666665,411.9166666666667,509.5833333333333,4386.666666666667,561.8333333333334,110.0,2766.75,447.0,154.08333333333334,3431.5,511.1666666666667,207.66666666666666,4205.0,590.4166666666666,185.5,3157.5,458.9166666666667,117.41666666666667,2479.4166666666665,252.0,249609.83333333334,5070845.166666667,16660875.0,32307445.5,36479098.5,19621315.583333332,5871999.333333333,37.416666666666664,409.0,857.1666666666666,1066.3333333333333,1201.6666666666667,721.75,217.5
2623077000,부산진구 범천1동,1838.9166666666667,1450.0,4083.5833333333335,3578.9166666666665,2386.5833333333335,2299.5,4640.5,5879.75,234839416.66666666,252344500.0,304.3333333333333,242.41666666666666,214.58333333333334,201.25,207.83333333333334,242.0,443.75,982.6666666666666,2258.5,5549.5,7158.666666666667,7710.333333333333,7493.083333333333,7549.25,7564.833333333333,7436.5,7179.416666666667,6389.666666666667,4466.166666666667,2037.3333333333333,1318.4166666666667,909.5,638.1666666666666,461.4166666666667,9350.166666666666,9628.5,9805.583333333334,9900.333333333334,9929.833333333334,9876.416666666666,9591.666666666666,9051.416666666666,8151.416666666667,7003.166666666667,6309.0,5902.25,5704.166666666667,5561.5,5412.166666666667,5407.166666666667,5603.25,5926.833333333333,6354.333333333333,6903.25,7332.916666666667,7849.583333333333,8428.25,8929.0,2596.4166666666665,2269.5,2168.5833333333335,2122.3333333333335,2185.5833333333335,2301.1666666666665,2792.3333333333335,3263.1666666666665,4413.5,5215.083333333333,5960.166666666667,6877.666666666667,7928.416666666667,7063.583333333333,7154.666666666667,6997.916666666667,7018.916666666667,6379.666666666667,6118.833333333333,5853.833333333333,4995.166666666667,4354.916666666667,3538.5833333333335,2913.5,129.33333333333334,82.0,57.666666666666664,43.25,41.416666666666664,64.41666666666667,90.5,170.16666666666666,400.0833333333333,554.75,649.0,881.8333333333334,1207.5,840.6666666666666,718.0833333333334,698.1666666666666,678.5,626.5,649.25,550.3333333333334,475.0,395.25,308.6666666666667,211.25,2236725.25,1447335.9166666667,830172.9166666666,594480.1666666666,1292298.8333333333,1814511.0833333333,2132798.4166666665,4099416.8333333335,7501853.166666667,22979638.833333332,44681873.0,55838500.5,54798725.333333336,42749170.833333336,45970188.083333336,47115020.333333336,40747234.916666664,32915623.916666668,23852535.583333332,19378046.916666668,14551375.0,9255472.75,6353680.083333333,4048129.3333333335,1782.5833333333333,6667130.583333333,4779.666666666667,1559632519.9166667,292.25,59432763.583333336,1830.4166666666667,97654362.83333333,8750.75,832759108.5,353.0,63899452.75,18.0,100600.0,65041.333333333336,1327281281.5833333,63310.0,543698306.9166666,3855.0,119436061.16666667,18001.666666666668,1874300884.75,2636.3333333333335,1274998168.25,3340.25,62947336.416666664,22.0,981044.0,425.25,1028.8333333333333,781.0,30.333333333333332,737.9166666666666,311.0,595.1666666666666,1201.3333333333333,804.8333333333334,634.75,987.3333333333334,736.5833333333334,838.75,1159.25,847.75,566.5833333333334,1194.1666666666667,748.3333333333334,195.75,1351.0833333333333,454.3333333333333,277598.6666666667,34459864.583333336,102846619.08333333,101078692.75,122987215.83333333,94285858.0,31249701.0,35.0,1478.0,2761.6666666666665,2067.0833333333335,2204.8333333333335,1427.0,544.5833333333334
2623078000,부산진구 범천2동,628.8333333333334,514.5,4719.5,4109.083333333333,1567.5,1484.0,1570.5,2448.0833333333335,46369500.0,73747250.0,291.75,251.58333333333334,227.16666666666666,221.5,224.16666666666666,247.66666666666666,336.0,597.8333333333334,1161.5833333333333,2109.3333333333335,2290.5833333333335,2360.5833333333335,2242.5833333333335,2264.0,2272.5,2230.9166666666665,2133.1666666666665,1879.3333333333333,1317.5833333333333,821.75,637.25,542.8333333333334,478.4166666666667,420.25,11048.5,11378.916666666666,11588.25,11699.25,11684.916666666666,11616.333333333334,11237.0,10541.666666666666,9265.083333333334,7884.916666666667,7027.333333333333,6506.916666666667,6228.083333333333,6060.25,5902.5,5934.666666666667,6219.833333333333,6676.25,7245.583333333333,7959.25,8560.083333333334,9242.5,9932.333333333334,10498.25,2326.0,1961.0,1867.5833333333333,1833.0833333333333,1868.6666666666667,1917.3333333333333,2075.1666666666665,2468.0,3215.5,3524.4166666666665,3799.1666666666665,3934.25,3851.75,3727.6666666666665,3807.75,3965.5833333333335,4124.25,3972.0833333333335,3736.4166666666665,3725.0,3270.25,3081.3333333333335,2828.4166666666665,2452.75,45.583333333333336,25.0,17.666666666666668,13.666666666666666,13.416666666666666,35.416666666666664,60.083333333333336,80.08333333333333,156.66666666666666,214.25,218.58333333333334,236.58333333333334,261.25,220.41666666666666,233.41666666666666,259.8333333333333,290.0833333333333,309.5833333333333,325.0833333333333,296.5833333333333,252.75,214.08333333333334,151.66666666666666,80.41666666666667,703607.8333333334,456055.8333333333,252238.83333333334,209857.58333333334,181622.16666666666,797752.25,1673292.25,2050861.25,3863749.25,6019860.083333333,11337333.75,11976485.916666666,8770690.583333334,6780480.25,8046276.083333333,8597227.666666666,9695939.333333334,8600687.833333334,8105987.75,7101951.583333333,5872244.666666667,4732193.25,3142850.1666666665,1211770.5833333333,54.416666666666664,17554311.083333332,780.25,50257757.833333336,89.08333333333333,29529777.333333332,116.58333333333333,9263152.833333334,959.0833333333334,88985640.83333333,38.916666666666664,1793083.0,,,11011.75,204132600.5,30858.416666666668,351567172.5833333,1579.3333333333333,19441453.25,3778.5833333333335,307651517.6666667,190.58333333333334,25683077.666666668,90.91666666666667,13106885.25,2161.4166666666665,95494108.91666667,149.66666666666666,810.8333333333334,436.6666666666667,63.5,966.1666666666666,330.5833333333333,201.33333333333334,1127.4166666666667,468.75,181.08333333333334,1053.5,452.8333333333333,200.08333333333334,1380.4166666666667,507.1666666666667,210.83333333333334,1702.25,477.25,133.66666666666666,1785.3333333333333,375.9166666666667,73572.83333333333,7468967.666666667,23841757.25,26960980.0,27818285.25,22643216.083333332,11318850.416666666,13.5,414.1666666666667,1087.5,958.1666666666666,813.8333333333334,529.75,200.5
2626051000,동래구 수민동,1977.6666666666667,1721.4166666666667,11038.833333333334,9799.75,2591.4166666666665,2570.0,4748.083333333333,6011.5,163628666.66666666,194291916.66666666,683.0,579.1666666666666,494.5833333333333,468.5833333333333,476.4166666666667,525.75,771.0833333333334,1399.9166666666667,2777.0833333333335,6561.583333333333,7533.0,7982.75,7844.25,8014.666666666667,7905.833333333333,7684.333333333333,7302.75,6430.833333333333,4758.916666666667,2743.0,2093.8333333333335,1605.4166666666667,1200.0833333333333,963.75,26037.166666666668,26610.75,26890.333333333332,27066.083333333332,27126.333333333332,26934.75,25998.5,24453.5,21755.75,18611.666666666668,16747.333333333332,15587.75,14998.666666666666,14685.166666666666,14396.583333333334,14362.583333333334,14974.25,16056.333333333334,17325.583333333332,18974.666666666668,20284.75,21848.583333333332,23511.166666666668,24904.416666666668,3005.9166666666665,2668.5833333333335,2443.1666666666665,2338.6666666666665,2407.6666666666665,2481.0833333333335,2894.5,3330.3333333333335,4395.5,5374.333333333333,6292.916666666667,6860.583333333333,7329.75,7147.083333333333,7707.333333333333,8019.416666666667,7681.166666666667,7374.75,7343.916666666667,6888.25,6192.416666666667,5435.333333333333,4517.583333333333,3751.8333333333335,73.58333333333333,44.75,31.5,24.833333333333332,18.916666666666668,32.25,63.583333333333336,108.41666666666667,293.75,508.0833333333333,668.9166666666666,821.25,1036.5,854.25,835.9166666666666,864.3333333333334,895.5,903.6666666666666,851.6666666666666,659.6666666666666,494.8333333333333,346.5,215.91666666666666,123.91666666666667,2027443.3333333333,1033662.0,778944.8333333334,633630.6666666666,443417.75,1366308.9166666667,2057080.4166666667,4257189.75,11770745.0,21427506.583333332,33866289.5,32352538.75,30686786.75,25883391.666666668,29072053.333333332,30236181.0,29310578.166666668,26392216.0,23153321.166666668,17738692.25,12647529.25,8483961.833333334,7714333.416666667,4623505.083333333,169.58333333333334,4676988.25,3226.5,607945194.0833334,585.9166666666666,142809400.75,897.8333333333334,61258648.416666664,7718.083333333333,449785653.5833333,95.0,8262050.083333333,,,64465.5,1449462301.25,56045.583333333336,660932456.6666666,13074.0,263156112.83333334,16447.083333333332,1109856360.8333333,2414.0,259073912.83333334,1514.4166666666667,131835362.75,1120.1666666666667,40121502.333333336,397.4166666666667,2282.75,579.3333333333334,277.8333333333333,3695.4166666666665,600.25,672.3333333333334,2642.0833333333335,618.5,707.75,3037.1666666666665,792.0,789.1666666666666,3387.9166666666665,951.5,575.5833333333334,3044.6666666666665,924.0,276.25,2746.5833333333335,693.1666666666666,393258.5833333333,13682862.583333334,45088853.75,81750316.41666667,94546625.0,81958949.83333333,40500841.333333336,44.333333333333336,720.4166666666666,1797.0,2425.5833333333335,2534.3333333333335,2135.0,1100.5
2626052000,동래구 복산동,330.8333333333333,255.08333333333334,4345.833333333333,3896.0,559.0,493.4166666666667,698.75,912.8333333333334,34332250.0,29149833.333333332,87.41666666666667,76.58333333333333,68.83333333333333,67.08333333333333,70.66666666666667,76.41666666666667,117.5,193.83333333333334,470.4166666666667,925.0833333333334,1110.25,1207.4166666666667,1169.4166666666667,1234.1666666666667,1277.8333333333333,1278.3333333333333,1223.6666666666667,1089.0,806.75,542.0,431.3333333333333,286.25,206.0,117.08333333333333,10601.25,10880.083333333334,11023.416666666666,11090.75,11128.25,11027.0,10650.25,9940.25,8648.833333333334,7231.583333333333,6430.833333333333,5904.416666666667,5605.833333333333,5458.666666666667,5356.0,5384.25,5601.25,5982.333333333333,6562.75,7321.583333333333,7949.666666666667,8636.25,9372.166666666666,10033.0,670.8333333333334,627.8333333333334,607.1666666666666,599.4166666666666,630.75,628.3333333333334,662.1666666666666,727.75,899.0,993.6666666666666,1154.8333333333333,1285.25,1408.5,1375.25,1421.25,1858.25,1791.5,1527.5833333333333,1362.3333333333333,1364.9166666666667,1160.5833333333333,1021.4166666666666,786.5,716.1666666666666,12.333333333333334,8.833333333333334,7.0,6.5,6.166666666666667,8.666666666666666,11.5,16.5,32.333333333333336,50.583333333333336,76.08333333333333,114.0,188.0,165.41666666666666,143.25,130.83333333333334,126.25,139.33333333333334,126.75,96.58333333333333,65.41666666666667,47.833333333333336,30.0,19.0,599379.0833333334,316873.4166666667,191583.08333333334,181596.16666666666,125243.16666666667,170359.5,365575.6666666667,644317.5833333334,1162547.0,1989494.4166666667,3673399.9166666665,3879091.25,5465189.0,5218953.583333333,5458730.083333333,6019388.166666667,5793692.416666667,5781874.166666667,5007225.416666667,4389924.75,3387114.3333333335,2180624.0833333335,1342073.5,833220.6666666666,251.25,5329318.416666667,499.1666666666667,45615016.083333336,657.25,202756017.08333334,178.83333333333334,10418371.333333334,355.1666666666667,31217541.25,,,,,13483.0,299344540.8333333,7338.416666666667,87590164.75,1400.8333333333333,57583297.5,1099.8333333333333,32991881.166666668,356.9166666666667,42827335.333333336,1052.25,9976863.333333334,,,57.666666666666664,915.75,100.0,36.916666666666664,951.75,250.08333333333334,92.83333333333333,774.6666666666666,114.83333333333333,117.41666666666667,1004.0833333333334,151.16666666666666,139.66666666666666,1513.4166666666667,167.58333333333334,106.58333333333333,1525.4166666666667,160.25,32.25,1554.5833333333333,105.83333333333333,58278.583333333336,1363562.6666666667,9282518.75,27024751.333333332,11604023.833333334,8580215.5,5591537.5,9.666666666666666,87.91666666666667,341.5,398.4166666666667,376.0,272.1666666666667,127.0
2626054500,동래구 명륜동,1512.6666666666667,1003.75,8233.583333333334,6720.333333333333,3418.8333333333335,3536.75,8523.083333333334,10022.5,332203416.6666667,388624500.0,521.0833333333334,407.25,355.25,333.0833333333333,325.0833333333333,340.4166666666667,452.0,749.6666666666666,1765.75,3965.4166666666665,4712.666666666667,5126.0,5215.0,5298.833333333333,5301.833333333333,5091.333333333333,4870.583333333333,4374.0,3397.1666666666665,2440.0833333333335,1990.8333333333333,1581.75,1109.6666666666667,725.3333333333334,18679.5,19194.833333333332,19404.25,19481.666666666668,19442.166666666668,19183.583333333332,18546.416666666668,17604.666666666668,15499.166666666666,13336.583333333334,11926.916666666666,11025.75,10590.666666666666,10411.666666666666,10199.916666666666,10044.583333333334,10565.416666666666,11459.666666666666,12489.416666666666,13831.333333333334,14875.166666666666,15949.416666666666,17130.333333333332,18037.75,5808.333333333333,4613.916666666667,3812.8333333333335,3281.25,3010.5833333333335,2804.3333333333335,2963.5833333333335,3336.9166666666665,4325.333333333333,4649.166666666667,5779.75,6495.416666666667,7195.75,7586.083333333333,8142.083333333333,8398.5,8653.666666666666,9421.0,11075.583333333334,12757.333333333334,12973.0,12029.166666666666,10167.416666666666,7691.75,387.6666666666667,257.1666666666667,169.0,104.91666666666667,74.58333333333333,73.58333333333333,91.58333333333333,143.83333333333334,314.3333333333333,576.0833333333334,801.5833333333334,1029.0,1302.6666666666667,1239.8333333333333,1201.75,1223.5,1278.5833333333333,1321.4166666666667,1417.5,1415.4166666666667,1388.1666666666667,1205.0833333333333,907.6666666666666,627.5833333333334,14832752.916666666,10639507.916666666,6908548.416666667,3986131.9166666665,2860407.5833333335,2324509.6666666665,2190850.5833333335,2047626.1666666667,6838287.583333333,24436808.833333332,47498155.25,53354632.25,46919468.75,47866167.833333336,48576085.916666664,49306277.666666664,47616336.0,47220237.166666664,49829506.5,52009739.666666664,52810149.166666664,44193586.25,32268185.916666668,24294901.166666668,474.3333333333333,16046378.25,2592.6666666666665,508316935.5,1192.4166666666667,422176819.0833333,1242.75,83779997.08333333,29258.833333333332,1249179157.8333333,345.75,21970059.0,,,130094.58333333333,4648442680.416667,143371.5,3846536998.5,4867.916666666667,79042256.41666667,16906.0,1168910666.1666667,2163.5,140263675.91666666,848.9166666666666,21012772.083333332,94.33333333333333,3457941.6666666665,320.5,1230.0,1446.0833333333333,442.4166666666667,3280.75,853.3333333333334,385.75,1489.0833333333333,1054.0,470.6666666666667,2952.0833333333335,1114.0,477.6666666666667,2270.8333333333335,1121.0,292.8333333333333,1845.0,821.0833333333334,124.33333333333333,1883.75,543.8333333333334,1767458.5,58029549.833333336,132426418.75,188152618.41666666,164007892.75,118664970.5,57779960.583333336,186.41666666666666,2497.0833333333335,3832.4166666666665,4382.583333333333,3852.0833333333335,2505.5,1287.0833333333333
2626055000,동래구 온천1동,1274.0833333333333,1230.0833333333333,7680.666666666667,6539.333333333333,3091.6666666666665,3000.8333333333335,8319.583333333334,10036.083333333334,261755750.0,322231583.3333333,481.1666666666667,384.75,334.1666666666667,311.75,309.5833333333333,383.1666666666667,729.25,1508.75,2542.1666666666665,4410.0,5060.0,5319.083333333333,5367.75,5399.166666666667,5324.0,4997.166666666667,4674.75,3904.75,2818.8333333333335,1878.3333333333333,1476.0,1152.0833333333333,845.5,649.75,17642.833333333332,18014.166666666668,18209.083333333332,18321.25,18294.416666666668,18254.583333333332,17840.166666666668,16866.166666666668,15100.75,12856.333333333334,11610.25,10769.083333333334,10297.833333333334,10016.5,9780.416666666666,9837.333333333334,10256.833333333334,10908.75,11784.75,13011.0,13951.75,14921.166666666666,15972.5,16891.666666666668,4423.083333333333,3814.0833333333335,3450.5,3229.75,3197.0833333333335,3253.4166666666665,3727.3333333333335,4257.833333333333,4872.666666666667,5382.666666666667,6616.916666666667,7418.75,8017.5,8175.25,8296.583333333334,8261.416666666666,8210.666666666666,8123.833333333333,8402.833333333334,8633.0,8106.166666666667,7234.416666666667,6173.166666666667,5108.25,210.0,145.0,102.16666666666667,69.75,55.916666666666664,79.75,153.08333333333334,200.75,413.6666666666667,678.3333333333334,1001.25,1247.0,1520.25,1295.3333333333333,1265.6666666666667,1314.0833333333333,1388.5,1455.1666666666667,1487.1666666666667,1310.9166666666667,1106.1666666666667,879.9166666666666,590.75,387.25,8158135.0,6143958.166666667,4329345.333333333,2601833.1666666665,1444264.4166666667,1551553.5833333333,2102758.4166666665,2427583.1666666665,7537439.083333333,23420498.166666668,41619623.916666664,50930862.916666664,46983875.75,40267815.083333336,43566597.416666664,44691365.5,43001007.833333336,41239653.0,42424456.416666664,40196442.083333336,36904663.833333336,25485423.833333332,15698909.0,11260172.166666666,457.0833333333333,40118498.25,4467.0,234793834.83333334,209.33333333333334,45846200.25,3798.0833333333335,148299586.91666666,19501.833333333332,884618945.75,6064.25,302941366.0833333,53.583333333333336,3616953.4166666665,100198.66666666667,2913139701.8333335,133206.0,2626632714.8333335,8729.833333333334,178119899.58333334,23301.833333333332,1500258929.8333333,1303.9166666666667,132356815.83333333,2782.6666666666665,43703460.666666664,,,244.16666666666666,1649.8333333333333,858.0,238.66666666666666,1499.0833333333333,651.8333333333334,365.5,2032.3333333333333,926.0,459.5,2135.9166666666665,1054.0,558.9166666666666,2286.1666666666665,1132.4166666666667,427.0,2256.5,884.0833333333334,207.5,2358.0833333333335,583.8333333333334,505686.8333333333,32305497.75,107506899.66666667,151635004.83333334,146628572.83333334,100235178.66666667,45172372.916666664,59.75,1768.5833333333333,4275.416666666667,4444.833333333333,4008.4166666666665,2502.75,1293.5833333333333
2626056000,동래구 온천2동,1218.6666666666667,777.1666666666666,7861.333333333333,6612.166666666667,2505.75,2256.3333333333335,6489.666666666667,8513.416666666666,264281000.0,335366250.0,296.8333333333333,242.08333333333334,218.83333333333334,205.25,208.91666666666666,228.33333333333334,333.8333333333333,563.8333333333334,1346.6666666666667,3086.0,4020.5,4442.416666666667,4478.833333333333,4513.5,4498.5,4265.916666666667,3976.75,3515.0833333333335,2706.9166666666665,1855.5833333333333,1365.1666666666667,761.5,525.0833333333334,387.8333333333333,18216.0,18544.5,18767.833333333332,18903.75,18950.833333333332,18782.833333333332,18279.25,17241.833333333332,15138.0,12888.25,11465.083333333334,10576.416666666666,10106.666666666666,9954.416666666666,9799.083333333334,9761.833333333334,10247.25,11058.416666666666,12045.583333333334,13309.916666666666,14320.5,15329.75,16443.333333333332,17380.583333333332,2585.5,2174.8333333333335,2007.25,1927.9166666666667,1971.1666666666667,2039.25,2730.5,3037.8333333333335,4241.5,4734.583333333333,5429.75,6287.75,6830.083333333333,7058.083333333333,7274.333333333333,7398.25,7386.916666666667,7297.166666666667,7284.416666666667,6833.833333333333,5862.833333333333,5069.916666666667,3985.5833333333335,3028.8333333333335,98.16666666666667,65.16666666666667,39.5,35.333333333333336,50.333333333333336,147.25,203.16666666666666,251.75,435.6666666666667,647.75,829.4166666666666,1023.9166666666666,1267.0,1188.5833333333333,1198.6666666666667,1182.0,1196.75,1164.5833333333333,1116.25,985.3333333333334,774.5,565.5,360.25,179.75,2742697.9166666665,1889818.0,1347847.1666666667,1418187.9166666667,2256920.4166666665,6406934.583333333,7263670.0,9707030.666666666,17063217.5,24078598.083333332,33108785.416666668,43640057.583333336,50240696.666666664,48536187.0,51419296.166666664,52784660.916666664,51614319.833333336,47949582.75,45627311.5,40118985.166666664,28240790.083333332,17151336.0,10216682.833333334,4832086.666666667,299.5833333333333,133950202.08333333,2375.5833333333335,190702550.66666666,777.3333333333334,173138910.5,997.75,113308952.83333333,15146.75,476256679.25,36.0,27744888.57142857,198.08333333333334,3124113.8333333335,58911.833333333336,1304020149.25,90306.0,3156526185.8333335,4534.5,71263207.83333333,19441.916666666668,1030277231.8333334,358.5833333333333,69308312.83333333,5348.25,53654579.166666664,6115.5,305870713.25,230.25,1490.5833333333333,652.6666666666666,248.58333333333334,2321.6666666666665,605.5,310.75,1603.9166666666667,646.0,389.5,2349.75,809.0,462.9166666666667,2347.25,874.0,249.83333333333334,2285.5833333333335,723.8333333333334,101.16666666666667,2072.0833333333335,448.8333333333333,462525.75,27683533.666666668,112222785.83333333,175015031.91666666,143231708.41666666,100383384.58333333,40652394.166666664,39.666666666666664,1099.9166666666667,3553.0833333333335,4308.916666666667,3137.75,2031.75,829.8333333333334
2626057000,동래구 온천3동,1275.0,1031.1666666666667,13141.416666666666,11742.166666666666,2779.1666666666665,2841.5833333333335,3938.3333333333335,5562.75,129263000.0,150602583.33333334,559.8333333333334,470.9166666666667,424.0833333333333,404.0,383.75,425.25,614.8333333333334,1043.1666666666667,1921.6666666666667,3848.25,4491.333333333333,4719.166666666667,4709.75,4727.333333333333,4709.0,4500.666666666667,4298.333333333333,3865.3333333333335,2828.6666666666665,1883.8333333333333,1481.9166666666667,1236.8333333333333,1035.0,876.25,31008.75,31643.166666666668,32017.25,32284.833333333332,32253.5,32054.666666666668,30953.833333333332,29236.75,26162.0,22474.333333333332,20217.5,18786.583333333332,17979.916666666668,17539.166666666668,16991.916666666668,16834.083333333332,17544.416666666668,18929.25,20657.083333333332,22744.25,24436.0,26315.833333333332,28257.333333333332,29912.5,3936.9166666666665,3470.0,3206.5,3081.9166666666665,2986.5833333333335,3092.6666666666665,3735.25,4457.416666666667,5756.166666666667,5805.916666666667,6349.166666666667,6627.75,6721.666666666667,6684.333333333333,6880.666666666667,7097.916666666667,7321.416666666667,7483.083333333333,7860.75,7705.083333333333,7129.083333333333,6806.333333333333,5861.916666666667,4900.0,147.75,96.0,64.66666666666667,44.833333333333336,39.333333333333336,80.66666666666667,115.58333333333333,143.58333333333334,285.0,444.9166666666667,572.25,641.1666666666666,726.0833333333334,597.0833333333334,612.5833333333334,630.4166666666666,652.9166666666666,668.3333333333334,690.3333333333334,631.6666666666666,559.4166666666666,453.4166666666667,357.4166666666667,239.83333333333334,3240010.75,2220769.5833333335,1457265.0833333333,1063346.25,845047.75,1447728.3333333333,2076182.8333333333,2485455.5,6674941.833333333,18471571.0,30527374.333333332,28970234.0,20868148.916666668,16533848.333333334,19141986.833333332,21318906.583333332,20089601.416666668,17836621.75,15373850.583333334,14841831.833333334,12420705.5,8926235.416666666,7231569.666666667,5804981.666666667,766.0833333333334,7531809.333333333,8681.25,329134720.1666667,356.5,87187785.25,1328.8333333333333,72072251.5,10259.25,371340190.0833333,251.83333333333334,14986706.666666666,,,44076.666666666664,968296897.5,65269.583333333336,632943437.1666666,4627.333333333333,92364513.0,16752.166666666668,1140864361.5833333,786.6666666666666,101188225.16666667,1922.5833333333333,84939155.41666667,529.6666666666666,23418165.083333332,294.5,3143.9166666666665,807.5833333333334,174.16666666666666,3858.3333333333335,782.5833333333334,364.0,2876.8333333333335,811.0,388.9166666666667,3505.6666666666665,944.25,474.4166666666667,4208.166666666667,949.5833333333334,413.3333333333333,3704.4166666666665,789.4166666666666,194.66666666666666,3583.5833333333335,533.8333333333334,268763.0,15064366.666666666,48432076.333333336,70117993.58333333,73772361.41666667,52268052.083333336,19944580.916666668,39.583333333333336,1034.25,2278.3333333333335,2216.8333333333335,2165.5833333333335,1236.3333333333333,528.1666666666666
2626058000,동래구 사직1동,682.5833333333334,475.75,3513.0833333333335,2926.6666666666665,2094.25,1905.9166666666667,3058.3333333333335,3201.4166666666665,125120916.66666667,116376750.0,283.3333333333333,226.41666666666666,195.5,177.41666666666666,172.25,192.83333333333334,249.16666666666666,377.0,688.5,1630.5,2042.1666666666667,2231.75,2245.0833333333335,2333.5833333333335,2358.0,2315.75,2246.1666666666665,2121.0,1744.9166666666667,1219.25,991.9166666666666,779.6666666666666,560.4166666666666,409.5833333333333,8211.25,8475.833333333334,8632.75,8680.5,8663.75,8621.833333333334,8385.25,7878.416666666667,6852.916666666667,5628.333333333333,4952.333333333333,4550.833333333333,4357.833333333333,4274.75,4187.75,4228.333333333333,4454.833333333333,4826.416666666667,5231.75,5734.666666666667,6125.916666666667,6630.5,7223.666666666667,7755.416666666667,2447.75,2036.9166666666667,1842.6666666666667,1673.0833333333333,1631.5833333333333,1677.0833333333333,2068.25,2187.3333333333335,2884.8333333333335,3261.25,4128.0,4457.25,5152.0,5280.833333333333,5350.166666666667,5444.916666666667,5804.333333333333,6328.333333333333,6699.0,6592.916666666667,5972.75,5232.916666666667,4601.083333333333,3258.4166666666665,41.333333333333336,22.416666666666668,13.5,9.75,9.083333333333334,13.166666666666666,16.916666666666668,33.25,91.0,235.41666666666666,351.0833333333333,453.8333333333333,585.9166666666666,490.5,463.9166666666667,508.4166666666667,538.8333333333334,612.3333333333334,562.8333333333334,425.9166666666667,317.5,237.5,150.25,85.16666666666667,831657.3333333334,496489.9166666667,302699.1666666667,179925.16666666666,146458.66666666666,164979.91666666666,171799.08333333334,587811.9166666666,1510360.5833333333,11510835.916666666,24586076.666666668,22909111.583333332,20405364.666666668,15682944.333333334,18777549.083333332,20064722.75,20547502.416666668,22811898.5,19133370.583333332,15609010.916666666,11888274.416666666,7506922.583333333,3788513.3333333335,2058938.3333333333,333.8333333333333,17410651.916666668,1999.3333333333333,90157166.25,1036.4166666666667,402632846.6666667,943.1666666666666,75825822.41666667,11219.416666666666,610307382.6666666,,,,,48169.75,929066179.6666666,25234.166666666668,185347590.75,4873.833333333333,116801850.0,11527.916666666666,771783658.0833334,1103.5,129460698.66666667,609.25,5256951.583333333,,,165.66666666666666,746.0,520.75,113.58333333333333,981.5,1022.3333333333334,189.08333333333334,641.4166666666666,468.5,258.8333333333333,1101.0833333333333,713.0833333333334,207.5,1039.25,588.3333333333334,143.66666666666666,957.5833333333334,405.3333333333333,77.08333333333333,970.6666666666666,279.1666666666667,676271.4166666666,9682231.5,30566572.166666668,95123054.58333333,62162388.0,31292718.333333332,11995382.833333334,76.66666666666667,617.0833333333334,1144.1666666666667,2018.5833333333333,1421.3333333333333,678.5833333333334,301.1666666666667
2626059000,동래구 사직2동,1013.8333333333334,738.0833333333334,10021.666666666666,8835.75,1620.5,1625.1666666666667,4333.166666666667,4720.75,96341583.33333333,108129416.66666667,401.9166666666667,316.0833333333333,264.8333333333333,248.5,241.33333333333334,250.83333333333334,297.5833333333333,496.4166666666667,1618.6666666666667,2837.0,3330.75,3561.0833333333335,3649.25,3687.4166666666665,3571.3333333333335,3184.0,3064.5,2686.5833333333335,2335.0,1812.5833333333333,1506.0,1252.5833333333333,881.5833333333334,654.0833333333334,23375.416666666668,23873.666666666668,24111.083333333332,24223.083333333332,24222.25,24035.666666666668,23400.333333333332,22171.75,19683.833333333332,17089.666666666668,15458.083333333334,14405.166666666666,13866.0,13593.583333333334,13242.833333333334,12868.833333333334,13511.333333333334,14432.333333333334,15658.333333333334,17288.5,18592.75,19856.916666666668,21221.666666666668,22425.083333333332,2062.25,1687.8333333333333,1471.75,1365.0833333333333,1342.5,1323.3333333333333,1449.0833333333333,1617.75,1838.4166666666667,2154.4166666666665,2626.75,2955.25,3384.1666666666665,3649.8333333333335,4023.1666666666665,4314.416666666667,4731.5,5139.833333333333,5843.416666666667,6444.583333333333,6300.5,5522.583333333333,3976.1666666666665,2753.0833333333335,82.66666666666667,43.666666666666664,24.666666666666668,15.416666666666666,10.25,15.833333333333334,20.916666666666668,57.916666666666664,122.16666666666667,262.75,384.0,484.0833333333333,686.0833333333334,660.3333333333334,635.75,718.25,793.4166666666666,896.75,945.4166666666666,792.0833333333334,614.5,406.0,243.41666666666666,146.58333333333334,2660492.0,1320719.3333333333,893124.25,488324.4166666667,323674.6666666667,255010.91666666666,275754.5,671239.0,1564070.1666666667,4017965.0,7969417.75,11153492.416666666,14532220.666666666,13910679.666666666,15181047.333333334,16287479.416666666,17381745.333333332,18493126.916666668,20364664.5,18864801.5,15688012.166666666,10939183.833333334,6547408.0,4914788.916666667,3266.6666666666665,6453123.666666667,2252.5,152306831.08333334,3539.9166666666665,273554918.0,1199.0,74018535.25,12981.0,246216435.75,88.5,4767521.583333333,,,72000.0,1574654422.75,39590.25,424128726.1666667,8588.25,148409235.08333334,7218.166666666667,223553210.91666666,616.0833333333334,65098264.583333336,690.25,4919389.416666667,,,175.91666666666666,1970.25,609.1666666666666,551.5,5159.333333333333,641.5833333333334,222.91666666666666,1997.1666666666667,447.0,287.4166666666667,3574.1666666666665,579.4166666666666,245.41666666666666,2833.25,488.6666666666667,198.75,1924.4166666666667,299.4166666666667,67.58333333333333,1396.1666666666667,177.58333333333334,1004793.5833333334,15631192.083333334,30922602.166666668,80741751.58333333,49284606.583333336,18550833.0,8336025.75,140.41666666666666,1168.9166666666667,1762.3333333333333,2964.1666666666665,1933.4166666666667,790.25,291.9166666666667
2626060000,동래구 사직3동,646.25,581.3333333333334,4984.75,4650.416666666667,1539.5,1480.0833333333333,2236.0,2913.4166666666665,78514750.0,102555333.33333333,323.5833333333333,268.5,238.58333333333334,228.25,221.58333333333334,235.75,288.6666666666667,472.3333333333333,979.9166666666666,1978.3333333333333,2280.5,2424.75,2420.75,2496.8333333333335,2493.3333333333335,2335.25,2244.0833333333335,2039.9166666666667,1662.0,1158.1666666666667,903.0,731.1666666666666,580.5,462.75,12232.5,12662.916666666666,12875.166666666666,12960.25,12901.166666666666,12762.5,12300.416666666666,11584.0,10163.0,8454.333333333334,7462.916666666667,6865.916666666667,6596.166666666667,6493.0,6318.5,6246.166666666667,6581.0,7135.416666666667,7777.666666666667,8616.833333333334,9336.416666666666,10131.333333333334,11017.333333333334,11777.916666666666,2024.3333333333333,1841.9166666666667,1740.1666666666667,1694.8333333333333,1682.5,1716.5833333333333,1868.1666666666667,2026.6666666666667,2342.5,2609.25,3002.25,3177.0833333333335,3386.9166666666665,3451.6666666666665,3715.9166666666665,3941.3333333333335,4202.083333333333,4290.5,4574.333333333333,4932.0,4622.25,4174.083333333333,3054.5,2410.4166666666665,31.416666666666668,18.833333333333332,11.583333333333334,9.666666666666666,9.083333333333334,13.583333333333334,22.166666666666668,70.83333333333333,126.08333333333333,223.83333333333334,308.0833333333333,358.0,458.1666666666667,391.25,376.3333333333333,375.4166666666667,422.0833333333333,428.0,435.4166666666667,367.1666666666667,289.3333333333333,215.33333333333334,131.16666666666666,63.5,741454.4166666666,359267.3333333333,240180.33333333334,168038.83333333334,337017.25,241528.41666666666,1157494.5,2168006.0,3597828.5,7665577.916666667,13470410.333333334,13658032.75,14467533.0,13439436.5,14453893.0,15417795.333333334,16120890.583333334,15990826.833333334,14138814.5,12236756.25,9894860.416666666,6288746.583333333,3438977.6666666665,1582817.8333333333,1324.8333333333333,104023328.91666667,1681.25,323956965.75,817.0,197974467.75,732.6666666666666,67118993.33333333,3367.75,135432267.5,35.0,21984662.0,,,37555.916666666664,769498258.8333334,24790.416666666668,304792457.5833333,3132.0833333333335,101751728.91666667,6262.916666666667,218757432.83333334,463.3333333333333,71355622.83333333,748.1666666666666,111081627.5,592.8333333333334,25676308.583333332,109.66666666666667,1024.0,399.8333333333333,155.16666666666666,1506.25,740.6666666666666,175.08333333333334,965.5,339.1666666666667,247.33333333333334,1489.3333333333333,514.25,246.33333333333334,1539.5,450.5,210.25,1675.25,341.6666666666667,81.25,1432.8333333333333,231.0,277159.0833333333,6820653.666666667,30366659.333333332,69431790.08333333,42995198.083333336,22543292.5,8637745.0,35.833333333333336,328.75,1014.25,1804.1666666666667,1121.5833333333333,608.9166666666666,233.5
2626074000,동래구 안락1동,1011.6666666666666,815.3333333333334,6500.333333333333,5833.666666666667,1791.25,1775.75,2703.5833333333335,3887.1666666666665,103805083.33333333,153420333.33333334,441.0,345.9166666666667,306.8333333333333,295.9166666666667,287.9166666666667,317.1666666666667,508.1666666666667,808.25,1407.5,2834.9166666666665,3387.0833333333335,3622.4166666666665,3602.4166666666665,3697.75,3727.5833333333335,3639.9166666666665,3478.5,3156.5833333333335,2344.9166666666665,1653.5833333333333,1346.9166666666667,1107.6666666666667,865.3333333333334,689.5,15471.166666666666,15877.083333333334,16167.583333333334,16356.333333333334,16328.5,16219.833333333334,15677.75,14704.083333333334,12878.75,10874.333333333334,9725.833333333334,9023.833333333334,8638.833333333334,8454.083333333334,8199.083333333334,8207.583333333334,8645.083333333334,9359.916666666666,10178.166666666666,11180.0,12036.666666666666,12978.666666666666,13989.833333333334,14858.25,2786.1666666666665,2333.5,2123.0833333333335,2019.75,2005.9166666666667,2052.9166666666665,2258.25,2444.5,2969.0,3165.8333333333335,3570.8333333333335,3835.5833333333335,4290.333333333333,4137.25,4216.083333333333,4217.166666666667,4364.333333333333,4637.666666666667,5471.416666666667,5618.916666666667,5231.75,4614.166666666667,3987.25,3278.5,70.83333333333333,44.666666666666664,26.833333333333332,18.25,16.416666666666668,30.916666666666668,46.25,66.25,146.5,413.25,512.3333333333334,563.75,582.0,435.9166666666667,486.0,476.0,467.25,446.6666666666667,438.75,414.6666666666667,350.8333333333333,257.0,173.0,112.25,2979933.0,1786654.9166666667,1327284.75,820302.1666666666,597401.9166666666,765515.25,1087530.1666666667,1468571.6666666667,3775147.8333333335,16311124.083333334,29365198.25,29564885.0,22446684.083333332,15394462.0,18154777.75,19248158.833333332,16471879.0,14397388.416666666,13019561.166666666,14902246.833333334,13530328.666666666,9132823.0,6547297.666666667,4292703.166666667,82.16666666666667,25671395.0,3250.4166666666665,154579188.91666666,132.41666666666666,29884602.25,910.1666666666666,42273809.166666664,2821.5,308714120.4166667,96.58333333333333,10731500.333333334,,,45329.416666666664,1434647431.75,24161.5,215551913.83333334,1911.8333333333333,80083609.58333333,19799.083333333332,1106376883.8333333,403.3333333333333,62492627.5,909.0,86354199.41666667,722.4166666666666,31649685.75,195.33333333333334,1351.5,417.25,118.08333333333333,1669.9166666666667,550.25,248.83333333333334,1325.9166666666667,416.1666666666667,307.25,1602.3333333333333,555.75,448.9166666666667,2097.0833333333335,661.1666666666666,401.0,2119.0,602.75,105.58333333333333,2165.5,360.9166666666667,180273.41666666666,9137945.25,33071483.333333332,60200028.083333336,66060183.833333336,61347681.666666664,27244412.666666668,17.25,438.0,1180.5,1595.8333333333333,1535.0833333333333,1233.6666666666667,589.4166666666666
2626075000,동래구 안락2동,1400.1666666666667,1140.25,11806.583333333334,10489.25,2775.5,2822.75,3361.0,4467.916666666667,109390333.33333333,146042250.0,586.25,478.8333333333333,418.0833333333333,386.0,337.0833333333333,373.0,509.6666666666667,928.1666666666666,2238.0833333333335,4461.583333333333,4942.666666666667,5149.0,5119.166666666667,5094.333333333333,5160.916666666667,4808.583333333333,4627.666666666667,4155.75,3313.0833333333335,2243.3333333333335,1841.3333333333333,1526.6666666666667,1238.3333333333333,1044.0,27944.583333333332,28563.333333333332,28852.333333333332,28969.666666666668,28838.166666666668,28665.916666666668,27905.25,26185.916666666668,23170.083333333332,19691.5,17815.666666666668,16602.416666666668,15917.916666666666,15597.833333333334,15371.0,15408.5,16242.416666666666,17389.75,18737.833333333332,20599.416666666668,21939.75,23391.916666666668,24965.833333333332,26338.75,3922.4166666666665,3409.75,3101.9166666666665,2896.9166666666665,2996.25,3052.3333333333335,3313.75,4189.916666666667,5569.166666666667,5609.083333333333,5904.166666666667,6329.5,6559.416666666667,6511.083333333333,6969.75,7158.166666666667,7628.666666666667,7884.083333333333,8079.583333333333,8030.5,7600.25,6885.916666666667,5835.833333333333,4936.916666666667,82.33333333333333,47.5,28.666666666666668,18.833333333333332,19.166666666666668,42.0,80.08333333333333,111.75,179.41666666666666,327.0833333333333,414.8333333333333,489.75,659.5,577.75,547.1666666666666,544.5833333333334,569.5833333333334,594.0833333333334,632.25,594.5,507.4166666666667,372.4166666666667,253.33333333333334,137.5,1507827.9166666667,856880.9166666666,427930.6666666667,260385.75,212111.25,693873.8333333334,1786715.8333333333,2321987.8333333335,3737655.1666666665,14128786.083333334,18170776.75,21966303.0,21088712.25,18018987.0,20586655.166666668,22327604.416666668,20053308.916666668,17964927.833333332,17521183.833333332,17807237.0,14439883.583333334,9891695.666666666,6293365.083333333,3387953.25,107.83333333333333,11516766.0,2733.6666666666665,288151528.5833333,602.5833333333334,121781429.58333333,1333.4166666666667,102310851.08333333,12402.583333333334,459391311.1666667,35.0,22581622.0,,,58604.916666666664,1259278173.8333333,43037.0,573703271.5833334,6344.083333333333,185386112.75,6068.083333333333,504621857.25,695.3333333333334,86788484.0,432.4166666666667,80065647.91666667,925.5,48593301.666666664,200.58333333333334,2535.5833333333335,705.5833333333334,533.5833333333334,4213.916666666667,1064.5,401.9166666666667,2541.75,774.0833333333334,451.3333333333333,3358.25,904.8333333333334,450.25,3698.5,954.5,322.0833333333333,3120.0,743.8333333333334,178.25,2825.1666666666665,448.4166666666667,358375.8333333333,12057970.833333334,48752988.5,68425216.66666667,63041092.0,48387860.583333336,14410141.416666666,46.25,655.1666666666666,1737.6666666666667,2109.1666666666665,1818.0833333333333,1062.3333333333333,397.75
2626076100,동래구 명장1동,731.3333333333334,597.0,5958.5,5340.166666666667,1053.0833333333333,1073.75,1028.9166666666667,1418.3333333333333,27770416.666666668,38173000.0,276.0,225.33333333333334,204.25,193.66666666666666,183.66666666666666,203.25,267.6666666666667,446.3333333333333,1230.4166666666667,2346.0,2618.6666666666665,2735.9166666666665,2757.5833333333335,2779.5,2790.0833333333335,2619.5833333333335,2494.25,2113.3333333333335,1688.9166666666667,1087.1666666666667,870.8333333333334,723.9166666666666,567.6666666666666,476.4166666666667,14004.083333333334,14287.333333333334,14451.416666666666,14536.416666666666,14491.916666666666,14385.666666666666,13863.916666666666,13007.666666666666,11593.083333333334,10016.5,9083.0,8503.25,8240.166666666666,8114.666666666667,7920.666666666667,7862.666666666667,8231.75,8833.916666666666,9616.166666666666,10513.583333333334,11221.916666666666,12024.333333333334,12847.166666666666,13525.083333333334,1540.5833333333333,1337.9166666666667,1202.25,1107.4166666666667,1067.3333333333333,1099.9166666666667,1196.3333333333333,1403.75,2005.3333333333333,2068.5,2281.4166666666665,2444.8333333333335,2587.1666666666665,2714.9166666666665,2673.5,2744.6666666666665,2877.1666666666665,2955.0833333333335,3214.3333333333335,3138.5833333333335,2805.0,2619.6666666666665,2136.6666666666665,1832.0,25.75,15.916666666666666,11.083333333333334,9.0,7.916666666666667,10.833333333333334,12.583333333333334,26.666666666666668,58.416666666666664,94.5,131.08333333333334,162.41666666666666,204.0,161.91666666666666,157.25,170.5,181.5,205.41666666666666,223.91666666666666,192.66666666666666,158.25,117.5,73.33333333333333,44.75,667054.75,370029.5833333333,244805.91666666666,221304.25,136973.41666666666,118267.33333333333,132755.08333333334,262866.0833333333,762844.0,2104732.0,4542553.333333333,4663546.583333333,5173646.833333333,4605839.333333333,4983924.75,6305341.666666667,6009740.333333333,5724641.5,5040571.583333333,5021908.75,3933832.6666666665,2594892.5833333335,1605879.6666666667,1020609.25,236.41666666666666,3420209.3333333335,495.9166666666667,69467214.75,184.0,48868640.0,378.0833333333333,25828115.166666668,6812.666666666667,140742294.25,36.75,998956.0,,,16837.25,358216140.9166667,13709.666666666666,129786109.91666667,2053.5,59897898.833333336,3291.4166666666665,163462227.91666666,308.3333333333333,33971166.916666664,124.66666666666667,27656400.416666668,,,91.75,1356.3333333333333,281.1666666666667,312.0833333333333,1474.75,375.0833333333333,141.0,1094.75,259.6666666666667,198.91666666666666,1408.1666666666667,313.25,270.4166666666667,2114.9166666666665,373.75,221.16666666666666,2025.6666666666667,329.5,90.75,1821.5833333333333,191.75,96733.33333333333,2918342.3333333335,10069557.0,17295792.0,16178124.75,11028601.083333334,8370239.333333333,16.583333333333332,210.5,483.8333333333333,624.25,596.4166666666666,367.5,148.08333333333334
2626076200,동래구 명장2동,677.0,472.8333333333333,5444.75,5013.666666666667,663.0,643.75,1280.9166666666667,1716.0833333333333,35362833.333333336,49678416.666666664,166.41666666666666,144.83333333333334,135.91666666666666,130.83333333333334,131.0,144.16666666666666,166.66666666666666,310.4166666666667,1821.9166666666667,2583.0,2702.5833333333335,2754.75,2700.0833333333335,2625.9166666666665,2179.8333333333335,1783.25,1678.75,1391.4166666666667,1206.5833333333333,841.3333333333334,699.75,654.75,366.5,303.3333333333333,13154.0,13497.25,13670.833333333334,13789.833333333334,13776.333333333334,13688.333333333334,13173.75,12304.166666666666,10861.25,9348.5,8381.166666666666,7734.333333333333,7419.916666666667,7225.166666666667,6971.25,6902.666666666667,7284.833333333333,7826.75,8580.333333333334,9501.75,10258.833333333334,11072.75,11934.416666666666,12656.75,903.5833333333334,832.5833333333334,796.6666666666666,776.0,795.8333333333334,810.4166666666666,892.5,1019.4166666666666,1403.0833333333333,1400.6666666666667,1520.9166666666667,1590.0833333333333,1568.75,1518.3333333333333,1533.0,1537.5833333333333,1596.25,1656.4166666666667,1764.0,1758.5833333333333,1660.5833333333333,1543.3333333333333,1322.5833333333333,1159.0833333333333,23.75,14.0,10.833333333333334,9.166666666666666,12.416666666666666,24.916666666666668,35.083333333333336,49.083333333333336,77.33333333333333,110.66666666666667,137.83333333333334,155.33333333333334,210.83333333333334,183.16666666666666,181.25,203.75,246.33333333333334,264.9166666666667,277.1666666666667,242.58333333333334,197.25,164.41666666666666,110.91666666666667,52.583333333333336,458237.8333333333,360969.6666666667,242865.83333333334,197650.5,408204.5,933014.0,1163527.3333333333,1272298.75,2165608.9166666665,3228672.5,4354235.0,5018083.25,5570438.416666667,5428066.333333333,6275374.416666667,6664548.083333333,7293607.166666667,8081074.0,7557588.75,6520752.833333333,4982188.75,3857469.9166666665,2154110.3333333335,1068541.0,95.08333333333333,8016176.5,494.25,51468037.416666664,130.58333333333334,30525956.416666668,270.5,12812799.25,5194.166666666667,103698966.91666667,,,,,9429.75,247128078.83333334,26491.666666666668,399304372.25,934.75,22211028.25,1546.5,78059409.25,253.08333333333334,37825943.833333336,405.25,52136917.916666664,1024.5833333333333,46727672.666666664,56.916666666666664,1364.9166666666667,142.41666666666666,547.0833333333334,1475.1666666666667,219.58333333333334,96.33333333333333,1093.1666666666667,168.83333333333334,142.08333333333334,1341.25,212.75,154.66666666666666,2046.5833333333333,234.58333333333334,112.08333333333333,1830.0,209.25,38.333333333333336,1304.8333333333333,116.75,86421.08333333333,3572565.0,12337312.416666666,20180871.5,23950680.333333332,18490259.5,6436278.25,23.166666666666668,218.0,563.25,720.1666666666666,780.8333333333334,510.1666666666667,182.41666666666666
2629051000,남구 대연1동,1020.4166666666666,844.75,7292.083333333333,6918.583333333333,2987.4166666666665,2870.25,3453.1666666666665,5444.666666666667,109429750.0,170728166.66666666,627.4166666666666,510.0833333333333,402.25,331.3333333333333,261.75,283.1666666666667,434.3333333333333,836.8333333333334,1599.0833333333333,2717.8333333333335,3237.3333333333335,3504.75,3536.5833333333335,3600.5,3609.4166666666665,3427.5,3348.25,3090.5,2477.4166666666665,1921.4166666666667,1600.0833333333333,1336.0,1124.0,1004.1666666666666,17945.0,18448.0,18675.25,18764.666666666668,18465.25,18378.416666666668,17978.75,17075.25,15379.583333333334,12980.5,11484.0,10595.25,10224.083333333334,9961.083333333334,9627.5,9612.083333333334,10011.0,10662.833333333334,11511.083333333334,12625.333333333334,13535.0,14563.166666666666,15743.333333333334,16827.5,4114.166666666667,3566.4166666666665,3162.5,2874.8333333333335,2610.5833333333335,2699.0,3123.3333333333335,3805.9166666666665,5112.083333333333,5233.916666666667,5899.083333333333,6596.0,7653.0,7817.666666666667,7905.083333333333,8046.916666666667,8102.666666666667,8319.75,8654.166666666666,8892.833333333334,8147.916666666667,7145.75,5983.916666666667,5155.333333333333,158.58333333333334,111.33333333333333,85.08333333333333,64.5,50.916666666666664,70.41666666666667,103.91666666666667,121.66666666666667,208.25,392.25,514.9166666666666,606.1666666666666,700.0,524.1666666666666,574.5,602.5,614.8333333333334,652.5833333333334,647.1666666666666,594.8333333333334,519.0833333333334,423.8333333333333,318.0,234.16666666666666,3839004.9166666665,2771524.0833333335,2118896.6666666665,1483649.8333333333,981215.9166666666,1493025.5,1988377.75,2334473.6666666665,4272613.916666667,13438541.5,29491784.916666668,25631956.25,20836387.166666668,15973530.666666666,17810386.416666668,18850777.5,18520419.416666668,18142160.916666668,18874150.416666668,19207695.5,16545210.0,11659049.166666666,7987176.583333333,5906706.0,121.66666666666667,55899575.0,3482.9166666666665,121487294.25,117.08333333333333,48525363.416666664,770.0833333333334,45154757.583333336,6510.333333333333,441890801.0,277.1666666666667,17305080.25,,,50237.833333333336,1508051701.0,46468.75,391362880.0833333,4106.75,103807585.41666667,17460.333333333332,852745056.6666666,426.6666666666667,35431530.75,627.75,46260281.166666664,2085.6666666666665,87896646.66666667,241.5,2934.75,1004.9166666666666,208.25,1600.5833333333333,1031.9166666666667,284.0,1669.9166666666667,742.8333333333334,356.75,1724.6666666666667,919.5,314.5833333333333,2124.8333333333335,927.0,282.75,2232.8333333333335,740.0833333333334,175.16666666666666,1920.6666666666667,489.25,450017.3333333333,19356253.0,42328268.083333336,67382283.75,72528787.25,50566439.666666664,27549221.083333332,52.75,1291.6666666666667,1733.8333333333333,1892.5,1977.75,1242.25,704.6666666666666
2629053000,남구 대연3동,2490.0833333333335,2948.25,14327.416666666666,13300.916666666666,4364.166666666667,5045.416666666667,11757.833333333334,14242.666666666666,292221083.3333333,355741333.3333333,1304.5,1011.75,849.25,750.75,705.3333333333334,708.0833333333334,902.8333333333334,1479.6666666666667,3200.75,6885.25,9518.083333333334,10722.333333333334,11015.083333333334,11600.083333333334,11673.833333333334,11227.916666666666,10622.916666666666,9432.083333333334,7754.5,5735.5,4823.666666666667,3918.6666666666665,2993.6666666666665,2099.25,33102.833333333336,33743.166666666664,34093.916666666664,34284.25,34267.666666666664,34096.5,33509.166666666664,32105.583333333332,29153.083333333332,25806.666666666668,23685.416666666668,22265.333333333332,21507.0,21158.083333333332,20768.083333333332,20526.0,21140.916666666668,22177.75,23446.0,25310.166666666668,26800.083333333332,28419.666666666668,30194.75,31722.666666666668,5938.5,4875.25,4194.333333333333,3705.3333333333335,3479.5,3477.25,4010.9166666666665,4779.75,6226.166666666667,7190.5,9516.083333333334,11302.75,12388.833333333334,13402.333333333334,14418.0,14800.416666666666,14726.833333333334,14489.416666666666,14606.75,15044.5,13888.25,12241.083333333334,9846.083333333334,7601.5,501.4166666666667,336.9166666666667,226.25,150.41666666666666,104.91666666666667,116.91666666666667,163.25,274.6666666666667,542.75,812.5,1016.0833333333334,1592.5833333333333,2405.8333333333335,2008.4166666666667,1763.75,1702.25,1740.9166666666667,1864.9166666666667,2043.0,1859.0,1658.1666666666667,1380.4166666666667,1012.1666666666666,729.5,9962657.666666666,7237936.333333333,5181753.583333333,3305594.5833333335,2483541.6666666665,3475724.3333333335,4461673.5,5031180.416666667,8142482.833333333,16474889.333333334,31710728.166666668,45020214.5,52492896.583333336,48886064.416666664,51498320.416666664,49955602.583333336,50843224.833333336,50232495.666666664,51063476.0,48945513.333333336,39731218.916666664,28509801.083333332,19283077.75,14033400.333333334,2121.5833333333335,244763478.58333334,26341.333333333332,291708492.1666667,2534.1666666666665,238254936.58333334,4172.0,206842266.5,67984.16666666667,1896965460.6666667,451.25,189494638.08333334,,,215043.08333333334,3969246947.5833335,124430.83333333333,1051486715.0833334,8324.833333333334,132434566.0,11355.583333333334,859678381.3333334,6226.416666666667,358223377.9166667,1717.0,161556795.66666666,3308.0833333333335,156123645.25,2045.5833333333333,6260.0,2959.5833333333335,776.0833333333334,5659.75,1321.9166666666667,728.5,3557.9166666666665,1221.5833333333333,669.9166666666666,3837.3333333333335,1284.4166666666667,705.4166666666666,3472.8333333333335,1256.1666666666667,381.25,2558.25,875.4166666666666,129.16666666666666,2279.6666666666665,488.25,5656824.75,100176005.5,135740478.66666666,180590442.5,147102302.91666666,60994153.583333336,17703268.833333332,629.75,7111.25,5183.333333333333,5583.166666666667,5387.666666666667,1633.1666666666667,470.0
2629054000,남구 대연4동,536.0,530.8333333333334,4568.833333333333,4057.0833333333335,1524.0833333333333,1441.4166666666667,1374.25,1806.0,49045333.333333336,52516500.0,246.66666666666666,207.75,187.75,178.83333333333334,179.83333333333334,203.58333333333334,245.25,404.25,864.0,1975.75,2222.8333333333335,2320.9166666666665,2282.0,2269.5833333333335,2244.75,2030.5,1854.8333333333333,1589.0833333333333,1211.0833333333333,862.1666666666666,718.0,559.8333333333334,425.75,354.5,10758.25,11009.416666666666,11150.833333333334,11213.333333333334,11184.666666666666,11082.333333333334,10759.25,10150.416666666666,9053.5,7754.833333333333,6968.583333333333,6475.833333333333,6242.5,6111.25,5926.25,5899.583333333333,6202.083333333333,6644.666666666667,7174.916666666667,7852.5,8427.0,9030.333333333334,9697.833333333334,10266.833333333334,1940.3333333333333,1757.25,1668.6666666666667,1604.0833333333333,1630.25,1665.8333333333333,1870.4166666666667,2031.9166666666667,2720.0833333333335,2849.25,3453.5833333333335,3893.8333333333335,3865.9166666666665,3984.0,4039.9166666666665,4151.25,4222.416666666667,4071.8333333333335,4050.25,3957.6666666666665,3714.5,3179.0,2634.3333333333335,2233.25,22.166666666666668,13.166666666666666,10.583333333333334,10.75,7.0,13.416666666666666,21.666666666666668,42.25,89.83333333333333,137.75,182.75,224.41666666666666,281.9166666666667,257.25,253.08333333333334,259.5833333333333,250.75,260.4166666666667,248.0,211.91666666666666,168.5,114.66666666666667,65.66666666666667,40.833333333333336,296696.25,172454.91666666666,152934.58333333334,72949.0,66015.5,130930.58333333333,205680.33333333334,471553.3333333333,3604197.0,5228438.916666667,6190764.75,7992404.166666667,8840508.5,8337888.5,9823708.833333334,9670306.0,9519745.166666666,8052571.166666667,7306140.333333333,6168720.75,4862924.25,2926949.5833333335,1018578.6666666666,609136.4166666666,1093.75,3203271.8333333335,1787.1666666666667,44120683.916666664,170.25,45866149.333333336,260.25,9369713.916666666,3508.4166666666665,81548911.91666667,36.833333333333336,1633470.3333333333,,,17411.416666666668,384570978.4166667,26408.416666666668,897145837.3333334,1315.6666666666667,20701976.0,1495.3333333333333,91207930.41666667,144.75,11993582.833333334,609.4166666666666,38485976.416666664,233.66666666666666,9780278.222222222,82.16666666666667,1110.25,411.5,213.75,1040.5833333333333,427.0,145.66666666666666,877.6666666666666,391.0833333333333,160.91666666666666,1037.0833333333333,437.5833333333333,182.08333333333334,1345.5833333333333,497.5833333333333,174.91666666666666,1448.5833333333333,465.75,105.08333333333333,1763.8333333333333,332.6666666666667,70237.5,3464478.75,12996900.5,25712116.166666668,27496721.416666668,23360639.75,8475145.083333334,12.166666666666666,216.16666666666666,599.4166666666666,841.5833333333334,742.75,539.3333333333334,228.91666666666666
2629055000,남구 대연5동,713.5,662.9166666666666,5662.333333333333,4976.166666666667,1445.75,1460.25,3135.1666666666665,3408.4166666666665,81556666.66666667,86851166.66666667,210.25,163.25,140.58333333333334,134.83333333333334,138.08333333333334,150.75,215.0,381.75,1158.0833333333333,2350.9166666666665,2800.8333333333335,3005.9166666666665,2922.0,2989.5833333333335,2981.6666666666665,2871.9166666666665,2724.6666666666665,2415.5,1837.6666666666667,1187.9166666666667,886.5,669.25,456.3333333333333,321.0,13025.916666666666,13339.25,13526.166666666666,13655.583333333334,13721.0,13640.166666666666,13246.583333333334,12519.916666666666,11178.833333333334,9677.5,8745.5,8169.25,7914.75,7730.5,7523.583333333333,7490.416666666667,7836.833333333333,8359.75,8956.083333333334,9704.083333333334,10301.916666666666,10983.083333333334,11725.833333333334,12371.416666666666,1869.1666666666667,1632.3333333333333,1511.0833333333333,1454.25,1476.9166666666667,1497.75,1657.6666666666667,1794.9166666666667,2183.3333333333335,2533.4166666666665,3224.8333333333335,3620.3333333333335,4010.1666666666665,3853.5833333333335,4019.5833333333335,4066.0833333333335,4137.75,4167.583333333333,4315.083333333333,4457.666666666667,4036.75,3395.1666666666665,2691.3333333333335,2183.75,73.0,45.0,29.666666666666668,20.5,15.916666666666666,22.083333333333332,43.25,64.5,132.5,237.0,327.9166666666667,432.0,564.5833333333334,459.8333333333333,458.8333333333333,487.75,511.0833333333333,543.6666666666666,560.5,478.0,398.8333333333333,293.8333333333333,207.58333333333334,134.5,1490579.0833333333,946077.6666666666,575632.9166666666,287869.5833333333,316250.9166666667,322909.5833333333,413374.3333333333,702729.4166666666,3683657.9166666665,4451773.416666667,8160287.583333333,11140268.166666666,14329326.0,11666870.416666666,12832209.583333334,13525114.666666666,14411208.333333334,14945564.25,15452688.75,13249786.416666666,11337748.666666666,7156774.583333333,4299880.916666667,2752002.25,88.33333333333333,17135773.5,1612.0833333333333,92738765.75,349.3333333333333,67186448.75,1042.4166666666667,54477988.333333336,8469.333333333334,630986915.4166666,49.166666666666664,2500088.9166666665,,,37530.916666666664,950135664.5,41546.416666666664,429589929.1666667,6655.583333333333,138973254.91666666,9351.166666666666,347674760.4166667,1682.3333333333333,120763308.16666667,1223.9166666666667,31070606.75,,,206.91666666666666,1496.0833333333333,579.8333333333334,218.08333333333334,1778.0833333333333,407.9166666666667,206.58333333333334,1259.0833333333333,397.8333333333333,234.66666666666666,1494.5,448.1666666666667,253.75,1497.75,474.8333333333333,172.25,1531.25,362.75,81.41666666666667,1579.1666666666667,232.08333333333334,267778.6666666667,15151189.416666666,28120862.75,42501315.5,43441113.666666664,25999489.833333332,12929267.833333334,41.916666666666664,864.5833333333334,1180.1666666666667,1549.6666666666667,1623.5833333333333,829.6666666666666,452.1666666666667
2629056000,남구 대연6동,577.9166666666666,463.75,2650.8333333333335,2358.6666666666665,1150.0833333333333,1059.6666666666667,1405.0833333333333,1686.5,38786416.666666664,39049166.666666664,183.25,167.75,168.58333333333334,178.5,208.58333333333334,220.41666666666666,258.0833333333333,385.75,1012.25,2082.25,2294.5,2354.75,2234.5833333333335,2291.3333333333335,2197.8333333333335,2008.0833333333333,1887.0,1434.75,1111.1666666666667,694.8333333333334,566.3333333333334,461.5833333333333,347.0833333333333,276.25,6194.916666666667,6544.666666666667,6871.916666666667,7086.75,7266.666666666667,7235.416666666667,6965.25,6295.833333333333,5264.583333333333,4422.416666666667,3909.5,3572.0,3405.0,3307.5,3152.8333333333335,3110.25,3252.9166666666665,3486.0,3799.5833333333335,4226.916666666667,4588.666666666667,4993.166666666667,5441.5,5844.0,1542.5833333333333,1452.3333333333333,1456.75,1504.4166666666667,1767.5,1773.4166666666667,1850.3333333333333,1897.5,2380.1666666666665,2303.1666666666665,2485.0833333333335,2569.5833333333335,2652.3333333333335,2568.4166666666665,2591.4166666666665,2617.4166666666665,2606.5833333333335,2645.0833333333335,2805.1666666666665,2763.5,2535.4166666666665,2453.4166666666665,2093.4166666666665,1726.75,23.583333333333332,14.5,10.333333333333334,8.0,7.333333333333333,8.5,19.0,36.916666666666664,92.16666666666667,155.75,200.75,243.25,291.5,239.16666666666666,226.0,237.25,237.66666666666666,232.75,240.33333333333334,188.16666666666666,151.16666666666666,116.33333333333333,77.66666666666667,45.333333333333336,497811.8333333333,385128.25,283050.6666666667,213252.08333333334,169224.5,104524.08333333333,161836.66666666666,266676.3333333333,885738.4166666666,3429097.0833333335,6448903.583333333,7771493.583333333,6942645.75,5271558.333333333,5666723.666666667,6717214.916666667,7256633.833333333,6517003.333333333,6087344.75,4573628.0,3483150.5,2541013.0,1548988.8333333333,988613.75,46.77777777777778,3273764.888888889,1209.1666666666667,28185751.166666668,430.1666666666667,65649825.416666664,520.1666666666666,25548152.0,3332.75,149788191.75,66.25,3149160.9166666665,,,23280.166666666668,345827910.25,16643.25,205621664.0,1336.1666666666667,19281894.666666668,4364.333333333333,265888878.83333334,390.1666666666667,53222219.75,1524.8333333333333,11609135.083333334,,,100.16666666666667,573.3333333333334,308.75,314.0833333333333,907.1666666666666,381.5833333333333,131.66666666666666,498.25,296.4166666666667,176.75,754.0,362.0,181.41666666666666,780.4166666666666,367.25,92.5,750.8333333333334,298.6666666666667,42.5,743.4166666666666,192.5,106685.08333333333,4360113.166666667,11443057.0,24290982.416666668,18702880.083333332,12991792.583333334,5952697.25,16.083333333333332,299.25,661.4166666666666,933.0,706.1666666666666,326.6666666666667,148.5
2629057000,남구 용호1동,1156.75,778.5,16512.5,14367.166666666666,1985.9166666666667,2080.75,6457.583333333333,6615.666666666667,172679583.33333334,173497250.0,553.9166666666666,452.6666666666667,397.25,374.9166666666667,367.6666666666667,386.0,464.9166666666667,837.25,1731.25,2982.5,3456.4166666666665,3652.5833333333335,3630.5,3651.3333333333335,3707.5833333333335,3542.9166666666665,3338.8333333333335,3028.1666666666665,2577.8333333333335,2011.1666666666667,1697.1666666666667,1453.9166666666667,1208.4166666666667,995.8333333333334,37721.166666666664,38473.583333333336,38847.833333333336,39028.75,38909.0,38685.166666666664,37843.416666666664,36370.833333333336,32976.416666666664,28495.666666666668,25617.916666666668,23685.416666666668,22613.666666666668,22141.333333333332,21841.25,21765.25,22888.916666666668,24425.5,26175.833333333332,28358.583333333332,30358.75,32447.25,34787.833333333336,36661.083333333336,2894.3333333333335,2514.75,2294.0,2168.0,2141.75,2187.9166666666665,2331.0833333333335,2816.3333333333335,3683.0,3827.5,4480.583333333333,4883.416666666667,4945.75,4997.666666666667,5262.083333333333,5446.666666666667,5570.583333333333,5616.666666666667,5813.25,5789.083333333333,5409.833333333333,4907.833333333333,4162.75,3515.75,82.75,44.416666666666664,25.75,16.833333333333332,15.583333333333334,27.333333333333332,51.916666666666664,100.83333333333333,229.16666666666666,441.9166666666667,693.4166666666666,913.5833333333334,1135.9166666666667,1056.5833333333333,1066.6666666666667,1085.0833333333333,1123.75,1135.0,1062.5,970.0833333333334,772.9166666666666,544.5833333333334,308.0833333333333,167.08333333333334,2272472.9166666665,1190671.5833333333,764721.0833333334,406562.25,355190.8333333333,511508.75,1125747.8333333333,1705487.5,4033862.1666666665,9096099.583333334,17723294.166666668,23045343.75,28547793.416666668,27768512.25,28859120.083333332,30357990.916666668,30398188.583333332,30707625.333333332,29172396.083333332,27821979.5,22813030.083333332,14920788.5,7780972.5,4860351.416666667,42.5,7858813.583333333,5577.833333333333,166824421.91666666,1491.75,183896070.25,1878.75,136297153.75,19368.833333333332,662762699.6666666,130.16666666666666,8062409.666666667,,,85347.33333333333,1987545745.1666667,70638.91666666667,1015068397.75,14533.833333333334,311722038.6666667,12492.166666666666,452032283.4166667,1700.5833333333333,257154560.16666666,2187.1666666666665,48902292.583333336,1064.8333333333333,49387732.166666664,191.58333333333334,2983.0,708.75,349.3333333333333,6745.416666666667,598.4166666666666,263.25,3226.0833333333335,525.4166666666666,308.8333333333333,5183.0,627.5833333333334,328.0,4874.0,696.0,320.3333333333333,4051.6666666666665,568.3333333333334,171.58333333333334,3813.8333333333335,339.9166666666667,439727.5,13165587.583333334,49894755.333333336,113484744.0,93913696.16666667,52221886.666666664,23057440.5,63.0,751.5,2270.8333333333335,4004.25,3432.0833333333335,1772.1666666666667,776.8333333333334
2629058000,남구 용호2동,586.6666666666666,433.4166666666667,7050.75,6281.666666666667,1022.6666666666666,1100.75,1645.75,2089.0,36421250.0,42757000.0,478.5,426.1666666666667,345.5,277.0,254.41666666666666,261.1666666666667,309.4166666666667,542.3333333333334,963.6666666666666,1593.25,1769.5833333333333,1859.0,1872.4166666666667,1872.8333333333333,1811.0833333333333,1667.9166666666667,1568.6666666666667,1440.0,1231.9166666666667,1039.25,900.8333333333334,805.5833333333334,733.0833333333334,677.0833333333334,16712.166666666668,17083.416666666668,17263.416666666668,17345.916666666668,17085.25,17062.333333333332,16680.0,15789.75,13934.166666666666,12097.583333333334,10849.25,10026.333333333334,9616.25,9407.833333333334,9231.166666666666,9126.833333333334,9543.416666666666,10184.416666666666,11049.833333333334,12041.75,12986.666666666666,13973.166666666666,15025.666666666666,15893.75,1670.3333333333333,1519.1666666666667,1423.5,1351.9166666666667,1411.9166666666667,1423.25,1473.4166666666667,1681.9166666666667,1837.4166666666667,2042.0833333333333,2342.25,2534.4166666666665,2704.0,2617.5,2754.25,2800.5833333333335,2739.1666666666665,2696.1666666666665,2609.0,2620.5833333333335,2573.9166666666665,2321.4166666666665,2093.5,1884.6666666666667,33.5,20.083333333333332,13.416666666666666,9.75,9.0,13.0,25.583333333333332,42.083333333333336,64.66666666666667,125.41666666666667,211.91666666666666,265.9166666666667,326.3333333333333,277.4166666666667,281.25,282.4166666666667,306.3333333333333,310.6666666666667,301.6666666666667,266.25,211.66666666666666,155.91666666666666,115.83333333333333,70.33333333333333,575059.9166666666,288414.5833333333,299162.1666666667,203708.25,183770.0,103940.58333333333,249924.08333333334,494833.1666666667,732983.9166666666,1939598.0,4450458.416666667,5711682.333333333,7161280.25,6119112.083333333,6444199.416666667,6580525.666666667,6701831.083333333,6773960.75,6804726.25,6167156.25,5009454.333333333,3071770.3333333335,2099873.1666666665,1197583.75,66.91666666666667,34381019.416666664,996.3333333333334,27134057.25,236.5,24578598.583333332,443.5,23692496.75,4465.0,157847551.83333334,39.666666666666664,15621039.222222222,,,22777.166666666668,526792467.9166667,23974.416666666668,271645487.25,5319.0,93250883.16666667,3940.0833333333335,114657789.08333333,384.6666666666667,40518870.416666664,325.3333333333333,881702.3333333334,,,70.08333333333333,1201.9166666666667,267.3333333333333,279.1666666666667,2642.9166666666665,289.0833333333333,82.41666666666667,1597.1666666666667,296.75,138.0,2026.1666666666667,349.5,174.0,2220.1666666666665,378.3333333333333,170.75,1980.4166666666667,316.9166666666667,103.5,1661.0,222.75,106705.33333333333,4386458.416666667,12260544.0,22450867.833333332,18840182.083333332,14616436.666666666,6528827.25,16.416666666666668,302.75,678.6666666666666,1071.3333333333333,849.0833333333334,557.6666666666666,258.0833333333333
2629059000,남구 용호3동,741.5833333333334,530.1666666666666,5074.583333333333,4507.166666666667,1299.6666666666667,1231.0,1276.6666666666667,1624.25,37613500.0,46073333.333333336,273.8333333333333,236.66666666666666,219.0,208.83333333333334,199.41666666666666,220.08333333333334,278.3333333333333,478.6666666666667,1251.1666666666667,2593.1666666666665,2815.6666666666665,2876.5833333333335,2847.0833333333335,2713.6666666666665,2713.9166666666665,2396.1666666666665,2097.4166666666665,1641.3333333333333,1192.0,925.75,783.0,686.75,575.0833333333334,504.6666666666667,12073.0,12389.583333333334,12559.25,12641.666666666666,12611.833333333334,12499.666666666666,12082.416666666666,11311.25,9845.416666666666,8535.333333333334,7677.666666666667,7179.666666666667,6947.583333333333,6821.666666666667,6667.583333333333,6623.666666666667,6879.0,7290.75,7827.0,8543.166666666666,9193.916666666666,9906.416666666666,10639.583333333334,11279.75,1817.0833333333333,1677.5,1603.0833333333333,1540.25,1528.5833333333333,1558.3333333333333,1672.9166666666667,1971.0,2200.9166666666665,2756.3333333333335,3109.75,3303.5,3464.6666666666665,3387.5,3453.4166666666665,3435.75,3192.0833333333335,2943.0833333333335,2980.5,3128.8333333333335,2967.4166666666665,2681.0,2370.9166666666665,2093.75,28.25,18.333333333333332,13.416666666666666,11.416666666666666,10.416666666666666,16.166666666666668,24.0,31.0,59.0,126.58333333333333,159.41666666666666,196.66666666666666,263.3333333333333,219.58333333333334,220.25,220.83333333333334,224.75,233.25,229.83333333333334,204.75,168.66666666666666,114.83333333333333,68.25,42.25,519858.5,376073.5,262097.58333333334,169297.16666666666,161665.41666666666,193384.66666666666,252049.91666666666,291196.0833333333,649561.4166666666,2459135.0833333335,4959775.083333333,6775650.333333333,7573540.833333333,7200794.0,7236103.25,7453139.583333333,6871356.0,6821102.916666667,6937780.333333333,6397743.333333333,5213307.833333333,2985300.25,1349153.0833333333,726111.0,37.916666666666664,7028066.333333333,463.75,51738573.166666664,80.91666666666667,25514518.083333332,393.3333333333333,19650758.916666668,4948.083333333333,153511226.91666666,41.5,2103305.4,,,20459.5,602164945.4166666,17370.166666666668,218874777.91666666,1679.0,40251221.166666664,4865.166666666667,224316543.5,614.25,63390326.166666664,265.5,16161968.166666666,,,97.33333333333333,1014.5833333333334,295.0,376.0833333333333,1241.4166666666667,425.4166666666667,120.41666666666667,952.75,312.75,166.91666666666666,1189.0833333333333,376.0,189.08333333333334,1608.6666666666667,398.6666666666667,182.91666666666666,1795.25,402.1666666666667,136.66666666666666,1777.5833333333333,318.25,132600.33333333334,4249349.083333333,11256311.666666666,19838717.833333332,21802786.416666668,18529165.083333332,7884386.083333333,22.5,261.75,435.0833333333333,653.75,731.25,550.1666666666666,244.83333333333334
2629060000,남구 용호4동,263.0833333333333,573.9166666666666,3509.9166666666665,3029.5833333333335,769.0833333333334,864.1666666666666,1253.3333333333333,1505.0,45552750.0,52497583.333333336,207.83333333333334,178.08333333333334,163.0,159.0,157.75,172.66666666666666,264.3333333333333,576.0833333333334,1233.4166666666667,1496.75,1553.0,1567.0,1469.5,1571.25,1543.75,1528.3333333333333,1483.5833333333333,1349.1666666666667,953.0,720.25,606.9166666666666,486.1666666666667,406.3333333333333,352.5,8238.25,8436.833333333334,8538.166666666666,8600.166666666666,8557.583333333334,8434.75,8121.583333333333,7719.0,6913.5,5739.666666666667,5119.0,4752.25,4593.0,4504.0,4360.916666666667,4400.666666666667,4660.833333333333,5027.0,5438.75,5972.916666666667,6453.166666666667,6954.25,7490.416666666667,7970.5,1173.0833333333333,1015.25,954.9166666666666,924.0833333333334,942.5833333333334,944.0833333333334,1023.3333333333334,1234.3333333333333,1613.0,1757.5833333333333,2012.8333333333333,2119.9166666666665,2156.5833333333335,2178.75,2089.75,2115.4166666666665,2176.5833333333335,2052.0833333333335,2033.75,2026.1666666666667,1948.3333333333333,1780.8333333333333,1593.1666666666667,1433.3333333333333,14.333333333333334,9.666666666666666,7.666666666666667,6.833333333333333,7.083333333333333,8.666666666666666,13.666666666666666,25.583333333333332,84.0,178.66666666666666,240.75,260.5,223.16666666666666,196.75,234.58333333333334,247.33333333333334,232.5,193.91666666666666,179.5,146.41666666666666,112.25,84.91666666666667,40.416666666666664,23.833333333333332,491082.1666666667,355236.3333333333,223275.41666666666,295800.0833333333,293321.25,413725.1666666667,448474.1666666667,674911.0833333334,2895036.6666666665,10139092.916666666,16040005.916666666,11729824.416666666,7071757.75,6343547.083333333,7617348.833333333,7367488.5,6888040.75,4672943.25,4037658.5,4122969.5833333335,3085889.5833333335,2108182.8333333335,808074.3333333334,778202.6666666666,138.0,347439.8,2550.4166666666665,79514153.08333333,71.5,20644203.833333332,189.33333333333334,20098565.833333332,831.8333333333334,66057093.75,36.75,25320797.875,,,8114.083333333333,227517863.25,19473.083333333332,343515722.5,888.9166666666666,14999923.333333334,7645.25,551929808.1666666,214.0,15633331.166666666,2212.5833333333335,8716221.5,,,164.83333333333334,727.9166666666666,227.83333333333334,29.75,1039.6666666666667,284.0,171.58333333333334,958.5833333333334,221.5,204.0,912.0,258.5,137.66666666666666,982.5833333333334,254.08333333333334,65.83333333333333,1030.3333333333333,218.08333333333334,60.583333333333336,885.75,166.83333333333334,57380.666666666664,2783553.4166666665,14511795.5,27724700.166666668,23663259.916666668,18835909.166666668,10490538.166666666,9.333333333333334,161.08333333333334,494.25,778.8333333333334,646.25,435.3333333333333,233.16666666666666
2629061000,남구 용당동,672.5,1315.5,3512.0833333333335,3551.9166666666665,719.9166666666666,1387.6666666666667,1250.4166666666667,3350.6666666666665,81323416.66666667,324041833.3333333,241.5,208.58333333333334,191.91666666666666,182.33333333333334,177.66666666666666,196.66666666666666,293.75,780.3333333333334,1912.25,3775.0833333333335,4476.166666666667,4638.416666666667,4458.75,4569.833333333333,4582.75,4374.833333333333,4079.25,3485.25,2142.1666666666665,1058.3333333333333,792.25,610.0833333333334,474.75,368.0833333333333,8892.916666666666,9154.916666666666,9376.583333333334,9552.166666666666,9567.833333333334,9521.5,9277.25,8578.583333333334,7289.75,6120.416666666667,5500.833333333333,5103.333333333333,4942.666666666667,4839.416666666667,4702.916666666667,4700.666666666667,4928.0,5270.333333333333,5726.916666666667,6244.583333333333,6727.833333333333,7336.166666666667,7988.916666666667,8487.666666666666,1154.1666666666667,1058.0,1030.5833333333333,1039.5833333333333,1344.3333333333333,1275.5833333333333,1340.0,1760.1666666666667,2054.5833333333335,2470.5833333333335,3042.0833333333335,3223.6666666666665,3303.0,3181.6666666666665,3304.0,3178.6666666666665,2926.5833333333335,2867.8333333333335,2793.8333333333335,2165.0,1862.25,1720.5833333333333,1536.8333333333333,1319.25,39.416666666666664,23.083333333333332,20.833333333333332,25.833333333333332,38.333333333333336,75.08333333333333,122.5,177.25,191.25,213.5,235.33333333333334,344.8333333333333,478.8333333333333,338.0833333333333,293.3333333333333,302.6666666666667,313.8333333333333,324.75,290.0833333333333,229.58333333333334,190.58333333333334,158.75,104.41666666666667,63.333333333333336,3382759.5833333335,2935921.0833333335,2477878.9166666665,4349505.916666667,6125656.833333333,10001408.333333334,13655248.75,12918896.75,11996852.583333334,18207979.5,22529337.333333332,27983947.666666668,26148930.416666668,26596503.75,29241675.833333332,34550775.416666664,37927189.5,32383859.666666668,21686424.75,18411636.916666668,16478884.333333334,12921107.166666666,8169137.333333333,4672837.5,65.33333333333333,510896.1666666667,634.75,130397443.41666667,627.25,45696135.75,111.5,10918485.833333334,3079.9166666666665,361603266.8333333,95.83333333333333,6726487.25,,,19668.666666666668,253457130.5,19893.5,188865786.0,2382.25,44718935.333333336,378.25,46905946.333333336,139.5,14450312.0,2419.5833333333335,624294085.4166666,3548.6666666666665,589662613.0,381.5833333333333,1271.9166666666667,378.25,120.33333333333333,1328.3333333333333,213.08333333333334,340.75,700.3333333333334,288.5,382.5833333333333,965.6666666666666,374.9166666666667,451.0833333333333,1050.5,446.25,249.25,980.8333333333334,280.3333333333333,59.833333333333336,764.0833333333334,123.66666666666667,280257.4166666667,7812061.083333333,33165237.833333332,81843500.58333333,133991976.16666667,123847440.5,24445439.833333332,52.75,475.0833333333333,728.1666666666666,1149.4166666666667,1224.0833333333333,781.3333333333334,191.33333333333334
2629062000,남구 감만1동,356.75,1039.9166666666667,5742.833333333333,5656.75,590.4166666666666,1459.3333333333333,520.5833333333334,1854.3333333333333,35590416.666666664,168068166.66666666,191.33333333333334,172.83333333333334,164.58333333333334,161.25,169.5,196.75,344.1666666666667,776.8333333333334,1905.5,2833.5,3027.5,3078.0,2925.5833333333335,2966.5833333333335,3001.0,2910.6666666666665,2750.9166666666665,2433.4166666666665,1496.5833333333333,713.0833333333334,540.9166666666666,438.9166666666667,362.75,275.1666666666667,14285.916666666666,14549.583333333334,14692.583333333334,14775.5,14797.833333333334,14661.833333333334,14254.083333333334,13455.75,11903.5,10180.916666666666,9189.083333333334,8554.916666666666,8258.833333333334,8034.583333333333,7801.333333333333,7816.833333333333,8212.5,8798.916666666666,9486.916666666666,10323.75,11105.333333333334,12031.666666666666,12939.25,13648.25,1506.6666666666667,1453.1666666666667,1417.1666666666667,1416.5833333333333,1441.5,1466.75,1728.0,2225.25,2380.1666666666665,2588.5,2683.9166666666665,2651.5833333333335,2451.75,2359.4166666666665,2656.0,2603.5,2417.1666666666665,2422.8333333333335,2443.5,2091.0,1900.1666666666667,1809.1666666666667,1791.75,1598.5,21.916666666666668,14.666666666666666,12.166666666666666,14.25,18.666666666666668,32.75,46.666666666666664,69.83333333333333,88.66666666666667,106.16666666666667,116.08333333333333,265.0833333333333,299.5,140.91666666666666,138.83333333333334,142.83333333333334,150.58333333333334,164.33333333333334,152.75,115.58333333333333,97.75,76.33333333333333,54.916666666666664,37.583333333333336,1428467.5,1020917.5833333334,917681.5,1739631.5,2180449.3333333335,4378939.416666667,4982254.666666667,5331478.75,7245910.25,10881546.75,12107548.333333334,15371575.416666666,15162982.583333334,15138596.166666666,17735366.833333332,17504577.25,19324091.25,15354553.833333334,10125421.333333334,8431952.333333334,7013314.333333333,5609278.166666667,3814828.25,2241948.0,36.4,29365968.1,2990.6666666666665,40210773.0,70.75,25471312.666666668,71.16666666666667,2313441.0,355.6666666666667,6006416.083333333,,,,,4900.916666666667,97848129.75,15682.666666666666,150513322.25,2948.75,39652241.666666664,1055.8333333333333,69264286.41666667,114.08333333333333,28890752.5,2202.1666666666665,586768108.4166666,1027.4166666666667,239985384.91666666,133.0,1301.0,225.41666666666666,25.166666666666668,1576.6666666666667,153.5,250.5,1401.0833333333333,351.8333333333333,347.0833333333333,1652.9166666666667,410.75,368.5833333333333,1985.1666666666667,456.1666666666667,232.58333333333334,1901.0833333333333,305.6666666666667,37.166666666666664,1579.25,144.0,51352.5,4050407.8333333335,16179831.916666666,37826045.583333336,70434712.16666667,62298127.0,12856656.25,7.083333333333333,154.58333333333334,428.25,537.75,668.9166666666666,468.6666666666667,112.5
2629063000,남구 감만2동,326.6666666666667,240.58333333333334,2401.0,2170.4166666666665,508.9166666666667,506.0,1596.5833333333333,1555.4166666666667,53046500.0,59360916.666666664,125.25,108.08333333333333,102.58333333333333,101.75,97.75,101.41666666666667,123.33333333333333,245.91666666666666,568.5833333333334,1034.0833333333333,1129.25,1159.3333333333333,1168.3333333333333,1197.1666666666667,1155.9166666666667,1005.5833333333334,887.6666666666666,751.5833333333334,605.9166666666666,526.0833333333334,460.4166666666667,389.5,319.4166666666667,282.0833333333333,5708.5,5871.416666666667,5960.166666666667,6015.833333333333,5975.583333333333,5937.583333333333,5738.75,5391.0,4784.583333333333,4053.5833333333335,3636.25,3388.5,3265.75,3213.6666666666665,3120.3333333333335,3080.0,3230.8333333333335,3450.0833333333335,3731.5,4117.0,4462.416666666667,4825.25,5221.916666666667,5550.833333333333,686.0833333333334,623.5,591.5,590.5833333333334,587.25,605.5833333333334,687.75,759.3333333333334,915.1666666666666,907.1666666666666,1043.6666666666667,1167.0833333333333,1149.25,1179.3333333333333,1305.9166666666667,1379.3333333333333,1416.8333333333333,1426.5,1420.9166666666667,1460.1666666666667,1380.25,1252.0833333333333,992.75,835.6666666666666,13.0,8.583333333333334,7.25,6.5,6.916666666666667,10.833333333333334,12.416666666666666,17.25,26.583333333333332,42.166666666666664,158.66666666666666,227.0,250.0,231.91666666666666,248.16666666666666,285.6666666666667,312.6666666666667,315.8333333333333,284.9166666666667,245.83333333333334,211.58333333333334,196.91666666666666,25.416666666666668,19.0,283242.75,185719.83333333334,139360.58333333334,84776.83333333333,115753.66666666667,145130.25,159009.66666666666,278479.8333333333,700725.25,1657195.5833333333,5622907.416666667,8882194.166666666,8619447.666666666,8920776.333333334,10166845.916666666,11038488.416666666,12375109.916666666,11368312.75,10272557.666666666,8578341.333333334,6766999.666666667,5597065.666666667,476556.0,387267.75,40.72727272727273,14605991.272727273,750.4166666666666,17457214.666666668,69.66666666666667,17354118.666666668,190.08333333333334,26046892.916666668,744.25,26952583.75,,,33.25,2452322.75,4536.166666666667,91674488.16666667,45489.5,1476683986.4166667,264.0833333333333,2292045.5833333335,1347.4166666666667,32591464.75,220.33333333333334,18962339.333333332,426.9166666666667,126906806.66666667,,,21.416666666666668,471.75,100.08333333333333,184.58333333333334,577.5,165.91666666666666,22.416666666666668,478.1666666666667,107.41666666666667,68.25,614.6666666666666,154.83333333333334,129.58333333333334,773.5,184.91666666666666,55.5,830.9166666666666,165.83333333333334,83.25,822.5833333333334,133.33333333333334,67680.41666666667,2481564.8333333335,11368653.25,28399765.0,33554763.583333336,26105403.916666668,10483187.583333334,6.583333333333333,106.75,386.3333333333333,758.5833333333334,941.0833333333334,661.75,293.8333333333333
2629064500,남구 우암동,294.9166666666667,542.5,6525.416666666667,6176.166666666667,555.5,736.5,1074.6666666666667,1873.1666666666667,24936750.0,67232000.0,146.16666666666666,122.33333333333333,112.58333333333333,111.16666666666667,108.25,158.0,381.5,592.5,1243.1666666666667,1712.3333333333333,1811.6666666666667,1831.5,1781.75,1784.3333333333333,1701.0833333333333,1573.0,1463.6666666666667,1158.3333333333333,759.0833333333334,481.9166666666667,386.5833333333333,330.3333333333333,261.5,216.33333333333334,16066.833333333334,16303.25,16421.25,16491.0,16478.0,16306.916666666666,15703.416666666666,14713.166666666666,13012.5,11159.0,10008.666666666666,9374.75,9108.0,8905.083333333334,8680.25,8670.5,9171.166666666666,9885.25,10643.416666666666,11715.0,12590.916666666666,13535.083333333334,14562.75,15337.25,898.75,800.75,758.25,740.6666666666666,741.6666666666666,788.1666666666666,925.1666666666666,1152.9166666666667,1523.75,1620.9166666666667,1699.3333333333333,1673.6666666666667,1621.9166666666667,1628.5833333333333,1672.8333333333333,1651.25,1597.3333333333333,1554.5,1563.0,1498.75,1440.3333333333333,1327.25,1160.1666666666667,1046.8333333333333,19.25,12.25,8.75,7.833333333333333,10.583333333333334,31.25,62.833333333333336,67.83333333333333,115.0,147.08333333333334,178.41666666666666,215.91666666666666,234.08333333333334,187.58333333333334,193.83333333333334,206.41666666666666,234.25,235.33333333333334,220.33333333333334,184.5,154.5,124.25,70.16666666666667,30.166666666666668,266038.0833333333,171491.75,118532.83333333333,106257.16666666667,815549.4166666666,2174015.3333333335,2763408.3333333335,2833879.3333333335,3323024.0,4369946.333333333,6007439.166666667,6645373.166666667,6496862.833333333,6254004.25,7079783.75,6899235.333333333,7518003.916666667,7223782.916666667,6460408.25,5241017.583333333,4308273.666666667,3243400.0833333335,1690489.25,571890.5,1651.6666666666667,9794547.416666666,2793.9166666666665,152200598.0,76.5,20644167.916666668,171.33333333333334,7293592.75,686.3333333333334,47601669.75,,,,,10335.5,192176208.75,19145.0,241338056.33333334,1456.9166666666667,31716477.416666668,2298.6666666666665,53180553.666666664,145.75,19347499.25,361.5833333333333,39756375.416666664,1151.5833333333333,91867979.33333333,50.166666666666664,1373.8333333333333,131.83333333333334,132.58333333333334,1713.3333333333333,160.33333333333334,103.83333333333333,1374.25,172.5,141.16666666666666,1624.0833333333333,231.08333333333334,193.83333333333334,2227.6666666666665,238.66666666666666,147.0,2399.1666666666665,219.58333333333334,66.25,1986.25,135.41666666666666,82181.91666666667,2410928.8333333335,12480602.083333334,22160451.333333332,25534660.083333332,22292270.833333332,7231464.333333333,12.5,167.5,480.0,783.0833333333334,757.8333333333334,512.6666666666666,235.58333333333334
2629068000,남구 문현1동,461.1666666666667,318.0833333333333,5619.5,5022.916666666667,568.6666666666666,568.9166666666666,530.6666666666666,794.5833333333334,13756333.333333334,20357083.333333332,165.91666666666666,138.58333333333334,121.75,115.83333333333333,111.16666666666667,118.75,140.83333333333334,259.1666666666667,903.4166666666666,1630.5833333333333,1741.5,1781.0833333333333,1772.8333333333333,1754.5,1646.25,1478.5833333333333,1371.1666666666667,1030.6666666666667,756.0,487.0,411.4166666666667,356.75,274.4166666666667,240.16666666666666,13375.666666666666,13692.0,13878.916666666666,13975.083333333334,13931.833333333334,13844.75,13357.333333333334,12530.5,11100.25,9461.333333333334,8444.833333333334,7803.083333333333,7491.25,7366.5,7173.5,7114.333333333333,7469.5,8018.0,8793.916666666666,9745.083333333334,10500.583333333334,11279.0,12172.5,12916.666666666666,904.0833333333334,817.1666666666666,755.5833333333334,728.6666666666666,712.75,726.9166666666666,777.3333333333334,897.5833333333334,1149.25,1253.6666666666667,1316.5833333333333,1364.9166666666667,1386.8333333333333,1402.75,1410.0,1374.1666666666667,1380.4166666666667,1327.9166666666667,1398.1666666666667,1422.75,1391.6666666666667,1287.1666666666667,1159.0,1034.0,14.916666666666666,9.666666666666666,8.166666666666666,7.0,7.166666666666667,10.333333333333334,13.0,26.416666666666668,36.0,44.0,61.083333333333336,76.25,94.41666666666667,84.75,79.83333333333333,87.58333333333333,101.75,113.41666666666667,115.25,100.08333333333333,84.66666666666667,72.08333333333333,48.416666666666664,38.916666666666664,282542.6666666667,169311.33333333334,157114.83333333334,135773.16666666666,107907.33333333333,112890.08333333333,128292.91666666667,239594.0,440344.9166666667,889491.5,1354816.6666666667,1859567.3333333333,2209381.6666666665,2551363.25,2978311.8333333335,2790502.0,3615803.75,2691754.6666666665,2959783.75,2658675.5833333335,2381238.9166666665,1729822.5833333333,1085741.9166666667,883976.9166666666,39.75,19238932.416666668,289.5833333333333,136219941.41666666,131.83333333333334,41799348.0,204.16666666666666,5277445.0,799.4166666666666,23770414.25,,,,,7376.166666666667,159764855.91666666,12927.416666666666,148368960.0,679.6666666666666,20640205.25,627.25,55835227.333333336,144.5,12998094.083333334,141.25,12436400.083333334,38.25,1484900.25,19.333333333333332,1150.75,119.91666666666667,303.1666666666667,1919.0833333333333,219.0,55.833333333333336,1204.9166666666667,129.58333333333334,94.66666666666667,1636.25,178.66666666666666,136.41666666666666,1730.0833333333333,209.0,106.83333333333333,1591.5,168.33333333333334,60.333333333333336,1407.8333333333333,110.75,47053.166666666664,937407.0,4434144.25,12125221.666666666,10296668.416666666,4749448.083333333,1542516.1666666667,9.333333333333334,88.41666666666667,200.75,367.1666666666667,390.1666666666667,196.66666666666666,74.08333333333333
2629069000,남구 문현2동,1074.4166666666667,1458.1666666666667,2823.25,2586.5833333333335,1616.6666666666667,1680.0833333333333,2693.6666666666665,3836.75,96257833.33333333,127938750.0,279.75,222.58333333333334,199.33333333333334,192.83333333333334,184.83333333333334,218.33333333333334,339.6666666666667,684.4166666666666,1991.0,5090.916666666667,5590.25,5743.333333333333,5015.5,5589.25,5635.666666666667,5474.666666666667,5163.083333333333,4764.333333333333,3759.75,1574.3333333333333,1139.8333333333333,858.25,633.6666666666666,473.4166666666667,6716.666666666667,6900.833333333333,7021.916666666667,7085.916666666667,7014.833333333333,6996.416666666667,6809.166666666667,6402.0,5747.0,4911.333333333333,4402.75,4104.25,3945.0833333333335,3863.6666666666665,3733.4166666666665,3750.3333333333335,3895.75,4124.583333333333,4422.75,4836.25,5206.166666666667,5588.166666666667,5998.75,6368.75,1956.0833333333333,1719.1666666666667,1616.6666666666667,1574.8333333333333,1561.5,1623.8333333333333,1860.0,2361.25,3153.0,3360.4166666666665,3538.1666666666665,4076.6666666666665,4521.25,4750.0,4832.833333333333,4874.833333333333,4844.0,4792.666666666667,4872.0,4582.083333333333,4051.5833333333335,3608.3333333333335,2760.6666666666665,2246.3333333333335,34.583333333333336,18.833333333333332,13.666666666666666,11.333333333333334,10.666666666666666,15.416666666666666,32.416666666666664,75.41666666666667,225.0,178.83333333333334,270.75,519.25,795.1666666666666,472.9166666666667,448.9166666666667,472.3333333333333,483.1666666666667,495.3333333333333,563.75,471.25,407.4166666666667,316.0,138.0,58.583333333333336,505275.25,290883.1666666667,181292.58333333334,160398.0,128919.16666666667,197658.91666666666,403775.5833333333,817163.0,2554018.6666666665,4675265.666666667,11599236.5,19674834.0,22805058.916666668,16763223.75,18549192.666666668,18963337.333333332,19554874.333333332,20248497.083333332,19228448.833333332,16894221.333333332,14939611.416666666,10635443.583333334,3527876.25,1007652.0,44.583333333333336,20258200.75,4867.083333333333,206404928.0,434.75,18066273.333333332,239.75,18518764.75,10202.583333333334,56369459.0,313.0833333333333,47467862.833333336,,,34232.0,512685958.3333333,64293.5,2374652092.8333335,309.5833333333333,9816738.166666666,3279.3333333333335,241452957.25,474.5,46039623.833333336,198.75,58865635.916666664,187.08333333333334,9952375.0,309.5833333333333,621.8333333333334,489.0833333333333,195.33333333333334,497.6666666666667,480.25,678.8333333333334,656.6666666666666,541.0,587.0833333333334,710.3333333333334,540.0,446.25,888.25,579.75,221.75,974.6666666666666,421.3333333333333,91.33333333333333,1057.9166666666667,243.08333333333334,244490.08333333334,16312540.75,54619024.916666664,56124341.5,55933524.416666664,31532052.75,9468869.25,15.166666666666666,762.75,1964.5833333333333,1618.3333333333333,1330.4166666666667,627.0,212.58333333333334
2629070000,남구 문현3동,421.0,290.6666666666667,4628.75,4235.416666666667,1285.5833333333333,1279.5833333333333,1983.75,2396.5,63016333.333333336,68865250.0,224.5,180.33333333333334,153.75,145.33333333333334,146.33333333333334,151.83333333333334,185.83333333333334,301.6666666666667,528.3333333333334,1031.0,1252.4166666666667,1323.25,1331.8333333333333,1357.4166666666667,1354.9166666666667,1342.5,1300.75,1193.75,990.0,726.75,611.75,508.4166666666667,418.25,344.3333333333333,11449.0,11802.916666666666,11987.583333333334,12092.833333333334,12127.083333333334,12015.166666666666,11551.166666666666,10726.666666666666,9268.583333333334,7490.916666666667,6609.583333333333,6073.166666666667,5803.0,5652.916666666667,5529.666666666667,5645.583333333333,5987.583333333333,6555.416666666667,7244.583333333333,8098.416666666667,8732.083333333334,9401.166666666666,10142.75,10764.083333333334,1954.6666666666667,1729.6666666666667,1588.4166666666667,1520.5833333333333,1605.3333333333333,1610.9166666666667,1759.8333333333333,1907.1666666666667,2299.6666666666665,2287.9166666666665,2522.8333333333335,2736.6666666666665,2904.5833333333335,2804.1666666666665,2917.1666666666665,3101.25,3379.6666666666665,3548.75,3771.25,3797.4166666666665,3577.4166666666665,3224.75,2730.75,2294.8333333333335,41.333333333333336,24.0,16.833333333333332,11.416666666666666,11.25,26.583333333333332,24.75,39.333333333333336,96.08333333333333,159.25,251.58333333333334,301.3333333333333,350.5,280.5,309.4166666666667,336.1666666666667,361.1666666666667,385.3333333333333,376.4166666666667,321.1666666666667,274.6666666666667,198.41666666666666,113.83333333333333,68.91666666666667,906506.9166666666,550802.1666666666,289675.1666666667,191791.0,132021.16666666666,271133.0,246442.0,348771.3333333333,1444512.1666666667,4648759.5,9391793.083333334,11127636.166666666,10951549.416666666,8994312.666666666,10022721.0,12413120.5,12705735.0,11612758.416666666,10127887.333333334,8992777.166666666,7324256.333333333,4895100.916666667,2663572.25,1727063.25,150.58333333333334,7967809.0,2095.5,108225523.41666667,191.0,44843922.25,275.3333333333333,19896389.75,5862.916666666667,651706707.0833334,53.75,3492203.0,,,28373.666666666668,585783345.0833334,30582.833333333332,547965107.0,2397.0,46142472.25,6104.583333333333,296090768.9166667,243.25,35609897.416666664,487.8333333333333,52968414.333333336,,,82.5,1034.0833333333333,310.5833333333333,59.0,1383.6666666666667,477.0,101.66666666666667,1105.6666666666667,333.0833333333333,127.33333333333333,1320.9166666666667,397.8333333333333,149.25,1465.9166666666667,456.0,122.83333333333333,1362.5,344.4166666666667,66.58333333333333,1189.1666666666667,243.58333333333334,118210.75,7270676.666666667,20831014.916666668,33274565.166666668,36715868.333333336,23672916.416666668,10012436.583333334,15.416666666666666,363.6666666666667,845.1666666666666,1146.75,1113.0,626.9166666666666,268.6666666666667
2629071000,남구 문현4동,411.75,630.0,3724.9166666666665,3347.75,819.25,1014.8333333333334,868.8333333333334,1434.5833333333333,33282000.0,49426916.666666664,179.83333333333334,148.58333333333334,138.16666666666666,133.91666666666666,129.58333333333334,151.16666666666666,338.9166666666667,694.0,1121.1666666666667,1947.0833333333333,2146.5,2235.8333333333335,2114.6666666666665,2222.0,2196.4166666666665,2085.5833333333335,2006.25,1692.6666666666667,1128.8333333333333,659.6666666666666,505.75,427.75,349.5,297.9166666666667,9038.416666666666,9319.583333333334,9468.083333333334,9547.916666666666,9523.916666666666,9454.666666666666,9131.166666666666,8515.416666666666,7435.666666666667,6163.666666666667,5379.25,4941.583333333333,4746.75,4650.666666666667,4533.666666666667,4541.0,4829.583333333333,5252.833333333333,5737.333333333333,6381.833333333333,6929.083333333333,7512.583333333333,8119.083333333333,8605.583333333334,1191.1666666666667,1070.1666666666667,1013.1666666666666,981.25,1007.6666666666666,1067.9166666666667,1322.75,1618.5,2103.5833333333335,2085.6666666666665,2031.8333333333333,2217.5833333333335,2421.3333333333335,2353.25,2445.5,2342.1666666666665,2377.9166666666665,2468.3333333333335,2517.9166666666665,2309.1666666666665,2063.8333333333335,1899.25,1731.3333333333333,1405.6666666666667,16.5,10.75,8.0,8.25,8.833333333333334,18.75,27.666666666666668,41.583333333333336,64.66666666666667,85.41666666666667,114.5,144.16666666666666,211.25,168.41666666666666,150.5,150.16666666666666,159.58333333333334,178.33333333333334,208.08333333333334,188.41666666666666,148.83333333333334,106.5,64.58333333333333,29.0,303944.25,202288.83333333334,156871.66666666666,150507.75,104884.83333333333,486272.3333333333,1129717.1666666667,1512260.0,1693540.75,2757754.0833333335,4926647.5,6362470.833333333,7945835.166666667,6369670.5,6148512.833333333,6096227.75,6074458.916666667,7255188.666666667,7127260.666666667,6162875.75,4823480.333333333,2966688.0,1676717.6666666667,582901.5,60.333333333333336,7365734.916666667,1759.25,158729491.91666666,62.583333333333336,29400781.083333332,162.91666666666666,5287366.916666667,5691.75,313482011.3333333,51.44444444444444,78997405.1111111,,,10505.916666666666,307228288.5833333,17303.5,349306762.5833333,730.0,17773923.666666668,1580.0,73957345.08333333,153.58333333333334,95872533.75,567.6666666666666,51669122.833333336,535.8333333333334,27020897.5,90.0,788.9166666666666,206.33333333333334,55.0,917.0,215.0,166.58333333333334,823.3333333333334,255.41666666666666,181.33333333333334,991.25,293.25,259.5833333333333,1238.8333333333333,357.8333333333333,214.25,1184.6666666666667,315.8333333333333,72.66666666666667,1126.3333333333333,187.75,83224.91666666667,3844668.9166666665,14407387.083333334,19699562.833333332,22053218.25,16062907.916666666,6586118.75,11.666666666666666,153.41666666666666,462.25,560.3333333333334,588.5,382.75,146.16666666666666
2632051000,북구 구포1동,771.0,470.8333333333333,5248.0,5101.25,1675.75,1649.6666666666667,3370.0833333333335,4694.416666666667,98767666.66666667,118703416.66666667,213.91666666666666,179.5,157.0,149.66666666666666,144.66666666666666,168.58333333333334,246.16666666666666,422.4166666666667,913.75,1827.5833333333333,2303.4166666666665,2557.6666666666665,2636.4166666666665,2673.9166666666665,2684.6666666666665,2641.1666666666665,2551.6666666666665,2321.6666666666665,1827.4166666666667,1233.9166666666667,814.9166666666666,538.6666666666666,360.4166666666667,279.6666666666667,13015.666666666666,13349.916666666666,13529.166666666666,13628.583333333334,13639.666666666666,13487.666666666666,12932.916666666666,12005.833333333334,10447.5,8800.583333333334,7971.416666666667,7460.25,7220.833333333333,7079.583333333333,6988.666666666667,7096.083333333333,7445.75,8087.666666666667,8868.333333333334,9690.75,10315.416666666666,11056.75,11833.833333333334,12450.5,1913.5833333333333,1714.4166666666667,1554.5,1449.25,1405.8333333333333,1483.25,1828.8333333333333,2108.25,2947.8333333333335,2973.3333333333335,3626.9166666666665,4223.333333333333,4795.833333333333,5084.0,5298.916666666667,5280.0,5170.5,5236.25,5215.416666666667,4582.5,3786.5833333333335,3188.6666666666665,2743.25,2236.25,78.91666666666667,47.333333333333336,39.333333333333336,29.416666666666668,32.083333333333336,54.166666666666664,83.41666666666667,114.91666666666667,179.58333333333334,342.0833333333333,482.25,582.75,688.1666666666666,667.4166666666666,670.0833333333334,696.1666666666666,674.4166666666666,625.75,587.6666666666666,460.6666666666667,366.25,261.6666666666667,184.16666666666666,113.91666666666667,2387055.75,1831748.3333333333,1327541.3333333333,885195.5833333334,675753.25,742292.1666666666,994167.75,1134117.0,3569390.75,12323132.583333334,18661194.75,17757548.916666668,17553857.5,17164790.666666668,17854850.25,18723388.916666668,17937262.583333332,16839052.333333332,14182936.25,11907765.5,9154601.083333334,6454063.833333333,4409113.166666667,3015007.25,426.4166666666667,4898853.5,2133.0,270757448.0,124.0,33243049.333333332,663.25,22551125.75,5797.083333333333,165787414.66666666,350.0,15225228.75,,,42535.916666666664,1148697324.8333333,41155.166666666664,488595819.3333333,17338.333333333332,428212524.8333333,8673.083333333334,469219611.5833333,3428.0,207515979.33333334,3576.6666666666665,60911214.666666664,,,118.58333333333333,1470.6666666666667,417.9166666666667,16.916666666666668,1192.0,327.0833333333333,140.33333333333334,1150.8333333333333,398.4166666666667,212.5,1382.0,450.5833333333333,350.25,2184.4166666666665,651.4166666666666,289.25,1660.0833333333333,643.4166666666666,111.33333333333333,1306.6666666666667,433.6666666666667,172138.75,8669871.666666666,25041469.5,34201415.25,58851669.666666664,64581544.0,25960697.666666668,26.583333333333332,619.75,1337.4166666666667,1435.1666666666667,1962.5833333333333,1933.5,748.5833333333334
2632052000,북구 구포2동,1008.0,917.4166666666666,9598.25,9559.25,1663.3333333333333,1800.9166666666667,2401.6666666666665,4270.333333333333,69417500.0,137811166.66666666,303.5833333333333,259.5833333333333,237.75,223.91666666666666,238.75,267.9166666666667,375.9166666666667,660.6666666666666,1650.5,3722.6666666666665,4071.4166666666665,4218.75,4122.833333333333,4243.916666666667,4062.9166666666665,3830.6666666666665,3641.75,3156.3333333333335,2330.3333333333335,1460.25,1158.1666666666667,910.9166666666666,647.1666666666666,465.0,24122.666666666668,24640.25,24921.0,25078.75,25149.416666666668,24878.25,23898.0,22126.0,19114.333333333332,16431.583333333332,14942.75,13989.083333333334,13503.166666666666,13225.083333333334,12838.75,12887.25,13611.833333333334,14822.666666666666,16322.166666666666,18013.25,19329.666666666668,20732.416666666668,22066.416666666668,23149.166666666668,2045.5,1824.8333333333333,1698.4166666666667,1645.1666666666667,1729.0833333333333,1868.75,2338.25,2773.6666666666665,3683.0,3663.5833333333335,3860.3333333333335,4110.75,4316.5,4472.583333333333,4382.75,4602.916666666667,4598.083333333333,5152.666666666667,5326.333333333333,5143.166666666667,4631.583333333333,3756.6666666666665,3098.1666666666665,2451.6666666666665,59.083333333333336,38.583333333333336,24.833333333333332,19.25,24.833333333333332,74.91666666666667,115.0,169.83333333333334,258.8333333333333,304.25,341.3333333333333,424.3333333333333,552.5833333333334,477.8333333333333,419.9166666666667,445.6666666666667,452.9166666666667,492.0833333333333,551.1666666666666,459.8333333333333,380.75,276.1666666666667,195.66666666666666,111.33333333333333,1365693.5,1060485.6666666667,625923.9166666666,478120.0833333333,739991.5833333334,2120866.0,3309794.8333333335,4447635.083333333,6694822.333333333,10779727.166666666,12680765.75,14311114.583333334,16063307.25,16849127.416666668,15663722.25,15636906.0,15866759.083333334,15243609.583333334,14695435.166666666,12510172.75,10165166.916666666,7163906.583333333,4866488.916666667,3933776.3333333335,300.0,44419062.0,1155.25,205863663.66666666,268.3333333333333,60241272.083333336,532.4166666666666,25242643.75,6108.916666666667,215885499.75,78.0,8595603.0,,,38721.583333333336,694410472.0833334,33842.916666666664,304011705.1666667,2811.0833333333335,186380415.41666666,3901.9166666666665,185425883.16666666,187.41666666666666,22324233.75,1201.6666666666667,119174106.91666667,3444.8333333333335,153136533.58333334,168.58333333333334,2698.0,496.0,418.75,3091.3333333333335,443.8333333333333,275.8333333333333,2229.5,475.75,328.5,2813.9166666666665,540.4166666666666,405.5,3733.8333333333335,692.3333333333334,248.75,2673.25,527.0833333333334,77.16666666666667,1915.8333333333333,286.0,245313.16666666666,10595505.916666666,34434221.916666664,47591603.333333336,54334797.166666664,46740575.0,13290540.666666666,40.416666666666664,643.75,1505.0,1522.8333333333333,1519.4166666666667,1104.5,333.75
2632052100,북구 구포3동,567.8333333333334,461.4166666666667,9014.416666666666,8994.833333333334,671.0833333333334,711.3333333333334,1162.75,1991.25,27656833.333333332,46710833.333333336,161.58333333333334,124.0,113.16666666666667,111.16666666666667,119.58333333333333,129.83333333333334,166.75,283.5,1144.9166666666667,2014.8333333333333,2302.0833333333335,2413.3333333333335,2438.9166666666665,2432.5,2345.75,2015.6666666666667,1815.75,1518.1666666666667,1079.5,699.4166666666666,539.5833333333334,404.5,297.8333333333333,216.0,22201.0,22581.166666666668,22815.333333333332,22962.666666666668,23007.083333333332,22823.333333333332,21955.416666666668,20544.916666666668,18039.333333333332,15803.0,14504.25,13635.916666666666,13130.0,12861.0,12677.916666666666,12734.5,13311.666666666666,14289.833333333334,15556.0,17085.416666666668,18273.916666666668,19399.0,20540.416666666668,21507.166666666668,1031.9166666666667,927.0833333333334,862.5833333333334,832.0833333333334,827.8333333333334,846.0,862.0833333333334,931.9166666666666,1067.25,1253.5833333333333,1582.9166666666667,1695.1666666666667,1665.5833333333333,1681.0,1926.4166666666667,2024.4166666666667,1932.0833333333333,1775.9166666666667,1773.0,1867.5,1822.5,1621.8333333333333,1368.4166666666667,1189.25,48.333333333333336,31.583333333333332,20.333333333333332,15.333333333333334,18.0,32.0,45.416666666666664,60.666666666666664,76.08333333333333,125.16666666666667,138.83333333333334,179.16666666666666,223.0,183.16666666666666,182.58333333333334,190.0,212.08333333333334,248.16666666666666,270.0,254.58333333333334,213.0,173.25,123.5,82.75,952512.3333333334,578323.75,400989.9166666667,267835.1666666667,365656.3333333333,547957.5833333334,944446.8333333334,945106.75,1573266.8333333333,2647984.6666666665,3889413.75,4703822.166666667,5434366.916666667,4701269.833333333,4852290.25,5160981.166666667,5432148.0,6072142.916666667,6399654.833333333,5929507.75,4974363.166666667,3589336.25,2288179.75,1784006.3333333333,149.66666666666666,4359389.5,1648.0,42782376.0,144.0,34977704.583333336,613.3333333333334,21519302.75,4636.166666666667,90142628.66666667,,,,,10908.666666666666,307625764.5833333,29621.916666666668,383452283.1666667,1099.25,24732233.25,2150.5833333333335,70193419.41666667,187.41666666666666,25974956.416666668,286.75,51880269.416666664,567.75,22813724.083333332,147.75,2765.25,227.41666666666666,293.0833333333333,3127.9166666666665,271.4166666666667,100.75,1934.5,164.75,153.25,2697.25,201.25,203.08333333333334,3242.25,259.1666666666667,102.91666666666667,2328.8333333333335,179.16666666666666,26.0,1910.6666666666667,77.0,263173.8333333333,4644356.333333333,12122104.583333334,17168254.25,21376094.5,15112263.333333334,3685899.5833333335,41.083333333333336,421.1666666666667,613.75,673.6666666666666,808.3333333333334,469.3333333333333,124.66666666666667
2632053000,북구 금곡동,850.0,734.1666666666666,16810.416666666668,14937.916666666666,1375.5833333333333,1578.5,2961.0833333333335,5114.5,84498750.0,163924166.66666666,367.9166666666667,323.5833333333333,297.75,285.4166666666667,285.5833333333333,300.6666666666667,379.25,667.0,1367.3333333333333,2898.0833333333335,3238.1666666666665,3339.25,3281.1666666666665,3327.4166666666665,3289.1666666666665,3065.0833333333335,2872.1666666666665,2469.3333333333335,1968.6666666666667,1241.75,994.9166666666666,832.25,695.0,597.5833333333334,38557.166666666664,39276.666666666664,39591.083333333336,39761.75,39688.916666666664,39443.916666666664,38432.583333333336,36308.083333333336,32614.583333333332,28654.166666666668,26309.833333333332,24688.416666666668,23718.0,23210.5,22923.166666666668,22877.416666666668,23860.75,25390.666666666668,27496.083333333332,29979.083333333332,31859.333333333332,33932.583333333336,35962.083333333336,37577.166666666664,1598.5833333333333,1448.8333333333333,1365.4166666666667,1329.0,1368.1666666666667,1474.5833333333333,1826.9166666666667,2339.9166666666665,3026.3333333333335,3456.1666666666665,3863.6666666666665,4337.0,4300.166666666667,4187.166666666667,4325.583333333333,4496.666666666667,4200.666666666667,4158.083333333333,4022.3333333333335,3689.6666666666665,3239.3333333333335,2852.5,2346.1666666666665,1997.3333333333333,62.333333333333336,41.666666666666664,33.25,30.0,34.75,59.416666666666664,126.25,168.58333333333334,263.6666666666667,340.75,458.5,534.6666666666666,673.0833333333334,562.0833333333334,570.5833333333334,623.4166666666666,646.3333333333334,654.25,647.3333333333334,517.75,412.1666666666667,306.5,189.5,112.0,1156915.4166666667,945302.5833333334,1000646.5833333334,1145704.5,1283160.0833333333,2080158.5,5265323.75,5250480.333333333,6857062.583333333,10385022.916666666,14938440.75,17998512.666666668,18610368.166666668,17253016.75,19105549.333333332,23612146.25,22185275.916666668,21200770.333333332,18492340.416666668,15185966.833333334,10714162.166666666,7403624.5,4133646.9166666665,2227056.9166666665,427.0,2837520.9166666665,2442.5,119700097.5,312.6666666666667,46294563.25,412.1666666666667,18688233.583333332,7230.583333333333,208393264.5,,,,,29870.333333333332,490264199.4166667,63592.25,1411687559.5,3645.5,43634742.583333336,3916.5,163891715.66666666,988.5833333333334,79864149.16666667,509.4166666666667,67271518.5,3236.25,181571977.25,190.5,3836.3333333333335,339.3333333333333,185.08333333333334,5461.0,362.4166666666667,233.91666666666666,3249.0,417.0833333333333,308.0,4779.5,540.8333333333334,351.0,5801.5,600.8333333333334,218.75,4192.25,453.4166666666667,94.41666666666667,4426.25,237.41666666666666,242534.91666666666,7020041.666666667,31279450.0,50339328.833333336,73004718.25,66644869.666666664,19894428.75,52.416666666666664,472.8333333333333,1330.3333333333333,1854.25,2099.1666666666665,1704.8333333333333,559.75
2632054100,북구 화명1동,1002.25,617.1666666666666,14854.583333333334,13128.833333333334,2263.6666666666665,2174.5,4317.083333333333,4593.416666666667,99979416.66666667,101192500.0,732.5,596.6666666666666,461.9166666666667,417.1666666666667,398.4166666666667,421.6666666666667,526.5833333333334,815.75,1563.3333333333333,2731.5,2995.25,3061.75,3024.8333333333335,2955.3333333333335,2925.25,2731.3333333333335,2583.8333333333335,2304.9166666666665,1891.0,1501.5833333333333,1318.75,1168.0833333333333,1021.75,905.4166666666666,36187.833333333336,37126.416666666664,37565.25,37743.083333333336,37557.833333333336,37237.416666666664,36302.083333333336,33841.583333333336,29336.166666666668,24442.0,21657.416666666668,19826.666666666668,18812.5,18301.416666666668,17832.666666666668,17642.5,18620.833333333332,20310.333333333332,22495.916666666668,25186.916666666668,27339.583333333332,29704.0,32218.416666666668,34343.583333333336,3720.3333333333335,3275.9166666666665,2971.0833333333335,2877.75,2856.3333333333335,2878.0833333333335,3078.3333333333335,3567.3333333333335,4174.25,4211.5,4733.75,4977.333333333333,4898.583333333333,4700.833333333333,4992.416666666667,5258.5,5512.833333333333,5725.333333333333,5956.416666666667,6066.416666666667,5791.916666666667,5411.333333333333,4833.5,4259.0,57.0,31.333333333333332,20.666666666666668,16.833333333333332,15.166666666666666,25.5,71.33333333333333,114.0,199.58333333333334,408.8333333333333,542.3333333333334,631.75,682.1666666666666,577.0833333333334,633.3333333333334,708.25,797.5833333333334,808.0833333333334,767.8333333333334,602.75,490.6666666666667,365.1666666666667,228.08333333333334,116.58333333333333,570559.9166666666,304671.0833333333,215513.75,142405.08333333334,154644.25,271601.0833333333,1210592.0,1907075.1666666667,3036735.9166666665,12285200.666666666,15000651.666666666,16435545.583333334,16058252.75,12743782.166666666,15486035.25,16876724.666666668,18109665.333333332,17323867.25,16371856.75,13963648.333333334,11346315.916666666,6812315.166666667,3117934.1666666665,1461607.9166666667,144.91666666666666,682898.1666666666,2137.3333333333335,67301698.75,708.0833333333334,113651258.83333333,1992.3333333333333,71938240.75,5391.416666666667,375613797.25,,,,,34401.0,639665412.5,61590.75,825843698.0,17944.166666666668,267616532.58333334,9637.416666666666,423436565.9166667,566.5833333333334,78339968.91666667,557.3333333333334,4644102.25,552.6666666666666,28313827.444444444,220.16666666666666,3707.1666666666665,640.0833333333334,320.5,6434.333333333333,860.5,233.0,3487.3333333333335,645.5833333333334,281.25,4486.666666666667,753.9166666666666,262.25,4835.333333333333,722.25,198.0,3067.6666666666665,522.4166666666666,101.75,1962.5,291.0,313608.5833333333,8848900.833333334,41209920.5,58912651.666666664,51207057.25,31242798.666666668,9438123.75,49.666666666666664,591.8333333333334,1838.9166666666667,2410.5833333333335,2247.6666666666665,1370.25,399.25
2632054200,북구 화명2동,682.3333333333334,418.3333333333333,7033.5,6185.333333333333,1682.0833333333333,1612.6666666666667,1378.6666666666667,1849.5833333333333,36153583.333333336,41877416.666666664,339.9166666666667,283.0833333333333,246.08333333333334,222.75,219.66666666666666,231.25,275.0,410.0833333333333,997.1666666666666,2053.5833333333335,2265.9166666666665,2342.3333333333335,2355.8333333333335,2305.75,2227.5,2011.0,1880.5,1538.0833333333333,1245.5833333333333,904.6666666666666,758.3333333333334,655.3333333333334,536.4166666666666,461.5,16882.666666666668,17329.166666666668,17556.25,17648.75,17635.083333333332,17468.333333333332,16925.083333333332,15777.166666666666,13662.333333333334,11569.833333333334,10338.166666666666,9520.583333333334,9132.5,8915.0,8739.0,8648.166666666666,9080.75,9783.166666666666,10758.25,11922.583333333334,12920.416666666666,14014.75,15162.833333333334,16106.75,2467.75,2222.75,2090.0,1993.75,2055.0833333333335,2121.9166666666665,2411.5,2744.3333333333335,3255.0,3360.0833333333335,3657.75,3858.5,4030.8333333333335,3934.8333333333335,4008.25,4025.9166666666665,4237.166666666667,4371.5,4437.916666666667,4324.916666666667,4134.833333333333,3693.75,3215.75,2716.0833333333335,32.666666666666664,19.083333333333332,13.916666666666666,9.666666666666666,9.5,13.333333333333334,27.5,47.333333333333336,59.083333333333336,114.33333333333333,148.08333333333334,188.5,248.83333333333334,223.33333333333334,209.41666666666666,209.5,239.08333333333334,276.0,309.5,275.0,219.16666666666666,164.83333333333334,115.75,58.0,633677.6666666666,331422.1666666667,231033.0,122480.75,133065.0,173518.58333333334,332312.9166666667,492829.3333333333,873826.0833333334,2130347.8333333335,3708473.8333333335,5226503.583333333,6522162.916666667,5842021.083333333,5487822.0,6087654.75,6855499.583333333,7012505.833333333,7301611.916666667,7006891.0,5083703.583333333,3336603.8333333335,2136880.5,1109531.5,40.18181818181818,10485971.363636363,927.1666666666666,68450792.25,156.83333333333334,31995949.333333332,479.8333333333333,21948802.0,4194.666666666667,253846707.58333334,,,,,23831.0,476090929.75,21952.25,294653072.6666667,1817.5833333333333,31828713.083333332,2326.5833333333335,75740932.91666667,352.5833333333333,50957706.666666664,237.41666666666666,41404139.5,278.0,9924294.083333334,103.25,1758.25,458.0,358.0833333333333,2270.3333333333335,668.75,126.66666666666667,1230.3333333333333,428.25,162.5,1876.1666666666667,524.25,178.83333333333334,2408.8333333333335,588.1666666666666,113.08333333333333,1991.75,403.8333333333333,55.75,1680.9166666666667,220.83333333333334,212498.25,4525672.166666667,14241601.416666666,17788676.25,21339432.25,15745430.166666666,4183174.5833333335,29.333333333333332,279.3333333333333,698.6666666666666,763.5833333333334,809.0833333333334,511.3333333333333,135.0
2632054300,북구 화명3동,1699.8333333333333,1333.25,11454.083333333334,10288.0,3631.5,3654.0,7888.583333333333,9829.0,210281000.0,263682250.0,809.75,640.3333333333334,562.5,534.6666666666666,528.5833333333334,548.75,627.0833333333334,917.3333333333334,1948.4166666666667,4508.0,5409.25,5871.416666666667,6001.25,6114.75,5968.916666666667,5455.416666666667,5273.666666666667,4923.833333333333,4294.916666666667,3456.25,3008.25,2418.5833333333335,1759.5833333333333,1290.0833333333333,26452.916666666668,27165.333333333332,27657.333333333332,27845.25,27844.333333333332,27651.583333333332,26986.5,25234.583333333332,21929.5,19018.75,17428.333333333332,16399.833333333332,15830.583333333334,15637.583333333334,15326.25,15142.75,15940.0,17219.083333333332,18864.5,20774.5,22034.583333333332,23276.166666666668,24544.5,25642.833333333332,4604.916666666667,3688.0833333333335,3231.3333333333335,2996.6666666666665,2977.5,3063.3333333333335,3490.25,3991.8333333333335,4742.083333333333,4969.916666666667,6470.833333333333,7405.25,8369.583333333334,8905.25,9717.25,10548.166666666666,11131.0,11659.583333333334,12472.583333333334,13128.166666666666,12377.166666666666,10528.416666666666,8184.166666666667,6244.083333333333,250.83333333333334,168.16666666666666,106.0,67.08333333333333,42.833333333333336,40.333333333333336,58.75,136.33333333333334,236.91666666666666,521.75,812.8333333333334,1072.0833333333333,1464.75,1278.3333333333333,1263.8333333333333,1246.8333333333333,1318.4166666666667,1462.0833333333333,1506.6666666666667,1403.0833333333333,1270.4166666666667,961.0833333333334,644.75,386.3333333333333,7470903.583333333,5390633.416666667,3913934.6666666665,2708642.0,1576622.0,842968.0,702548.5833333334,1266382.25,2339911.5,9998611.583333334,22669325.0,30021749.25,35827318.75,31385773.166666668,32272532.25,34602488.25,36271963.833333336,38550322.333333336,42118415.583333336,42034958.75,39583000.333333336,26533421.666666668,15695604.75,10194951.75,1875.9166666666667,3663884.0,6251.083333333333,155267671.25,2236.75,327308913.6666667,2593.8333333333335,131940676.33333333,51677.083333333336,785393771.0,284.5,14568393.75,,,133944.41666666666,3411854746.6666665,86665.08333333333,1663789791.5833333,8013.583333333333,139999300.0,23691.333333333332,851725603.5833334,2469.1666666666665,196222331.91666666,1923.75,49218235.416666664,,,358.4166666666667,2403.6666666666665,1358.6666666666667,969.5,5895.416666666667,1461.3333333333333,370.25,2551.3333333333335,955.5833333333334,478.9166666666667,4178.333333333333,1135.6666666666667,476.9166666666667,3142.6666666666665,1233.25,246.66666666666666,1938.1666666666667,736.25,130.25,1630.0,402.75,2340967.3333333335,36098788.5,93923551.66666667,144894169.08333334,121521977.83333333,58997099.25,16187777.666666666,295.8333333333333,2314.3333333333335,3946.5833333333335,4646.083333333333,4107.583333333333,1861.4166666666667,543.3333333333334
2632055000,북구 덕천1동,726.5833333333334,562.3333333333334,5641.416666666667,5367.0,1487.5,1485.5,2251.5,3593.5,82134083.33333333,108202166.66666667,299.6666666666667,252.0,226.0,216.91666666666666,208.08333333333334,235.25,337.3333333333333,567.8333333333334,1032.3333333333333,2187.75,2528.6666666666665,2632.9166666666665,2588.1666666666665,2585.5,2563.0833333333335,2425.8333333333335,2358.75,2136.0,1656.0,1161.5833333333333,927.8333333333334,769.6666666666666,630.5,536.5833333333334,13867.5,14244.0,14445.083333333334,14554.333333333334,14530.25,14399.333333333334,13851.416666666666,12774.166666666666,11163.166666666666,9602.416666666666,8639.916666666666,8053.083333333333,7754.833333333333,7553.916666666667,7313.0,7327.083333333333,7798.25,8414.083333333334,9201.416666666666,10173.0,10943.916666666666,11776.5,12594.0,13291.333333333334,1884.8333333333333,1691.6666666666667,1585.6666666666667,1525.1666666666667,1501.25,1583.5833333333333,1921.5833333333333,2489.5833333333335,2922.0,3132.8333333333335,3421.9166666666665,3598.5,3825.5,4014.5,3828.0833333333335,3808.5833333333335,3847.3333333333335,3910.5,4268.333333333333,4353.0,3792.5833333333335,3327.5,2838.75,2418.6666666666665,48.583333333333336,32.666666666666664,24.583333333333332,21.0,25.166666666666668,39.166666666666664,66.5,90.33333333333333,157.5,292.4166666666667,374.5,447.75,514.5,414.3333333333333,422.0,441.5,451.75,430.9166666666667,439.0,362.8333333333333,297.5,218.16666666666666,141.91666666666666,84.75,898298.8333333334,554882.4166666666,437527.0833333333,259798.33333333334,236654.91666666666,462675.8333333333,1016436.4166666666,1253793.6666666667,3048799.3333333335,13518398.833333334,27020572.833333332,23863492.083333332,16010095.75,12543885.666666666,14980827.25,14273034.916666666,13934573.666666666,11060041.916666666,10007593.166666666,9075355.0,7185184.0,4752054.25,2563398.5833333335,1400788.5833333333,3225.25,11570092.0,933.8333333333334,92187480.33333333,101.08333333333333,31732687.666666668,600.6666666666666,40328536.333333336,4613.25,220851906.08333334,48.81818181818182,60687009.54545455,,,26792.166666666668,536579988.0833333,36076.25,593039286.25,5567.666666666667,85218814.41666667,8373.25,821914542.8333334,269.3333333333333,44274376.916666664,561.5833333333334,53399314.916666664,543.5833333333334,24261660.75,165.08333333333334,1533.25,429.0,134.91666666666666,1269.8333333333333,323.3333333333333,168.25,1279.5,422.75,208.91666666666666,1358.9166666666667,425.75,294.4166666666667,2091.1666666666665,572.5,203.08333333333334,1847.3333333333333,483.75,112.08333333333333,1625.75,313.1666666666667,156045.58333333334,8314215.75,27413708.0,40736852.333333336,52423236.166666664,43930462.333333336,17371318.0,22.166666666666668,488.5,1226.8333333333333,1245.8333333333333,1332.5833333333333,1076.9166666666667,451.25
2632056000,북구 덕천2동,1986.25,1199.0833333333333,5004.333333333333,4407.0,4140.833333333333,3940.8333333333335,40459.583333333336,42485.333333333336,1456629416.6666667,1510794166.6666667,660.8333333333334,531.6666666666666,468.0,443.25,367.0,405.6666666666667,595.0,1111.1666666666667,2622.4166666666665,5332.333333333333,6206.666666666667,6502.083333333333,6521.416666666667,6436.75,6358.083333333333,6161.75,5899.333333333333,5283.75,4218.666666666667,2968.9166666666665,2471.9166666666665,2040.8333333333333,1626.9166666666667,1378.5,12031.0,12328.666666666666,12484.5,12560.333333333334,12322.666666666666,12296.25,11933.583333333334,10831.166666666666,9300.0,8071.75,7361.583333333333,6924.0,6703.833333333333,6565.583333333333,6448.75,6478.75,6745.083333333333,7231.833333333333,7883.583333333333,8694.083333333334,9312.583333333334,9913.083333333334,10503.916666666666,11005.0,5723.75,4819.75,4194.0,3804.25,3499.25,3603.0833333333335,4305.416666666667,5306.5,6298.0,6973.583333333333,8485.25,9471.916666666666,10026.0,10111.0,10820.166666666666,11011.333333333334,10912.916666666666,11307.75,11908.083333333334,12501.416666666666,11716.5,10592.416666666666,9075.416666666666,7571.0,197.0,145.83333333333334,95.75,74.41666666666667,58.333333333333336,75.41666666666667,125.25,147.66666666666666,609.0,2323.9166666666665,4930.333333333333,5790.916666666667,6234.833333333333,5938.666666666667,6586.916666666667,7693.833333333333,8312.083333333334,8662.916666666666,8147.083333333333,6492.75,5512.666666666667,3901.5833333333335,602.4166666666666,295.5,7510553.166666667,5418984.333333333,3752139.0,2791944.4166666665,2167558.0833333335,2489775.3333333335,3572420.25,3439853.5,16931904.75,80281652.75,196799487.83333334,236024776.25,232858534.91666666,222281091.83333334,253550653.33333334,291900310.1666667,304115280.5833333,303497479.4166667,272714574.4166667,212754283.58333334,174790494.0,108751458.08333333,18748587.666666668,10280834.0,1209.5,163070691.25,6578.25,357709409.5,973.3333333333334,45013655.416666664,2523.5833333333335,160760282.66666666,28478.0,1061825664.75,207.58333333333334,10417815.416666666,,,103322.75,2996075097.6666665,1197726.1666666667,40940656389.5,3868.8333333333335,80319342.66666667,33981.25,2114317534.3333333,4168.333333333333,303975436.9166667,2459.5,182357866.5,3080.0833333333335,128453105.16666667,470.1666666666667,1211.1666666666667,1369.9166666666667,352.0,1053.0833333333333,1059.1666666666667,527.1666666666666,1012.9166666666666,1113.4166666666667,546.0833333333334,1153.1666666666667,1202.75,611.9166666666666,1585.3333333333333,1421.9166666666667,389.5,1744.75,1150.3333333333333,286.0833333333333,1648.1666666666667,761.5833333333334,2034232.9166666667,103424372.16666667,339478451.0833333,652733783.5,888398746.0,716668119.5,264686933.75,158.83333333333334,4163.75,11086.083333333334,18060.583333333332,23257.083333333332,18920.333333333332,7295.583333333333
2632056100,북구 덕천3동,220.0,111.41666666666667,4203.5,3737.4166666666665,697.3333333333334,612.1666666666666,295.1666666666667,517.75,5505583.333333333,8589333.333333334,129.75,104.66666666666667,93.33333333333333,91.66666666666667,91.83333333333333,97.41666666666667,111.66666666666667,154.41666666666666,362.0833333333333,583.5833333333334,610.3333333333334,635.1666666666666,642.4166666666666,617.9166666666666,626.5833333333334,591.75,555.4166666666666,490.1666666666667,332.1666666666667,267.0833333333333,237.75,215.16666666666666,190.25,167.58333333333334,10475.333333333334,10764.5,10922.0,11013.583333333334,11066.833333333334,10944.0,10480.833333333334,9652.916666666666,8221.666666666666,6697.75,5844.083333333333,5341.666666666667,5082.833333333333,4918.0,4799.833333333333,4865.583333333333,5185.333333333333,5679.333333333333,6287.833333333333,7080.416666666667,7756.416666666667,8470.75,9220.083333333334,9820.416666666666,1273.0833333333333,1144.3333333333333,1089.9166666666667,1056.9166666666667,1083.5,1090.1666666666667,1166.8333333333333,1280.25,1441.5833333333333,1329.9166666666667,1342.9166666666667,1328.3333333333333,1315.6666666666667,1277.75,1333.9166666666667,1356.8333333333333,1397.8333333333333,1439.4166666666667,1485.3333333333333,1530.5,1497.6666666666667,1463.5833333333333,1417.1666666666667,1327.3333333333333,14.5,9.416666666666666,8.083333333333334,7.083333333333333,7.166666666666667,12.833333333333334,14.75,16.833333333333332,23.083333333333332,33.75,38.5,43.333333333333336,55.333333333333336,53.166666666666664,50.416666666666664,51.416666666666664,57.5,62.666666666666664,68.25,55.75,48.0,40.916666666666664,30.166666666666668,20.666666666666668,205215.5,147345.66666666666,128748.83333333333,72063.16666666667,78378.33333333333,124384.83333333333,129016.41666666667,148322.5,221899.91666666666,586077.5,843314.6666666666,895673.0,1217127.3333333333,907436.1666666666,1009815.1666666666,1119390.5,1057295.8333333333,1115285.5833333333,1161302.0833333333,905548.9166666666,738419.5,748597.25,459540.5833333333,341573.25,40.25,5263780.5,260.8333333333333,43089743.916666664,71.66666666666667,15919746.583333334,86.91666666666667,5033773.333333333,255.16666666666666,37678303.583333336,,,,,2350.75,49609033.833333336,7735.666666666667,74551951.33333333,2044.4166666666667,28495617.416666668,63.45454545454545,2392167.5454545454,117.58333333333333,4942900.416666667,271.1666666666667,19665667.5,,,28.25,1005.5,160.0,47.083333333333336,1011.75,206.33333333333334,35.5,889.3333333333334,168.75,48.416666666666664,1131.0,187.41666666666666,79.33333333333333,1447.3333333333333,231.08333333333334,55.416666666666664,1371.9166666666667,203.41666666666666,35.333333333333336,1081.4166666666667,150.08333333333334,37922.083333333336,997428.5833333334,2622972.5833333335,3192540.0,3790136.4166666665,2588915.4166666665,886728.0833333334,7.083333333333333,88.66666666666667,183.0,185.41666666666666,174.83333333333334,125.0,50.666666666666664
2632057100,북구 만덕1동,392.6666666666667,315.1666666666667,3944.1666666666665,3605.0833333333335,1086.6666666666667,1053.5,1532.5,2503.8333333333335,44077166.666666664,70370583.33333333,163.08333333333334,139.33333333333334,129.33333333333334,123.5,122.66666666666667,127.75,165.16666666666666,279.4166666666667,613.6666666666666,1273.75,1447.0833333333333,1530.0833333333333,1529.5833333333333,1563.9166666666667,1544.75,1427.1666666666667,1334.0,1153.5,861.3333333333334,585.75,447.9166666666667,330.5833333333333,264.8333333333333,218.66666666666666,9837.166666666666,10085.416666666666,10216.583333333334,10282.0,10319.5,10204.5,9746.333333333334,8947.916666666666,7625.5,6532.833333333333,5810.416666666667,5354.583333333333,5087.166666666667,4939.5,4828.5,4835.666666666667,5102.916666666667,5524.666666666667,6079.916666666667,6800.833333333333,7409.25,8047.333333333333,8697.0,9246.25,1815.3333333333333,1662.75,1581.1666666666667,1541.0,1554.0833333333333,1606.9166666666667,1814.5833333333333,2006.4166666666667,2148.5833333333335,2068.5,2181.25,2326.5833333333335,2318.5833333333335,2387.4166666666665,2457.75,2575.0833333333335,2583.3333333333335,2630.25,2668.25,2699.6666666666665,2653.6666666666665,2493.0,2214.1666666666665,2008.4166666666667,35.25,19.25,14.416666666666666,11.25,13.25,33.166666666666664,53.083333333333336,63.333333333333336,110.91666666666667,194.25,235.66666666666666,257.5,281.25,258.0,275.4166666666667,303.5833333333333,324.8333333333333,348.8333333333333,323.25,289.9166666666667,234.83333333333334,174.58333333333334,117.33333333333333,61.25,732805.4166666666,384724.8333333333,323479.9166666667,281848.3333333333,324883.75,1127560.6666666667,1597780.5833333333,1941612.3333333333,2893642.1666666665,4879840.583333333,6579078.916666667,7817309.916666667,8340173.5,8202489.583333333,9556758.916666666,9979243.5,10457169.75,9885140.583333334,9217041.75,7521832.0,5464016.75,3742383.9166666665,2267936.6666666665,1100877.5833333333,131.66666666666666,10037906.583333334,933.5,58023231.416666664,279.5,34410533.25,453.8333333333333,13964746.25,6384.083333333333,480764320.5833333,38.833333333333336,1281766.25,,,13529.25,253544942.58333334,21497.5,250652406.25,4873.083333333333,95058818.58333333,4115.083333333333,113489690.58333333,407.6666666666667,72692737.83333333,235.66666666666666,19553409.75,1860.25,79654740.66666667,86.08333333333333,813.5,258.0,145.66666666666666,1032.3333333333333,297.25,77.75,1081.0,328.0833333333333,107.33333333333333,1123.75,340.75,129.16666666666666,1313.3333333333333,365.3333333333333,107.41666666666667,1226.0833333333333,343.8333333333333,51.833333333333336,956.3333333333334,204.33333333333334,114145.5,3947493.5833333335,21623845.083333332,29509166.666666668,26699548.5,22966402.5,9596357.583333334,20.333333333333332,231.08333333333334,1029.1666666666667,1167.5833333333333,755.0833333333334,587.0833333333334,244.58333333333334
2632057200,북구 만덕2동,694.5833333333334,594.4166666666666,8585.666666666666,7828.166666666667,1344.25,1334.4166666666667,2505.3333333333335,3255.8333333333335,57458583.333333336,69970416.66666667,369.25,310.4166666666667,276.0833333333333,260.75,264.75,272.3333333333333,318.0833333333333,492.9166666666667,1116.25,2180.8333333333335,2428.8333333333335,2544.75,2592.25,2614.8333333333335,2580.4166666666665,2431.1666666666665,2307.5,1972.75,1627.75,1184.1666666666667,977.3333333333334,808.1666666666666,647.0833333333334,519.8333333333334,20524.0,20933.416666666668,21149.166666666668,21273.583333333332,21361.666666666668,21162.583333333332,20384.333333333332,18859.916666666668,16596.75,14547.166666666666,13167.5,12300.25,11809.666666666666,11528.75,11287.25,11258.083333333334,11845.0,12704.416666666666,13823.083333333334,15256.166666666666,16426.083333333332,17554.666666666668,18673.166666666668,19558.833333333332,1958.5,1765.5,1657.3333333333333,1593.5833333333333,1686.0833333333333,1688.4166666666667,1858.3333333333333,2208.6666666666665,2772.5833333333335,2540.5,2815.0833333333335,2970.5833333333335,3098.25,3126.5,3275.4166666666665,3379.5,3454.5833333333335,3588.8333333333335,3661.0833333333335,3781.1666666666665,3497.3333333333335,3119.75,2746.4166666666665,2212.5833333333335,44.75,28.583333333333332,18.166666666666668,15.416666666666666,17.0,29.166666666666668,39.416666666666664,57.333333333333336,113.33333333333333,245.0,317.1666666666667,383.5,448.6666666666667,395.9166666666667,421.0833333333333,446.6666666666667,498.1666666666667,517.25,498.3333333333333,425.8333333333333,329.5,244.08333333333334,145.5,82.5,859272.6666666666,623136.0833333334,299276.0,215042.58333333334,189027.91666666666,335685.25,406738.75,711049.5,1510252.6666666667,4814650.583333333,7352784.0,9212389.416666666,9720380.0,9217817.083333334,9748983.833333334,10764908.416666666,11289739.5,11529641.5,11495521.333333334,9846145.333333334,7894923.333333333,5170110.333333333,2729295.75,1559977.3333333333,106.5,3544078.5,1500.4166666666667,59990640.5,471.25,96666484.58333333,730.0,30835329.25,6247.583333333333,132478363.16666667,144.33333333333334,5097971.333333333,,,31474.666666666668,618094672.9166666,44866.75,670390171.25,4480.25,80449559.0,7505.75,173172048.75,562.75,61592521.583333336,303.0,51964157.583333336,102.08333333333333,3932481.0,103.0,1854.25,378.9166666666667,372.8333333333333,2855.25,388.5,143.41666666666666,1707.3333333333333,397.4166666666667,204.16666666666666,2272.0,419.4166666666667,225.5,2771.5833333333335,488.75,151.41666666666666,2707.9166666666665,382.6666666666667,85.91666666666667,2242.75,220.33333333333334,172748.91666666666,5156624.5,22083028.083333332,35080474.916666664,30514400.166666668,25016467.25,9407654.75,31.5,397.0833333333333,1231.5,1489.3333333333333,1234.5,981.8333333333334,393.3333333333333
2632057300,북구 만덕3동,482.25,343.0,7523.166666666667,6721.416666666667,960.5,1022.6666666666666,1232.25,1550.1666666666667,30837416.666666668,38145416.666666664,312.5833333333333,250.5,226.5,220.83333333333334,216.41666666666666,228.0,269.5,422.6666666666667,706.5,1307.8333333333333,1460.1666666666667,1507.0,1525.9166666666667,1547.75,1491.0,1382.0833333333333,1259.3333333333333,1151.8333333333333,992.75,814.5,748.4166666666666,685.6666666666666,615.25,547.5,18321.083333333332,18761.166666666668,18995.083333333332,19133.583333333332,19081.583333333332,18921.166666666668,18190.833333333332,16778.666666666668,14632.416666666666,12253.583333333334,10925.5,10057.833333333334,9594.5,9319.25,9032.25,9074.75,9625.666666666666,10510.333333333334,11599.083333333334,13069.5,14263.5,15434.916666666666,16635.083333333332,17674.083333333332,1696.75,1475.75,1355.6666666666667,1293.0833333333333,1263.0833333333333,1296.8333333333333,1397.5833333333333,1615.1666666666667,1918.5,1714.1666666666667,1834.5,1862.5,1909.9166666666667,1954.5,2024.75,2128.6666666666665,2242.1666666666665,2518.4166666666665,2801.75,2997.8333333333335,2969.6666666666665,2761.4166666666665,2458.5,2172.75,31.833333333333332,22.333333333333332,14.25,11.166666666666666,10.333333333333334,12.5,19.0,28.25,44.083333333333336,72.08333333333333,113.75,147.91666666666666,187.58333333333334,178.5,172.08333333333334,189.08333333333334,202.33333333333334,228.16666666666666,261.75,250.0,216.25,177.33333333333334,132.5,62.0,779501.0,578914.3333333334,322584.4166666667,237972.33333333334,125414.5,181915.91666666666,219768.25,370519.0833333333,467136.9166666667,1742341.75,2704910.3333333335,3614683.1666666665,4403899.083333333,4346291.25,4341402.5,4780103.583333333,4984692.916666667,5837006.083333333,6527310.833333333,7048750.75,6356661.833333333,4631505.916666667,3039182.8333333335,1503642.25,37.375,15997525.0,826.5,61626960.5,148.83333333333334,39597434.916666664,708.75,27105791.0,5619.583333333333,216848703.58333334,,,,,17514.916666666668,485841061.6666667,21720.583333333332,273042991.4166667,1989.3333333333333,36179590.916666664,1448.6666666666667,56670791.666666664,323.0,22870996.833333332,188.83333333333334,30202893.0,133.75,4636322.0,63.5,1840.3333333333333,259.25,168.08333333333334,2332.6666666666665,340.75,76.16666666666667,1782.0,268.0833333333333,120.5,1844.9166666666667,295.5833333333333,143.91666666666666,2643.1666666666665,358.75,156.66666666666666,2232.0,293.75,93.75,1566.5833333333333,164.33333333333334,108357.5,3396545.1666666665,11097654.25,16532061.333333334,18740840.416666668,14769716.666666666,4346439.833333333,16.166666666666668,234.75,520.25,653.6666666666666,722.0,476.75,157.25
2635051000,해운대구 우1동,1512.5833333333333,1491.6666666666667,17727.333333333332,15921.25,5225.416666666667,5110.75,12407.833333333334,13156.166666666666,424803416.6666667,480560500.0,583.5833333333334,483.3333333333333,420.4166666666667,391.1666666666667,376.5833333333333,429.0,648.3333333333334,1382.1666666666667,3161.25,5324.166666666667,6079.916666666667,6454.916666666667,6325.333333333333,6455.416666666667,6328.25,5926.583333333333,5561.666666666667,4753.916666666667,3471.5,2338.3333333333335,1942.3333333333333,1612.1666666666667,1226.5833333333333,872.0833333333334,41739.083333333336,42618.416666666664,43055.916666666664,43244.25,43150.583333333336,42837.333333333336,41702.916666666664,39661.75,35857.75,30914.5,27963.083333333332,25927.5,24814.833333333332,24287.916666666668,23701.916666666668,23536.166666666668,24415.0,25818.75,27718.583333333332,30132.75,32339.25,34860.75,37604.0,39802.333333333336,8619.75,8025.083333333333,7584.666666666667,7264.333333333333,7102.333333333333,7086.333333333333,7416.0,8314.583333333334,9318.583333333334,9880.583333333334,10971.833333333334,11803.416666666666,12128.916666666666,12064.833333333334,12702.0,13051.0,13054.416666666666,12710.5,12699.833333333334,12615.416666666666,12223.583333333334,11572.75,10585.333333333334,9583.166666666666,381.5833333333333,249.5,161.91666666666666,107.41666666666667,77.5,91.33333333333333,175.0,259.5,503.1666666666667,687.9166666666666,1090.0,1652.3333333333333,2036.1666666666667,1947.5,1888.1666666666667,1851.75,1846.6666666666667,1831.1666666666667,1893.6666666666667,1866.5833333333333,1789.1666666666667,1448.4166666666667,1061.9166666666667,676.1666666666666,11915231.083333334,8022127.5,5521248.833333333,3456723.6666666665,2784188.0833333335,2586027.4166666665,3200870.0,5335221.416666667,8471923.166666666,21041324.75,49065708.166666664,71214273.16666667,68128730.91666667,69477581.91666667,74066955.25,72044012.08333333,67047827.25,62998554.416666664,65702768.583333336,69248512.33333333,66808279.083333336,48752475.0,29548717.666666668,18925599.25,447.25,7146239.5,5169.75,287871237.8333333,2436.3333333333335,121804112.41666667,1104.6666666666667,95622635.41666667,36136.166666666664,690381217.5833334,5301.333333333333,690000374.0833334,,,173823.58333333334,5784925249.0,197577.75,4707436486.0,5665.166666666667,117018604.33333333,11498.5,1154054447.75,3500.0,184560954.41666666,3881.75,158203217.41666666,1340.8333333333333,58918554.166666664,411.0833333333333,3509.1666666666665,2030.0833333333333,455.4166666666667,6381.833333333333,1453.8333333333333,551.1666666666666,4135.083333333333,1830.6666666666667,539.5833333333334,5403.083333333333,1847.1666666666667,536.75,5672.5,1567.1666666666667,351.8333333333333,4736.666666666667,1008.0,155.91666666666666,3807.6666666666665,596.75,4100481.0833333335,87910929.75,196843884.25,239175684.25,200073805.08333334,122054548.5,55205555.416666664,304.0833333333333,3947.6666666666665,6245.833333333333,6097.416666666667,4973.75,2736.8333333333335,1255.8333333333333
2635052000,해운대구 우2동,5054.416666666667,3672.0833333333335,11484.666666666666,9827.75,7734.5,6394.833333333333,26296.833333333332,20509.75,3377382000.0,2203803666.6666665,718.75,567.0833333333334,492.1666666666667,470.75,428.3333333333333,482.1666666666667,708.5,1557.4166666666667,5338.833333333333,12734.583333333334,17511.75,19034.416666666668,19025.333333333332,19554.583333333332,19578.0,18836.083333333332,18118.333333333332,16906.416666666668,14033.583333333334,9226.75,6816.916666666667,3746.3333333333335,2439.3333333333335,1476.3333333333333,25679.666666666668,26180.833333333332,26423.666666666668,26539.5,26405.666666666668,26301.833333333332,25901.5,24810.166666666668,22518.5,19704.0,17959.666666666668,16820.083333333332,16150.916666666666,15956.75,15777.833333333334,15811.25,16340.083333333334,17289.5,18375.75,19699.25,20779.333333333332,22094.5,23556.833333333332,24771.666666666668,5109.0,4456.75,4135.166666666667,3990.3333333333335,3946.8333333333335,4168.416666666667,5339.916666666667,6115.416666666667,8514.25,10349.25,13902.416666666666,19075.5,23425.0,26070.25,27931.166666666668,28916.0,27695.25,25965.416666666668,24048.166666666668,21088.666666666668,16245.333333333334,12200.5,9638.916666666666,7167.166666666667,127.58333333333333,68.5,36.583333333333336,22.666666666666668,18.916666666666668,26.333333333333332,75.08333333333333,279.4166666666667,727.0,1209.5,1803.6666666666667,3450.5833333333335,5175.666666666667,4850.25,4786.25,4731.166666666667,4643.0,4440.25,4186.083333333333,3303.4166666666665,1478.5833333333333,688.0833333333334,444.0,243.58333333333334,2502660.0,1113937.8333333333,515433.0833333333,232424.41666666666,190091.08333333334,438667.8333333333,1807444.8333333333,4370072.416666667,13018195.583333334,44173902.916666664,159315813.91666666,467356988.25,528851065.5833333,572921761.8333334,677020421.0,747446040.5,698043680.6666666,607431369.1666666,511918023.8333333,390822386.6666667,113950667.25,22439823.0,10265971.416666666,5059946.0,4275.583333333333,44360511.833333336,33929.083333333336,4545718152.5,2105.6666666666665,828112307.9166666,2270.9166666666665,341673406.8333333,76331.16666666667,2341151354.6666665,746.9166666666666,128311183.58333333,323.5833333333333,20108738.0,157275.25,3197599473.3333335,489073.9166666667,78354851332.33333,9101.75,143652641.75,33665.916666666664,3032483979.4166665,1010.9166666666666,243501711.08333334,8659.833333333334,404434898.6666667,894.75,48099533.916666664,1757.5,2131.3333333333335,2437.4166666666665,963.5,4280.0,2415.5833333333335,2122.0,2754.3333333333335,2548.25,1722.4166666666667,3537.0833333333335,2496.1666666666665,1369.0,3448.0833333333335,2099.5,595.1666666666666,2724.3333333333335,1386.4166666666667,194.25,2434.6666666666665,743.1666666666666,6154341.666666667,322833164.4166667,1420285745.25,1897933171.6666667,1219625778.9166667,554153262.4166666,160200877.66666666,413.5,6050.25,12585.583333333334,13237.083333333334,8977.166666666666,4050.9166666666665,1490.0
2635052500,해운대구 우3동,1262.25,1021.8333333333334,11177.916666666666,9275.666666666666,2827.4166666666665,2615.4166666666665,6143.333333333333,5980.583333333333,208766083.33333334,214360000.0,446.0833333333333,377.5833333333333,344.5,332.6666666666667,358.75,383.1666666666667,481.8333333333333,853.25,1667.8333333333333,3625.9166666666665,4406.083333333333,4673.333333333333,4642.333333333333,4777.75,4845.833333333333,4677.083333333333,4425.0,3980.6666666666665,3172.0,2051.1666666666665,1597.8333333333333,1242.4166666666667,868.6666666666666,599.1666666666666,25263.666666666668,25791.583333333332,26099.583333333332,26235.416666666668,26239.25,26052.0,25517.75,24216.666666666668,21688.5,19046.083333333332,17148.083333333332,15695.666666666666,14809.916666666666,14420.416666666666,14241.583333333334,14386.416666666666,15055.833333333334,15951.916666666666,16963.5,18346.25,19796.333333333332,21236.166666666668,22709.75,23985.416666666668,4231.916666666667,3886.0,3693.6666666666665,3573.8333333333335,3740.3333333333335,3714.9166666666665,3937.0833333333335,4155.583333333333,4582.0,4881.916666666667,5520.0,6298.666666666667,6678.416666666667,6412.666666666667,6595.25,6767.75,6846.083333333333,6858.25,7012.0,7332.0,7187.75,6482.5,5662.166666666667,4596.916666666667,94.75,49.0,28.833333333333332,18.25,13.25,17.666666666666668,49.416666666666664,110.41666666666667,292.6666666666667,529.8333333333334,717.4166666666666,850.4166666666666,1079.0833333333333,949.4166666666666,948.9166666666666,921.0833333333334,946.6666666666666,929.1666666666666,897.5,853.5,741.0,555.0,345.5,183.58333333333334,2969991.0,1862867.0833333333,1123520.9166666667,601003.4166666666,465002.5833333333,328172.4166666667,862424.25,1639058.5,5029471.75,12860918.25,25375912.416666668,31332707.0,35065352.583333336,32405524.916666668,37816014.75,36835577.916666664,35706023.083333336,32768588.0,32002229.0,32377953.25,29391340.416666668,19486435.75,9226217.833333334,5734589.416666667,58.833333333333336,72858511.16666667,3958.0833333333335,222205666.0,1276.9166666666667,261093887.5,1924.8333333333333,210609965.16666666,7225.083333333333,765773754.9166666,2918.9166666666665,338819394.5833333,,,89720.58333333333,2517130072.25,74655.33333333333,1040899947.75,8099.75,183456521.58333334,10802.5,509308399.8333333,899.3333333333334,369254509.9166667,1701.25,14848586.25,138.83333333333334,8652686.25,295.5,2191.4166666666665,750.6666666666666,318.0833333333333,4339.833333333333,971.5833333333334,433.3333333333333,2309.25,855.25,401.0,3428.8333333333335,994.75,434.1666666666667,3310.0,876.75,294.8333333333333,2734.5,622.1666666666666,104.75,2137.3333333333335,369.25,919132.75,20917599.583333332,79789434.75,140671959.58333334,94357587.08333333,57593455.083333336,28877886.916666668,112.25,916.9166666666666,2313.0,3625.8333333333335,2630.6666666666665,1658.0,864.3333333333334
2635053000,해운대구 중1동,2233.5,1948.6666666666667,9583.833333333334,7929.166666666667,6755.833333333333,6057.916666666667,15129.0,17913.75,562444500.0,650924500.0,902.5833333333334,727.25,644.8333333333334,610.0833333333334,596.6666666666666,656.75,890.0,1633.0,3170.8333333333335,6725.666666666667,7983.25,8547.0,8645.0,8787.416666666666,8680.666666666666,8185.0,7662.416666666667,6775.333333333333,5534.75,3900.9166666666665,3280.1666666666665,2645.4166666666665,1859.25,1344.6666666666667,21307.416666666668,21816.166666666668,22141.5,22296.583333333332,22296.0,22168.833333333332,21658.666666666668,20613.166666666668,18669.583333333332,16486.833333333332,14912.666666666666,13793.833333333334,13159.833333333334,12851.916666666666,12511.5,12355.666666666666,12769.666666666666,13527.333333333334,14512.0,15754.666666666666,16890.666666666668,18083.916666666668,19332.333333333332,20417.833333333332,10955.333333333334,10147.583333333334,9716.25,9401.666666666666,9287.0,9308.666666666666,9549.833333333334,9996.75,10542.666666666666,11336.5,12731.666666666666,13463.333333333334,14185.25,14514.666666666666,14662.25,15054.0,15379.416666666666,15720.0,16457.75,16982.166666666668,16811.5,15601.666666666666,13690.0,12054.583333333334,512.0833333333334,310.0833333333333,193.08333333333334,117.91666666666667,88.16666666666667,94.33333333333333,158.41666666666666,276.0833333333333,602.9166666666666,944.6666666666666,1520.75,2124.1666666666665,2640.4166666666665,2461.0,2382.5,2319.25,2285.8333333333335,2282.5,2411.0,2504.75,2470.0833333333335,2109.0,1401.0,851.9166666666666,14929091.25,8447111.5,5393161.5,3064421.0833333335,2101017.75,2299517.5833333335,2439846.0,4890762.333333333,10915049.166666666,30595279.75,61208132.833333336,84019665.83333333,93603316.0,96969328.66666667,105930326.08333333,97140051.91666667,90698820.33333333,86582115.58333333,92532992.0,101984379.16666667,93934393.33333333,67899586.58333333,34373710.083333336,21417872.583333332,3952.75,204478272.58333334,14825.5,875638609.75,628.1666666666666,161037291.0,5772.166666666667,241020266.75,89172.83333333333,2261638534.4166665,7264.75,1208727462.5,,,242426.41666666666,8094825352.083333,175876.0,4183906404.0833335,10915.25,212697223.66666666,21576.583333333332,1162673179.8333333,5128.75,530247728.0833333,16420.666666666668,364797899.0,728.5,30552132.583333332,553.5833333333334,1745.0,2236.9166666666665,650.75,2780.25,2036.5833333333333,689.5833333333334,2073.6666666666665,2267.3333333333335,772.0833333333334,2900.3333333333335,2399.5833333333335,833.75,3030.5,1916.3333333333333,474.25,2559.75,1238.0,206.16666666666666,2421.1666666666665,717.1666666666666,4208519.916666667,102723197.91666667,280196533.25,338228025.25,268581645.8333333,157074800.0,62357233.916666664,342.0,4722.166666666667,8436.583333333334,8459.833333333334,6316.666666666667,3394.25,1368.75
2635054000,해운대구 중2동,520.75,352.0,5346.25,4479.583333333333,1378.25,1233.4166666666667,2616.8333333333335,2862.5833333333335,105312583.33333333,111663250.0,187.75,159.08333333333334,145.16666666666666,140.41666666666666,138.08333333333334,153.0,217.16666666666666,366.1666666666667,630.0833333333334,1336.6666666666667,1653.1666666666667,1778.5,1805.8333333333333,1859.5833333333333,1820.6666666666667,1759.0833333333333,1661.5833333333333,1475.5833333333333,1157.4166666666667,783.6666666666666,635.3333333333334,510.5833333333333,365.4166666666667,291.1666666666667,12160.666666666666,12463.25,12639.333333333334,12740.75,12745.166666666666,12651.083333333334,12358.833333333334,11784.083333333334,10652.416666666666,9228.5,8223.583333333334,7470.166666666667,7049.666666666667,6868.583333333333,6713.833333333333,6708.583333333333,6958.75,7382.833333333333,7959.916666666667,8720.25,9443.333333333334,10217.75,11010.333333333334,11687.5,1762.6666666666667,1582.8333333333333,1479.6666666666667,1413.25,1402.0833333333333,1422.6666666666667,1499.5833333333333,1672.1666666666667,1887.8333333333333,2218.25,2618.25,3135.5833333333335,3644.3333333333335,3999.1666666666665,4121.916666666667,3989.5833333333335,3759.5833333333335,3556.3333333333335,3491.1666666666665,3505.5833333333335,3266.75,2853.25,2368.4166666666665,2060.6666666666665,48.916666666666664,31.083333333333332,20.416666666666668,14.75,12.416666666666666,15.0,27.0,44.25,98.33333333333333,168.41666666666666,274.75,382.5,512.6666666666666,542.6666666666666,522.9166666666666,483.25,451.8333333333333,417.75,372.75,339.5,292.5833333333333,203.75,136.0,75.0,1461609.75,956008.75,611212.4166666666,398017.25,348852.1666666667,279820.25,383288.5833333333,739168.3333333334,2153346.5,6998291.666666667,13337353.333333334,16594587.0,18696305.666666668,22126176.083333332,21603059.666666668,18732411.0,17024264.0,15998275.5,16543072.916666666,14729285.0,12844732.583333334,7843781.333333333,4560765.666666667,2170875.0,565.5,116616395.91666667,1415.9166666666667,93632273.66666667,703.5833333333334,112932534.08333333,3534.8333333333335,158894970.0,16735.833333333332,633242892.4166666,82.5,10582402.5,,,43532.0,1576587677.6666667,25599.583333333332,315132677.4166667,1591.75,55566275.333333336,2392.1666666666665,286562664.0,236.0,57604755.083333336,1070.0,21036295.5,580.25,22429630.0,99.41666666666667,955.25,356.3333333333333,76.5,1207.0,351.1666666666667,158.33333333333334,1191.1666666666667,427.4166666666667,154.0,1665.0833333333333,472.0833333333333,190.41666666666666,1654.5,474.5833333333333,125.66666666666667,1670.0833333333333,327.8333333333333,65.75,1480.5,199.66666666666666,446788.6666666667,18417063.25,55697002.5,62338579.25,45338053.333333336,27546461.666666668,7202911.083333333,31.0,697.0833333333334,1424.5833333333333,1457.5833333333333,1099.9166666666667,570.1666666666666,197.83333333333334
2635055100,해운대구 좌1동,1448.75,1021.0,7123.416666666667,5844.75,3090.5,2964.5,7587.25,7614.583333333333,247252333.33333334,235154583.33333334,549.3333333333334,428.0,362.9166666666667,338.6666666666667,331.3333333333333,355.25,467.1666666666667,707.0833333333334,1363.0,3563.0833333333335,4499.333333333333,4974.666666666667,5063.25,5079.0,5153.833333333333,4890.583333333333,4634.25,4232.833333333333,3624.6666666666665,2697.0,2191.5833333333335,1738.9166666666667,1204.5,828.0833333333334,16087.583333333334,16541.583333333332,16776.583333333332,16876.0,16926.916666666668,16793.75,16354.583333333334,15289.0,13381.666666666666,11486.583333333334,10492.583333333334,9807.583333333334,9428.083333333334,9250.166666666666,9137.5,9142.25,9549.166666666666,10159.666666666666,10921.916666666666,11879.416666666666,12564.583333333334,13305.5,14173.833333333334,14917.833333333334,3929.5,3176.75,2715.25,2438.3333333333335,2415.25,2372.4166666666665,2632.6666666666665,3059.9166666666665,3726.25,4657.166666666667,6069.916666666667,7158.75,7753.166666666667,7874.666666666667,8320.25,8761.583333333334,8990.583333333334,9395.166666666666,9919.333333333334,10388.5,9764.333333333334,8299.166666666666,6489.166666666667,5030.0,174.66666666666666,109.5,67.91666666666667,45.833333333333336,33.25,36.5,72.66666666666667,124.08333333333333,223.33333333333334,489.1666666666667,772.0,1057.3333333333333,1316.5,1196.75,1200.25,1240.75,1246.9166666666667,1313.4166666666667,1232.5833333333333,1095.3333333333333,922.75,591.5833333333334,385.5833333333333,257.6666666666667,6138994.916666667,3697289.9166666665,2338244.0833333335,1517954.0833333333,931037.4166666666,874606.5,1126266.0833333333,1769080.4166666667,3112092.4166666665,10396633.916666666,23200085.166666668,34131585.166666664,39164475.666666664,35639799.583333336,37300816.5,41154169.75,41129866.916666664,42979260.583333336,40313255.166666664,39873770.583333336,33924671.333333336,20762781.0,12044827.916666666,8888132.5,127.5,3180017.25,4094.5,145816691.33333334,817.0,195416805.83333334,2487.5,109259271.83333333,27302.75,869240090.0,35.0,43048572.0,,,101505.0,2888401889.0,92075.08333333333,2237855032.6666665,10650.75,239300015.08333334,20040.333333333332,862611831.75,2609.25,228732092.0,521.25,47385742.5,482.8333333333333,19907100.166666668,289.1666666666667,1572.0,884.0833333333334,454.5833333333333,2821.9166666666665,1188.6666666666667,367.0,1553.8333333333333,819.25,483.4166666666667,2402.8333333333335,1055.6666666666667,471.4166666666667,1874.6666666666667,1036.25,248.25,1375.75,643.4166666666666,153.41666666666666,1364.5833333333333,424.9166666666667,936853.25,32723252.916666668,80909204.66666667,133000095.83333333,134143015.58333333,72231288.41666667,28464244.416666668,98.58333333333333,1532.3333333333333,2876.1666666666665,3683.3333333333335,4012.5,2096.25,900.3333333333334
2635055200,해운대구 좌2동,1216.0833333333333,909.1666666666666,12409.333333333334,10371.833333333334,2716.0833333333335,2497.9166666666665,7778.75,7564.5,226671166.66666666,186428666.66666666,495.0,395.0,345.4166666666667,327.75,270.25,315.75,413.25,776.5833333333334,1649.0,3129.9166666666665,3748.3333333333335,4062.1666666666665,4123.833333333333,4197.833333333333,4213.166666666667,4013.75,3886.0,3560.9166666666665,2998.6666666666665,2317.0,1890.0,1587.6666666666667,1302.5,1065.5833333333333,27779.75,28517.333333333332,28929.333333333332,29139.666666666668,29037.833333333332,28912.166666666668,28350.833333333332,26960.666666666668,24260.166666666668,21081.25,19070.416666666668,17692.75,16887.166666666668,16562.75,16237.083333333334,16137.166666666666,16851.416666666668,17845.916666666668,19020.583333333332,20630.333333333332,21848.75,23353.666666666668,25088.833333333332,26573.083333333332,3480.5,3084.75,2841.6666666666665,2675.6666666666665,2483.25,2524.1666666666665,2688.4166666666665,3157.1666666666665,4075.6666666666665,4527.5,5321.75,6015.083333333333,6398.166666666667,6463.416666666667,6759.75,7268.5,7745.0,7928.083333333333,7905.333333333333,7763.666666666667,7145.166666666667,6541.666666666667,5658.833333333333,4762.583333333333,199.25,127.66666666666667,84.33333333333333,54.5,39.0,37.666666666666664,68.83333333333333,133.41666666666666,255.5,562.1666666666666,785.0833333333334,1000.1666666666666,1252.0833333333333,1049.3333333333333,1042.75,1161.4166666666667,1243.6666666666667,1366.5,1277.5,1072.9166666666667,914.0,728.0,553.5,326.9166666666667,3921214.0833333335,2632039.9166666665,1572706.5833333333,954000.4166666666,570749.5833333334,453747.5833333333,614284.1666666666,1076413.75,5609775.833333333,14970706.5,26749656.916666668,31812310.416666668,34414390.75,26151385.75,32143096.833333332,38545445.083333336,39964215.083333336,41047498.25,33746791.5,26418810.166666668,19589933.833333332,14156184.416666666,9913732.916666666,6072527.666666667,665.9166666666666,2448719.25,6977.333333333333,184983398.16666666,1500.5833333333333,390821918.3333333,2406.8333333333335,147838068.58333334,32888.0,1679199962.4166667,41.0,159642121.2857143,129.75,2429147.9166666665,109346.75,1612192437.3333333,85866.83333333333,948332698.0,7354.583333333333,132289621.41666667,21913.75,1249154799.25,2042.3333333333333,234445658.66666666,878.6666666666666,6275847.166666667,,,261.0833333333333,3003.0,789.1666666666666,409.8333333333333,4583.5,1148.5833333333333,331.5,2949.0,773.6666666666666,373.4166666666667,3987.1666666666665,820.9166666666666,343.4166666666667,3736.0833333333335,775.9166666666666,238.66666666666666,2274.9166666666665,522.8333333333334,164.75,2245.0833333333335,380.5833333333333,1599265.5,36263705.0,91690641.16666667,132464848.75,91777283.5,42520546.083333336,16784556.916666668,182.91666666666666,2319.8333333333335,3652.1666666666665,3826.0,3210.6666666666665,1517.4166666666667,631.75
2635055300,해운대구 좌3동,410.6666666666667,340.25,5966.666666666667,5068.166666666667,712.9166666666666,747.6666666666666,985.1666666666666,1319.3333333333333,20568166.666666668,24132583.333333332,223.83333333333334,188.75,173.25,167.08333333333334,162.0,170.83333333333334,210.0,314.0,675.0,1449.0833333333333,1547.3333333333333,1602.5,1601.25,1610.5,1605.8333333333333,1360.5,1153.6666666666667,873.3333333333334,716.0,557.8333333333334,491.75,441.3333333333333,387.8333333333333,339.75,13982.25,14469.916666666666,14762.0,14905.166666666666,14961.833333333334,14853.166666666666,14456.833333333334,13549.166666666666,11923.583333333334,10056.166666666666,8812.25,8007.5,7615.916666666667,7512.25,7362.5,7247.75,7570.166666666667,7990.083333333333,8669.166666666666,9498.666666666666,10284.083333333334,11143.333333333334,12169.666666666666,13043.083333333334,1110.0833333333333,1005.5833333333334,966.5,960.4166666666666,980.0,1006.25,1068.6666666666667,1179.3333333333333,1390.1666666666667,1549.5,1662.0,1716.6666666666667,1692.3333333333333,1723.5833333333333,1798.0833333333333,1845.5833333333333,1915.4166666666667,1886.5,1798.1666666666667,1745.3333333333333,1757.8333333333333,1622.5,1427.75,1243.5833333333333,17.166666666666668,10.25,7.75,7.083333333333333,7.333333333333333,7.833333333333333,11.833333333333334,36.916666666666664,65.58333333333333,83.08333333333333,108.91666666666667,150.91666666666666,224.33333333333334,185.08333333333334,164.16666666666666,172.08333333333334,165.91666666666666,184.83333333333334,190.91666666666666,165.16666666666666,137.75,107.75,67.75,39.0,206435.41666666666,102008.58333333333,60821.0,74211.08333333333,56965.083333333336,94643.0,133168.08333333334,345688.1666666667,799795.25,1374335.9166666667,2235176.25,3181497.6666666665,4090922.5833333335,4033378.8333333335,3609299.3333333335,3690219.0833333335,3356986.3333333335,3889938.1666666665,3723996.8333333335,3529043.1666666665,2856158.75,1911316.0833333333,951722.5,593503.8333333334,295.0,2422406.5,805.8333333333334,25527837.833333332,350.4166666666667,49863663.083333336,295.75,15611106.833333334,3111.3333333333335,117340147.66666667,,,,,16595.916666666668,279092628.3333333,17634.333333333332,200508287.83333334,1844.75,24267155.25,317.3333333333333,8734129.666666666,137.08333333333334,13954670.833333334,189.41666666666666,30490398.833333332,,,53.0,1224.5,162.08333333333334,254.75,2310.4166666666665,356.75,75.75,1121.9166666666667,176.25,105.33333333333333,1900.5833333333333,233.08333333333334,119.75,1867.9166666666667,241.58333333333334,89.08333333333333,1215.25,168.08333333333334,51.0,1391.4166666666667,120.5,160364.75,2463214.3333333335,7761022.416666667,12473931.083333334,13386836.166666666,5828153.916666667,2634866.6666666665,29.5,193.33333333333334,417.3333333333333,559.0833333333334,680.5,285.9166666666667,137.25
2635055400,해운대구 좌4동,962.75,805.25,8779.083333333334,7526.916666666667,1846.6666666666667,1794.3333333333333,10364.833333333334,9135.75,315050416.6666667,290545666.6666667,518.9166666666666,413.0833333333333,341.8333333333333,322.0833333333333,306.4166666666667,357.25,431.5833333333333,858.75,2362.0,3433.9166666666665,3553.9166666666665,3590.3333333333335,3502.3333333333335,3433.3333333333335,3409.0,3222.0,3055.6666666666665,2478.25,1732.1666666666667,1341.9166666666667,1192.25,1103.6666666666667,987.6666666666666,890.25,20782.166666666668,21309.583333333332,21558.0,21677.333333333332,21622.916666666668,21523.916666666668,21036.916666666668,20015.666666666668,17790.5,14825.583333333334,13068.083333333334,11910.75,11289.5,11069.166666666666,10757.25,10580.083333333334,11134.166666666666,11865.833333333334,12888.166666666666,14387.083333333334,15557.5,16900.0,18421.0,19694.583333333332,2372.5833333333335,2084.9166666666665,1926.5833333333333,1863.9166666666667,1844.25,1905.25,2128.5,2854.0,3638.1666666666665,4305.75,4953.083333333333,5176.5,4926.666666666667,4725.916666666667,5163.083333333333,5286.166666666667,5241.083333333333,5007.416666666667,4488.666666666667,4150.916666666667,3845.8333333333335,3749.0833333333335,3353.4166666666665,2942.4166666666665,53.166666666666664,30.25,19.416666666666668,14.833333333333334,12.916666666666666,21.333333333333332,46.583333333333336,215.75,364.9166666666667,621.4166666666666,780.1666666666666,833.0,804.25,8008.333333333333,4179.083333333333,721.4166666666666,623.8333333333334,530.1666666666666,442.25,343.75,309.25,241.91666666666666,183.58333333333334,95.33333333333333,1538624.9166666667,1165230.75,374595.75,422082.6666666667,612154.8333333334,1111890.0833333333,1179484.5,5273702.416666667,19688151.583333332,41652585.5,57127084.0,49966944.75,31371075.75,172037421.41666666,110492447.33333333,35185891.416666664,26335461.5,14015971.916666666,10976848.5,8015446.083333333,6569908.916666667,4719146.333333333,3321675.1666666665,2621707.1666666665,295.1666666666667,1055507.4166666667,1652.0,200522022.16666666,642.6666666666666,131279946.33333333,596.9166666666666,18413810.25,2779.75,166552666.83333334,87.0,1057763.0,2747.0,71821150.0,45600.25,527815232.1666667,227509.75,4148510799.8333335,3406.75,47124852.833333336,27229.666666666668,2845744366.9166665,318.3333333333333,38489258.0,474.5833333333333,12949677.083333334,,,205.25,1720.5833333333333,515.6666666666666,437.8333333333333,3858.5833333333335,556.3333333333334,265.0,1729.8333333333333,473.25,267.6666666666667,3155.9166666666665,622.1666666666666,250.16666666666666,2605.25,645.4166666666666,204.33333333333334,1599.3333333333333,482.0833333333333,135.33333333333334,1634.1666666666667,343.25,255118.75,19014021.75,80200266.5,158970914.91666666,172879925.25,123354753.5,50923186.25,40.833333333333336,1098.5,2994.6666666666665,4684.5,5383.0,3866.0,1430.9166666666667
2635056000,해운대구 송정동,344.6666666666667,527.8333333333334,3789.9166666666665,3425.0833333333335,2086.3333333333335,2336.25,4258.75,6892.916666666667,131014500.0,233412333.33333334,92.58333333333333,74.58333333333333,66.58333333333333,63.75,67.33333333333333,81.83333333333333,159.25,460.9166666666667,795.1666666666666,1482.4166666666667,1796.8333333333333,1938.75,1978.4166666666667,2000.8333333333333,1983.4166666666667,1934.3333333333333,1804.5,1516.3333333333333,1083.3333333333333,672.75,504.5833333333333,334.8333333333333,191.66666666666666,126.66666666666667,8600.166666666666,8748.166666666666,8840.75,8897.833333333334,8901.0,8828.583333333334,8590.75,8208.75,7555.166666666667,6787.916666666667,6181.916666666667,5775.75,5570.166666666667,5470.25,5369.083333333333,5389.666666666667,5570.5,5867.166666666667,6316.583333333333,6786.25,7158.416666666667,7598.916666666667,8035.416666666667,8377.25,3268.9166666666665,2919.4166666666665,2679.6666666666665,2551.6666666666665,2497.8333333333335,2537.9166666666665,2883.75,3274.8333333333335,3629.0,3851.6666666666665,4245.25,4863.833333333333,5659.916666666667,6226.5,6487.25,6717.916666666667,6397.75,6167.416666666667,6055.5,5574.25,5084.166666666667,4829.25,4259.666666666667,3741.75,166.83333333333334,93.41666666666667,46.833333333333336,29.083333333333332,25.833333333333332,59.416666666666664,169.25,244.83333333333334,344.4166666666667,413.5,481.75,639.3333333333334,879.6666666666666,854.1666666666666,820.3333333333334,768.6666666666666,738.9166666666666,729.75,783.5833333333334,774.4166666666666,730.1666666666666,619.9166666666666,463.8333333333333,282.5,2765214.1666666665,1398315.4166666667,616695.8333333334,378190.9166666667,469763.3333333333,1893268.0833333333,5389270.916666667,7103278.833333333,10229700.416666666,13112382.25,17815504.666666668,23035287.333333332,29117058.916666668,30769967.583333332,30262602.916666668,27705057.166666668,26403118.166666668,27148810.75,28452434.166666668,26735665.833333332,22308902.0,15847851.75,10300304.833333334,5203234.333333333,1507.4166666666667,23456849.0,1590.6666666666667,132152641.83333333,152.16666666666666,17220757.333333332,560.9166666666666,16535000.166666666,9754.25,716972381.9166666,770.3333333333334,40739180.166666664,,,88076.33333333333,2233602070.1666665,39061.25,467562000.0,1949.9166666666667,115167240.5,891.1666666666666,35102453.0,128.1818181818182,7993956.818181818,2224.9166666666665,169456216.08333334,6657.916666666667,315819007.6666667,118.91666666666667,793.5,966.25,8.166666666666666,929.9166666666666,546.75,189.75,775.4166666666666,756.6666666666666,196.58333333333334,960.3333333333334,777.9166666666666,205.75,1273.8333333333333,712.9166666666666,124.0,1295.3333333333333,461.8333333333333,26.833333333333332,1184.5,197.5,815288.4166666666,29391571.583333332,84772969.83333333,92081400.91666667,84644585.66666667,54983677.833333336,17742812.0,56.916666666666664,1328.0833333333333,2747.0,2824.5833333333335,2378.5833333333335,1362.5,452.0
2635057000,해운대구 반여1동,1566.1666666666667,1484.25,13276.666666666666,12481.833333333334,2210.6666666666665,2598.5833333333335,5977.666666666667,7615.916666666667,213588500.0,260001166.66666666,642.8333333333334,508.75,445.1666666666667,431.4166666666667,561.5,689.5833333333334,911.0833333333334,1548.9166666666667,3062.0,5426.666666666667,6037.666666666667,6342.083333333333,6463.083333333333,6485.583333333333,6371.916666666667,6030.416666666667,5572.5,4623.833333333333,3430.0,2371.5,1889.1666666666667,1567.0,1195.1666666666667,930.75,31089.416666666668,31651.25,32028.583333333332,32268.25,32233.416666666668,32013.0,31279.666666666668,29723.166666666668,26725.5,23597.25,21665.0,20256.75,19476.916666666668,19068.416666666668,18754.333333333332,18541.583333333332,19501.5,20613.083333333332,22136.75,24086.916666666668,25595.416666666668,27134.916666666668,28745.666666666668,30150.416666666668,3035.5833333333335,2510.8333333333335,2283.1666666666665,2182.0833333333335,2332.0833333333335,2633.5833333333335,3153.3333333333335,4062.3333333333335,5095.583333333333,5060.083333333333,5499.5,5948.25,6034.916666666667,5984.25,6270.5,6546.583333333333,6698.083333333333,6813.75,6933.416666666667,6772.083333333333,6149.083333333333,5470.333333333333,4555.166666666667,3723.75,90.5,51.75,31.25,25.916666666666668,48.666666666666664,112.33333333333333,174.66666666666666,232.83333333333334,372.9166666666667,672.5833333333334,904.3333333333334,1053.9166666666667,1143.25,995.5833333333334,1032.3333333333333,1050.1666666666667,1030.4166666666667,1013.6666666666666,922.4166666666666,821.5,712.75,544.3333333333334,340.0833333333333,214.66666666666666,2023749.5,1248213.0833333333,680428.8333333334,925255.8333333334,2434370.3333333335,6490549.5,8014522.083333333,9217952.083333334,13644617.833333334,24273980.916666668,33982569.5,39137710.5,38666492.333333336,34341779.0,37356602.583333336,40783091.666666664,36065037.5,33664644.666666664,29955305.083333332,27443866.75,22844227.833333332,16125989.583333334,9196110.416666666,5092590.833333333,748.9166666666666,20764128.416666668,9554.666666666666,343278630.6666667,890.0,167622783.91666666,1675.1666666666667,63767026.916666664,15413.416666666666,657982006.0833334,35.0,3527533.4285714286,,,59145.333333333336,1262663367.3333333,73097.66666666667,1813158843.25,20171.833333333332,993267371.0833334,16711.333333333332,548463413.9166666,1211.9166666666667,125178184.33333333,2080.3333333333335,175219995.66666666,2562.25,122358564.91666667,256.0,2566.6666666666665,581.5833333333334,567.1666666666666,5789.583333333333,738.0,441.75,3007.9166666666665,722.25,544.8333333333334,4221.166666666667,839.5,698.8333333333334,4002.5833333333335,912.5,395.6666666666667,3268.0,677.5833333333334,143.25,2900.0833333333335,335.3333333333333,417002.0,14786088.666666666,67327453.58333333,126426109.08333333,136221290.83333334,94718372.83333333,33694344.333333336,51.25,727.8333333333334,2244.9166666666665,3693.9166666666665,3696.5,2264.25,912.6666666666666
2635058000,해운대구 반여2동,351.9166666666667,311.1666666666667,5284.75,4866.916666666667,840.5833333333334,849.3333333333334,938.0,1218.25,23151416.666666668,24798750.0,196.16666666666666,165.91666666666666,154.41666666666666,152.83333333333334,143.58333333333334,152.08333333333334,188.16666666666666,349.25,612.3333333333334,907.5833333333334,1103.6666666666667,1174.9166666666667,1201.4166666666667,1217.8333333333333,1221.8333333333333,1191.75,1148.5833333333333,1063.5,905.9166666666666,709.1666666666666,590.75,520.3333333333334,469.8333333333333,434.3333333333333,12455.583333333334,12714.916666666666,12902.666666666666,13010.166666666666,12987.666666666666,12856.916666666666,12395.416666666666,11592.083333333334,10328.333333333334,8945.916666666666,8170.833333333333,7682.333333333333,7413.166666666667,7260.083333333333,7151.166666666667,7231.25,7646.583333333333,8170.166666666667,8785.333333333334,9509.75,10142.666666666666,10791.583333333334,11470.666666666666,12042.666666666666,1380.4166666666667,1255.8333333333333,1206.4166666666667,1173.9166666666667,1204.8333333333333,1222.1666666666667,1221.6666666666667,1361.5833333333333,1544.4166666666667,1507.25,1673.5833333333333,1779.0833333333333,1822.0,1813.25,1936.3333333333333,2006.4166666666667,2131.9166666666665,2161.5,2229.0,2216.5833333333335,2150.75,2025.0833333333333,1875.0,1752.5,30.916666666666668,20.916666666666668,15.25,10.916666666666666,11.25,15.75,25.666666666666668,25.416666666666668,41.416666666666664,92.33333333333333,124.5,148.08333333333334,158.75,124.83333333333333,144.5,163.83333333333334,176.33333333333334,180.08333333333334,175.16666666666666,144.0,123.41666666666667,89.08333333333333,64.25,48.833333333333336,683036.5833333334,603115.25,337366.5833333333,266674.25,169970.66666666666,178299.08333333334,220508.33333333334,243121.08333333334,456382.5833333333,1984771.8333333333,3354575.75,4043743.0833333335,4168715.6666666665,2878118.6666666665,3229039.3333333335,3927681.1666666665,3955680.0833333335,4012268.6666666665,3903412.1666666665,3133477.25,2515658.5833333335,1595815.0833333333,1190330.1666666667,1057839.0,183.16666666666666,1514489.75,984.0,21529664.916666668,71.41666666666667,8553558.583333334,435.8333333333333,18658807.25,3760.1666666666665,63362490.916666664,38.5,23716252.0,,,10337.416666666666,242345201.41666666,14177.333333333334,148145444.58333334,1763.9166666666667,41066104.916666664,3886.5,132321578.58333333,628.75,78427049.91666667,488.25,8178835.916666667,,,76.75,1231.3333333333333,208.41666666666666,21.416666666666668,1129.5833333333333,313.6666666666667,100.0,1011.0,223.25,118.25,1456.6666666666667,236.16666666666666,139.33333333333334,1916.75,296.8333333333333,129.75,1791.4166666666667,257.9166666666667,75.25,1612.4166666666667,150.91666666666666,90348.58333333333,2306034.5833333335,5909233.916666667,9025150.666666666,13008159.833333334,12151482.25,5487183.666666667,14.666666666666666,188.66666666666666,390.8333333333333,438.8333333333333,518.0833333333334,429.5833333333333,176.75
2635059000,해운대구 반여3동,154.41666666666666,146.33333333333334,3993.1666666666665,3685.6666666666665,328.1666666666667,335.5,549.5,801.0833333333334,9520166.666666666,11443750.0,69.41666666666667,61.083333333333336,59.75,59.916666666666664,59.083333333333336,68.16666666666667,83.58333333333333,127.33333333333333,269.8333333333333,518.25,573.5,620.3333333333334,636.6666666666666,647.25,640.8333333333334,612.6666666666666,559.9166666666666,481.25,363.0833333333333,251.16666666666666,197.58333333333334,159.83333333333334,132.41666666666666,100.83333333333333,9490.166666666666,9644.166666666666,9746.083333333334,9807.666666666666,9795.833333333334,9675.166666666666,9310.5,8731.833333333334,7817.75,6795.083333333333,6150.333333333333,5832.333333333333,5651.333333333333,5563.666666666667,5447.916666666667,5443.5,5710.75,6122.166666666667,6575.666666666667,7171.833333333333,7722.166666666667,8231.916666666666,8744.75,9161.833333333334,504.75,476.75,463.5833333333333,453.5833333333333,447.75,484.5833333333333,496.6666666666667,535.4166666666666,622.6666666666666,689.3333333333334,771.5833333333334,820.0,816.8333333333334,824.5833333333334,872.8333333333334,910.4166666666666,894.25,824.5,798.3333333333334,764.5,720.4166666666666,663.1666666666666,610.75,559.3333333333334,20.416666666666668,14.75,10.416666666666666,9.166666666666666,8.416666666666666,10.25,20.5,26.083333333333332,33.833333333333336,46.0,55.916666666666664,76.33333333333333,94.75,81.0,83.83333333333333,97.5,106.16666666666667,116.16666666666667,116.33333333333333,98.25,78.66666666666667,66.91666666666667,51.583333333333336,34.333333333333336,226546.16666666666,129810.16666666667,89661.91666666667,109245.66666666667,305095.0,184785.08333333334,321742.8333333333,284547.6666666667,483485.5,874070.75,1241682.6666666667,1335363.0833333333,1549815.6666666667,1307777.5,1390569.8333333333,1452615.0,1673011.8333333333,1829361.9166666667,1933664.9166666667,1586597.9166666667,1150933.5,788855.0,578443.4166666666,379581.3333333333,41.083333333333336,20734291.416666668,562.6666666666666,20139285.833333332,51.0,9430584.416666666,156.91666666666666,6108779.916666667,875.1666666666666,14943051.25,35.875,1223599.125,,,3977.9166666666665,81123274.16666667,8541.333333333334,87148090.0,1873.8333333333333,46387686.916666664,1192.1666666666667,25271398.833333332,165.58333333333334,13625452.833333334,2998.0833333333335,17374763.666666668,,,30.25,913.0,74.66666666666667,44.0,893.5833333333334,94.66666666666667,26.75,799.0,68.83333333333333,33.75,1108.0833333333333,86.08333333333333,76.58333333333333,1489.75,132.5,66.5,1280.5,121.83333333333333,20.333333333333332,1192.5833333333333,82.83333333333333,46866.083333333336,1290505.5833333333,2544934.6666666665,3990956.6666666665,5834422.75,5222211.5,2051714.4166666667,10.166666666666666,159.25,265.1666666666667,264.75,324.1666666666667,240.33333333333334,88.08333333333333
2635059500,해운대구 반여4동,275.5,251.25,5295.916666666667,4992.333333333333,731.1666666666666,765.9166666666666,402.8333333333333,664.1666666666666,9071250.0,15072666.666666666,167.83333333333334,148.08333333333334,131.0,122.91666666666667,133.33333333333334,138.16666666666666,159.16666666666666,215.5,473.9166666666667,974.75,1061.5833333333333,1110.5833333333333,1090.1666666666667,1108.3333333333333,1092.5,978.6666666666666,870.1666666666666,746.3333333333334,549.0833333333334,388.0833333333333,319.0833333333333,284.1666666666667,254.91666666666666,216.16666666666666,13480.5,13855.166666666666,14043.666666666666,14142.416666666666,14212.583333333334,14073.5,13599.916666666666,12556.583333333334,10649.083333333334,9108.75,8124.416666666667,7465.166666666667,7085.666666666667,6880.0,6633.5,6393.833333333333,6695.416666666667,7234.75,7864.916666666667,8834.25,9627.166666666666,10578.166666666666,11514.833333333334,12314.166666666666,1129.0833333333333,1040.75,988.1666666666666,961.8333333333334,1015.1666666666666,1031.9166666666667,1144.5833333333333,1296.1666666666667,1575.9166666666667,1603.8333333333333,1675.6666666666667,1718.6666666666667,1688.75,1701.0833333333333,1821.4166666666667,1859.5833333333333,1863.4166666666667,1888.8333333333333,1866.5,1895.25,1837.5833333333333,1713.6666666666667,1446.5,1258.5,17.333333333333332,10.916666666666666,8.666666666666666,6.75,7.333333333333333,10.25,14.25,17.75,31.916666666666668,48.0,51.25,57.583333333333336,81.16666666666667,61.166666666666664,62.333333333333336,62.583333333333336,74.75,84.25,85.16666666666667,82.0,72.91666666666667,56.916666666666664,45.5,28.833333333333332,205377.66666666666,168876.5,91973.25,92549.91666666667,116994.66666666667,280508.0,199763.58333333334,308429.6666666667,654251.75,1238546.0833333333,1494785.8333333333,2121720.0833333335,1930791.4166666667,1692048.0833333333,1735438.1666666667,2293638.9166666665,1782821.9166666667,1897883.0833333333,1637567.25,1488733.25,1157247.9166666667,905242.0833333334,598162.9166666666,376080.6666666667,76.66666666666667,4464573.833333333,510.75,86942077.0,129.16666666666666,28566759.666666668,173.16666666666666,5098968.083333333,2552.0,57907962.416666664,,,,,3840.5,81133029.5,8618.833333333334,72481794.5,1802.8333333333333,35918726.0,986.9166666666666,18022372.666666668,140.9090909090909,6439377.181818182,150.83333333333334,42287539.833333336,,,38.416666666666664,1217.5,194.91666666666666,138.0,2221.25,207.5,60.333333333333336,1327.4166666666667,228.08333333333334,70.25,1696.75,256.9166666666667,89.16666666666667,1709.9166666666667,263.0833333333333,89.5,1264.25,221.16666666666666,38.75,849.0833333333334,123.08333333333333,53439.166666666664,1050676.25,3748112.0833333335,7170871.166666667,5249070.083333333,5519851.25,1368890.6666666667,11.25,72.66666666666667,237.5,327.4166666666667,225.33333333333334,151.66666666666666,42.5
2635061000,해운대구 반송1동,703.3333333333334,923.5833333333334,7439.75,7067.5,927.5,1159.3333333333333,1232.5,2086.5833333333335,38924083.333333336,62338500.0,255.0,210.25,182.33333333333334,170.25,164.08333333333334,238.83333333333334,359.0833333333333,682.5,2028.6666666666667,3208.5,3408.6666666666665,3538.3333333333335,3475.6666666666665,3521.5,3510.25,3270.0833333333335,3179.25,2789.5,1903.75,1231.8333333333333,868.5833333333334,581.5,476.75,406.6666666666667,16905.416666666668,17110.166666666668,17215.5,17285.666666666668,17242.583333333332,17157.083333333332,16721.0,15980.666666666666,14570.75,13301.083333333334,12544.333333333334,12061.166666666666,11774.166666666666,11613.0,11478.833333333334,11523.916666666666,11883.583333333334,12489.25,13224.583333333334,14014.583333333334,14619.833333333334,15275.75,15957.833333333334,16518.333333333332,857.0833333333334,733.5833333333334,667.1666666666666,651.8333333333334,673.9166666666666,891.25,1220.25,1671.3333333333333,2345.5833333333335,2550.0,3036.3333333333335,3332.25,3427.5833333333335,3455.5,3482.5833333333335,3405.0,3325.8333333333335,3210.25,2871.0833333333335,2516.9166666666665,2166.5833333333335,1787.3333333333333,1360.8333333333333,1141.5,32.75,19.583333333333332,15.166666666666666,14.083333333333334,15.5,33.166666666666664,43.833333333333336,72.41666666666667,128.58333333333334,149.91666666666666,200.41666666666666,265.5833333333333,360.9166666666667,260.5,243.33333333333334,239.91666666666666,235.25,237.5,218.91666666666666,183.83333333333334,138.16666666666666,102.33333333333333,64.75,41.916666666666664,399380.3333333333,310369.1666666667,335900.1666666667,371370.6666666667,270999.3333333333,1954432.9166666667,1888124.25,2117869.1666666665,3165227.0833333335,5005925.25,6246166.666666667,7113907.0,8518318.916666666,7757044.333333333,8384978.083333333,8615964.666666666,7923324.916666667,7005675.583333333,6577461.083333333,5640200.5,4054485.3333333335,4414461.75,1528081.25,1808915.5,716.9166666666666,3732069.8333333335,954.8333333333334,45856268.0,58.416666666666664,20962407.833333332,325.1666666666667,15987323.25,7553.416666666667,463242805.25,41.8,3007032.5,,,20752.75,346308620.25,16364.833333333334,208177353.66666666,1252.0833333333333,62647207.833333336,2643.0833333333335,84943702.58333333,346.8333333333333,34117007.166666664,1075.4166666666667,82450823.58333333,962.75,59656630.166666664,212.41666666666666,2143.25,266.25,142.91666666666666,1892.8333333333333,210.08333333333334,279.8333333333333,1328.6666666666667,249.58333333333334,315.75,1960.5,328.9166666666667,351.75,2380.8333333333335,436.0833333333333,213.08333333333334,2367.25,355.8333333333333,108.58333333333333,2431.6666666666665,237.5,164566.25,4259415.5,11294046.083333334,24257130.583333332,28017075.25,24630579.666666668,8660540.75,24.666666666666668,350.5,576.5833333333334,698.6666666666666,837.8333333333334,597.5833333333334,233.41666666666666
2635062000,해운대구 반송2동,541.4166666666666,427.25,11712.75,10534.583333333334,605.5833333333334,679.3333333333334,1402.75,2123.0,37293916.666666664,50729500.0,182.16666666666666,157.83333333333334,140.16666666666666,127.66666666666667,127.41666666666667,145.33333333333334,189.0,277.0833333333333,761.75,1695.75,1958.75,2106.5,2147.4166666666665,2156.4166666666665,2125.0,2028.4166666666667,1906.8333333333333,1659.3333333333333,1264.5833333333333,778.8333333333334,569.6666666666666,413.1666666666667,297.3333333333333,229.75,26492.416666666668,26850.833333333332,27035.5,27127.583333333332,27070.833333333332,26768.166666666668,25884.0,24593.583333333332,22004.583333333332,19932.0,18595.833333333332,17756.583333333332,17306.416666666668,17058.416666666668,16914.333333333332,16936.666666666668,17635.5,18696.416666666668,20112.583333333332,21592.083333333332,22724.333333333332,23921.0,25082.916666666668,25938.0,871.5833333333334,855.8333333333334,827.1666666666666,808.4166666666666,795.9166666666666,797.5833333333334,808.75,883.6666666666666,1024.5,1239.75,1436.0833333333333,1615.3333333333333,1749.3333333333333,1724.0833333333333,1754.25,1759.0,1774.8333333333333,1741.8333333333333,1780.6666666666667,1743.25,1584.5,1355.0,1127.5833333333333,971.8333333333334,33.666666666666664,20.416666666666668,16.083333333333332,12.0,12.083333333333334,34.25,51.0,65.75,98.58333333333333,154.91666666666666,201.41666666666666,236.91666666666666,280.0833333333333,232.25,249.41666666666666,251.5,271.5833333333333,318.5,296.6666666666667,239.91666666666666,189.33333333333334,130.41666666666666,79.83333333333333,49.833333333333336,508936.5833333333,280553.3333333333,189907.83333333334,128471.75,128882.0,479628.9166666667,838139.8333333334,1076982.6666666667,1548087.4166666667,3038732.0833333335,4869362.916666667,6082707.5,7969199.25,6227926.25,7204751.0,7716717.416666667,7774166.333333333,8238886.75,7770764.833333333,6162079.416666667,4619474.75,2794042.25,1530802.5,924436.6666666666,54.666666666666664,29634829.833333332,571.6666666666666,31698798.25,197.25,28463673.166666668,612.0833333333334,21973638.333333332,3635.4166666666665,87486127.33333333,50.25,2364299.0,,,17941.666666666668,399636601.5,23611.166666666668,261174023.66666666,2590.5,66124304.583333336,4584.916666666667,161366507.16666666,773.1666666666666,74647558.0,577.9166666666666,32153216.416666668,507.4166666666667,22509757.333333332,91.08333333333333,2436.6666666666665,147.33333333333334,70.33333333333333,3098.4166666666665,191.66666666666666,144.16666666666666,2099.3333333333335,167.58333333333334,202.91666666666666,2861.1666666666665,209.5,234.58333333333334,3916.0833333333335,228.5,183.83333333333334,3879.3333333333335,204.16666666666666,39.333333333333336,3954.0833333333335,133.66666666666666,77391.33333333333,3312722.75,9417491.666666666,19522529.5,26213877.416666668,21068477.75,8451169.25,7.5,211.91666666666666,508.6666666666667,838.5,966.0833333333334,722.0833333333334,272.8333333333333
2635065000,해운대구 재송1동,2513.5,2382.75,14152.75,12580.75,2642.3333333333335,2870.75,6720.166666666667,8513.416666666666,196219083.33333334,260775500.0,899.25,732.25,647.75,626.9166666666666,640.3333333333334,665.5833333333334,809.75,1329.9166666666667,3439.4166666666665,8428.916666666666,10072.0,10517.166666666666,10075.0,10373.666666666666,10397.916666666666,10045.333333333334,9797.333333333334,9024.666666666666,7021.916666666667,3918.5833333333335,2891.9166666666665,2228.5,1706.5833333333333,1320.3333333333333,32577.5,33289.166666666664,33754.0,33995.583333333336,33936.25,33719.166666666664,32974.0,31341.75,28152.333333333332,24805.333333333332,22459.5,20818.75,19911.916666666668,19491.166666666668,19088.083333333332,18758.0,19667.75,20876.666666666668,22350.583333333332,24357.416666666668,26075.0,27935.083333333332,29880.0,31494.0,3731.5833333333335,3236.5,3014.6666666666665,2930.25,3064.9166666666665,3057.25,3311.8333333333335,3979.75,4998.333333333333,5377.416666666667,6009.416666666667,6619.833333333333,7244.083333333333,7192.0,7078.083333333333,7067.833333333333,7317.25,7716.666666666667,7925.083333333333,8015.916666666667,7105.916666666667,6500.916666666667,5478.5,4445.416666666667,103.16666666666667,56.75,33.666666666666664,23.416666666666668,20.916666666666668,38.25,109.91666666666667,218.16666666666666,534.9166666666666,731.6666666666666,848.6666666666666,1141.4166666666667,1676.5,1165.8333333333333,1070.1666666666667,1081.9166666666667,1141.0833333333333,1168.6666666666667,1077.75,949.1666666666666,793.1666666666666,613.9166666666666,415.6666666666667,221.66666666666666,2584731.6666666665,1495855.6666666667,739203.8333333334,466731.8333333333,346053.9166666667,817213.4166666666,3132243.4166666665,4662580.5,7607957.666666667,16335065.416666666,31090328.5,36844398.333333336,41572842.25,32314327.25,35005794.916666664,37428767.583333336,37141349.666666664,39403151.833333336,32729367.416666668,32580285.25,26949635.5,18439248.0,11576363.75,5759664.0,1793.4166666666667,131072608.66666667,4865.333333333333,627623428.25,2120.9166666666665,412997834.6666667,2002.8333333333333,104764499.58333333,6620.166666666667,646746191.8333334,439.5,17077768.166666668,,,105648.91666666667,2204737410.9166665,80556.33333333333,833827858.1666666,10645.75,229900860.41666666,14616.0,671355792.9166666,462.1666666666667,81174425.75,3153.5833333333335,132825740.08333333,2461.0833333333335,115877552.25,734.8333333333334,2356.25,792.1666666666666,531.3333333333334,6956.833333333333,748.5833333333334,1237.0,3580.6666666666665,913.8333333333334,1007.6666666666666,4872.5,1058.5833333333333,834.6666666666666,3686.75,972.75,413.75,2958.25,668.8333333333334,134.5,2319.9166666666665,355.8333333333333,665650.6666666666,21472528.083333332,73784381.16666667,161193286.33333334,115985606.66666667,59908752.166666664,23985252.833333332,98.58333333333333,1411.25,3287.6666666666665,5004.916666666667,3179.0,1590.8333333333333,658.6666666666666
2635066000,해운대구 재송2동,632.5,557.1666666666666,10169.833333333334,9479.916666666666,1388.8333333333333,1352.6666666666667,1657.8333333333333,2382.25,43575833.333333336,56484416.666666664,437.1666666666667,384.0833333333333,317.3333333333333,280.5833333333333,272.1666666666667,284.25,357.0,584.5833333333334,1045.0,1915.0833333333333,2156.5,2251.6666666666665,2221.9166666666665,2284.5833333333335,2279.0,2123.6666666666665,2032.6666666666667,1874.4166666666667,1465.25,1065.75,928.9166666666666,808.0833333333334,682.9166666666666,603.8333333333334,24809.666666666668,25426.25,25696.75,25822.25,25707.333333333332,25499.916666666668,24685.833333333332,23178.583333333332,20392.416666666668,17458.833333333332,15685.416666666666,14590.916666666666,13994.333333333334,13665.416666666666,13377.25,13323.583333333334,13947.833333333334,14965.083333333334,16205.75,17815.333333333332,19230.166666666668,20639.25,22130.916666666668,23362.25,2597.5,2354.5,2087.75,1928.1666666666667,1971.5833333333333,1948.5833333333333,1974.25,2245.0833333333335,2526.9166666666665,2553.9166666666665,2755.4166666666665,2904.0,2965.6666666666665,2910.4166666666665,3063.1666666666665,3155.8333333333335,3219.8333333333335,3273.3333333333335,3410.75,3530.9166666666665,3493.0833333333335,3302.6666666666665,3005.4166666666665,2711.75,59.666666666666664,37.166666666666664,27.5,19.333333333333332,16.166666666666668,30.916666666666668,45.25,53.416666666666664,113.75,150.83333333333334,194.83333333333334,237.25,366.3333333333333,257.6666666666667,248.58333333333334,254.83333333333334,276.75,302.5,340.3333333333333,301.6666666666667,255.58333333333334,202.91666666666666,152.16666666666666,90.75,1330215.0,871686.25,627822.25,496659.9166666667,266774.8333333333,554003.0833333334,760774.4166666666,742554.0,1588955.5,3828976.1666666665,6166709.666666667,7394574.083333333,9318880.666666666,6277061.083333333,6696701.333333333,6961814.416666667,7986638.75,8181454.916666667,7210604.916666667,7035662.083333333,5999272.333333333,4431049.916666667,3466925.25,1920603.75,217.25,5547192.916666667,1408.5,118678355.25,162.75,43916546.416666664,461.9166666666667,19322794.916666668,10537.416666666666,192330923.16666666,,,,,21349.666666666668,563048197.25,33435.083333333336,411657524.8333333,1403.25,26755414.416666668,4272.25,223454670.0,167.41666666666666,21436240.583333332,333.8333333333333,53864837.166666664,197.75,6954659.166666667,112.75,2461.5,312.75,165.0,3277.1666666666665,540.1666666666666,161.5,2515.6666666666665,420.0833333333333,246.83333333333334,2836.8333333333335,492.9166666666667,226.0,3620.0,422.8333333333333,174.16666666666666,2917.3333333333335,343.6666666666667,100.91666666666667,2019.0833333333333,206.25,187860.66666666666,5505017.916666667,14846748.0,25122637.75,26291224.666666668,20262790.75,7862271.666666667,20.333333333333332,437.9166666666667,757.6666666666666,958.3333333333334,967.0,653.3333333333334,245.08333333333334
2638051000,사하구 괴정1동,618.8333333333334,849.5833333333334,6570.5,5766.166666666667,1282.4166666666667,1253.5,2199.9166666666665,2845.9166666666665,64527416.666666664,90732166.66666667,273.3333333333333,234.66666666666666,208.5,197.0,206.33333333333334,222.66666666666666,254.41666666666666,456.0833333333333,1607.5833333333333,2705.3333333333335,3012.8333333333335,3152.5833333333335,3180.25,3173.3333333333335,3031.5,2779.1666666666665,2584.5,2178.4166666666665,1742.0833333333333,1259.8333333333333,1050.3333333333333,856.25,567.9166666666666,395.4166666666667,15497.0,15874.583333333334,16048.666666666666,16163.5,16272.166666666666,16143.833333333334,15632.5,14446.25,12651.833333333334,10814.25,9749.0,9093.75,8745.416666666666,8567.333333333334,8307.75,8302.75,8718.833333333334,9402.5,10335.416666666666,11383.416666666666,12186.666666666666,13098.5,13963.5,14703.416666666666,1847.6666666666667,1616.0833333333333,1454.1666666666667,1371.5,1458.8333333333333,1473.5,1639.5,1734.5833333333333,2176.6666666666665,2309.8333333333335,2575.4166666666665,2751.3333333333335,3090.1666666666665,3142.4166666666665,3089.9166666666665,3074.3333333333335,3228.4166666666665,3398.4166666666665,3790.5,3949.3333333333335,3670.6666666666665,3268.8333333333335,2670.3333333333335,2171.3333333333335,65.83333333333333,39.583333333333336,25.25,19.5,14.416666666666666,21.583333333333332,37.916666666666664,55.083333333333336,88.5,172.25,249.75,309.5,396.4166666666667,344.4166666666667,338.4166666666667,349.25,369.0,409.0833333333333,451.25,405.0833333333333,350.9166666666667,259.4166666666667,177.16666666666666,101.75,2675821.6666666665,1728503.4166666667,1152777.0,898096.0,510583.3333333333,455536.4166666667,913889.5,1013418.5833333334,1546817.1666666667,4897255.666666667,11030593.75,12171670.5,11153365.833333334,9142782.333333334,9822387.25,10487440.583333334,10845623.0,10698041.0,12475745.583333334,12615334.0,11763292.916666666,8313505.0,5512976.75,3594273.75,375.5833333333333,1672496.0833333333,3005.1666666666665,93399182.83333333,211.66666666666666,60902223.916666664,686.8333333333334,45037012.666666664,5654.166666666667,182998262.0,120.0,6252461.75,,,36977.0,1169577370.1666667,23351.75,242781789.91666666,4865.25,86714463.08333333,7579.75,377011845.0833333,463.1666666666667,72868716.25,386.0,34897152.5,306.8333333333333,12812472.416666666,84.66666666666667,1386.0,343.1666666666667,560.0,1951.3333333333333,411.0,136.66666666666666,1391.0,318.75,191.16666666666666,1642.3333333333333,400.5,247.25,2080.4166666666665,488.1666666666667,181.16666666666666,1970.9166666666667,367.9166666666667,65.41666666666667,1911.8333333333333,203.66666666666666,391586.25,7881650.0,23463034.666666668,43104390.083333336,40288648.083333336,28030371.833333332,12102955.416666666,50.5,427.5,920.25,1286.5,1230.4166666666667,783.1666666666666,345.25
2638052000,사하구 괴정2동,351.5,222.08333333333334,5779.25,5230.166666666667,889.5,831.5,761.6666666666666,1128.4166666666667,24705333.333333332,36033583.333333336,169.41666666666666,145.25,134.0,127.5,127.33333333333333,145.0,174.75,267.75,510.0833333333333,1013.4166666666666,1150.5,1209.5,1199.5833333333333,1226.25,1182.3333333333333,1102.5,970.75,809.0833333333334,589.8333333333334,433.75,369.3333333333333,319.9166666666667,281.3333333333333,254.33333333333334,14008.5,14271.75,14432.833333333334,14524.25,14552.416666666666,14441.25,13967.833333333334,13011.0,11371.416666666666,9636.416666666666,8609.083333333334,7947.666666666667,7610.416666666667,7412.416666666667,7153.416666666667,7159.75,7561.416666666667,8199.333333333334,9021.916666666666,10143.0,10986.25,11906.75,12787.583333333334,13534.416666666666,1263.6666666666667,1113.75,1051.6666666666667,1017.5833333333334,1012.6666666666666,1052.25,1409.75,1393.8333333333333,1718.75,1751.6666666666667,1962.75,2058.0833333333335,2024.4166666666667,2096.9166666666665,2190.1666666666665,2219.4166666666665,2216.5833333333335,2265.0833333333335,2263.4166666666665,2198.0,1960.5833333333333,1903.0,1632.0833333333333,1605.1666666666667,14.75,10.416666666666666,8.5,7.083333333333333,7.666666666666667,10.75,25.166666666666668,28.416666666666668,57.166666666666664,77.91666666666667,86.5,106.75,138.16666666666666,135.16666666666666,123.25,126.5,135.66666666666666,160.0,174.16666666666666,158.08333333333334,124.33333333333333,96.0,60.833333333333336,27.833333333333332,233570.33333333334,152930.75,82832.33333333333,85613.33333333333,61322.333333333336,117012.83333333333,326308.9166666667,357090.0,831807.25,2627243.5,4957960.666666667,5526868.833333333,4407957.583333333,5067280.166666667,5108117.0,5642601.75,5721751.916666667,4486048.833333333,4703670.25,4019853.75,3021044.0,2045172.9166666667,988130.1666666666,383591.1666666667,37.166666666666664,15495041.583333334,567.9166666666666,17588290.416666668,119.58333333333333,31101913.666666668,176.75,5402340.5,1481.5,95167115.0,,,,,10129.583333333334,203777796.5,19007.583333333332,301671321.8333333,847.3333333333334,21983124.25,531.4166666666666,181709867.83333334,117.58333333333333,16466756.0,273.5833333333333,67215630.75,268.25,10777456.5,82.75,1194.9166666666667,250.16666666666666,97.83333333333333,1780.0833333333333,259.8333333333333,62.833333333333336,1336.6666666666667,220.5,91.08333333333333,1518.0833333333333,251.08333333333334,105.0,1801.5,306.3333333333333,79.0,1855.9166666666667,245.75,52.833333333333336,1519.6666666666667,184.58333333333334,93323.91666666667,2439966.5833333335,8755375.25,14140706.5,17590058.75,11550985.166666666,6188364.333333333,13.5,156.58333333333334,355.25,474.25,501.25,267.0,122.83333333333333
2638053000,사하구 괴정3동,731.0833333333334,380.8333333333333,5836.833333333333,4954.333333333333,1615.3333333333333,1434.25,2780.4166666666665,2682.5,97713250.0,82696833.33333333,231.33333333333334,193.91666666666666,173.0,159.25,155.33333333333334,166.83333333333334,213.08333333333334,332.75,648.5833333333334,1597.5833333333333,2134.5833333333335,2368.5833333333335,2411.0,2410.8333333333335,2422.9166666666665,2305.5,2172.5,1937.4166666666667,1507.0833333333333,1081.4166666666667,822.8333333333334,624.1666666666666,428.8333333333333,313.75,13549.083333333334,13878.833333333334,14047.833333333334,14114.5,14090.166666666666,13943.75,13498.75,12506.0,10883.5,9316.25,8529.083333333334,8011.5,7710.25,7508.5,7371.916666666667,7464.833333333333,7857.833333333333,8400.75,9185.0,10016.583333333334,10680.333333333334,11412.416666666666,12188.0,12860.333333333334,2030.9166666666667,1764.0,1568.5,1392.75,1323.5833333333333,1339.1666666666667,1504.0,1831.9166666666667,2256.25,2499.8333333333335,3156.9166666666665,3697.1666666666665,3993.4166666666665,4141.833333333333,4455.416666666667,4645.916666666667,4572.25,4546.583333333333,4799.666666666667,4683.833333333333,4199.333333333333,3587.75,2924.3333333333335,2356.3333333333335,31.25,23.666666666666668,19.083333333333332,12.0,10.416666666666666,17.25,28.583333333333332,43.5,78.91666666666667,190.08333333333334,301.6666666666667,426.5833333333333,480.6666666666667,429.0833333333333,482.0833333333333,525.25,517.0833333333334,522.5833333333334,475.3333333333333,339.4166666666667,249.0,145.16666666666666,74.08333333333333,47.25,1168713.4166666667,1006888.4166666666,876354.3333333334,393317.8333333333,181090.08333333334,250493.33333333334,791395.75,831893.8333333334,1362036.6666666667,4795338.666666667,9157093.5,14375567.5,14923693.583333334,14904106.333333334,17306076.416666668,19077922.0,18983933.666666668,17580720.5,15363252.0,11688506.583333334,8441184.166666666,4046381.0,1760768.9166666667,1427377.8333333333,816.1666666666666,2530689.0833333335,1604.25,67451894.08333333,121.0,18707254.666666668,580.8333333333334,31498264.25,4507.75,234344529.66666666,59.083333333333336,3515341.6666666665,,,21515.416666666668,496499031.6666667,40134.833333333336,1360378438.0833333,5810.416666666667,148083547.08333334,8482.333333333334,296689041.0,773.6666666666666,110773996.58333333,624.9166666666666,21922217.25,307.3333333333333,14821868.166666666,182.08333333333334,1402.0,428.75,101.16666666666667,1250.6666666666667,499.4166666666667,140.33333333333334,1211.6666666666667,393.3333333333333,181.0,1356.8333333333333,459.1666666666667,244.33333333333334,2061.3333333333335,522.1666666666666,175.0,1874.8333333333333,458.0,85.66666666666667,1631.4166666666667,286.25,235931.83333333334,7428599.666666667,23117755.083333332,41917115.5,47865136.5,44020234.666666664,15835038.833333334,27.5,408.4166666666667,872.0833333333334,1245.0,1382.6666666666667,1052.25,473.5
2638054000,사하구 괴정4동,382.4166666666667,237.75,4682.833333333333,4215.0,1016.5833333333334,962.5,973.3333333333334,1505.4166666666667,24456833.333333332,35864750.0,210.5,158.5,146.08333333333334,142.66666666666666,132.58333333333334,146.25,176.33333333333334,259.6666666666667,472.25,917.4166666666666,1081.3333333333333,1164.5,1186.3333333333333,1227.0833333333333,1222.0,1191.9166666666667,1131.8333333333333,1041.1666666666667,805.0833333333334,584.1666666666666,493.4166666666667,400.4166666666667,345.0833333333333,309.5,11486.833333333334,11798.583333333334,12030.583333333334,12155.0,12160.333333333334,12075.333333333334,11634.833333333334,10656.666666666666,9074.583333333334,7539.166666666667,6738.416666666667,6204.083333333333,5920.583333333333,5751.166666666667,5649.5,5686.916666666667,5989.333333333333,6518.75,7174.0,8018.916666666667,8685.333333333334,9433.25,10257.0,10929.416666666666,1624.0833333333333,1376.6666666666667,1319.25,1280.0833333333333,1271.6666666666667,1328.25,1447.5833333333333,1621.25,1884.0,1851.8333333333333,2062.4166666666665,2134.1666666666665,2237.75,2264.8333333333335,2347.25,2436.25,2496.75,2552.4166666666665,2754.8333333333335,2619.6666666666665,2494.1666666666665,2275.3333333333335,2076.1666666666665,1779.0833333333333,25.833333333333332,15.0,11.166666666666666,7.833333333333333,9.75,22.333333333333332,43.75,53.166666666666664,79.75,129.08333333333334,149.16666666666666,166.25,191.58333333333334,162.33333333333334,163.0,167.58333333333334,186.16666666666666,195.83333333333334,174.75,156.25,135.33333333333334,110.75,75.16666666666667,48.333333333333336,596276.9166666666,346078.8333333333,169957.5,144122.16666666666,182137.08333333334,373876.5,621288.8333333334,685194.6666666666,1206267.0833333333,2562270.25,3635357.1666666665,4579506.333333333,4543642.583333333,4761797.0,5374753.416666667,4939989.416666667,5034013.25,5054966.666666667,4113563.5,3741795.1666666665,3153205.3333333335,2372844.0,1448799.3333333333,864845.1666666666,172.75,14281407.25,1122.25,84820218.5,267.3333333333333,50642696.583333336,340.6666666666667,19598496.083333332,1437.5,78284102.75,38.111111111111114,1457634.2222222222,,,14066.166666666666,225811441.0,13436.166666666666,113755464.16666667,3204.5,44175015.416666664,2188.0833333333335,88327591.0,542.9166666666666,42523310.5,66.0,17816046.583333332,549.0833333333334,20716428.416666668,64.5,1097.4166666666667,233.91666666666666,74.83333333333333,1210.25,417.9166666666667,90.33333333333333,1007.6666666666666,247.0,102.0,1217.1666666666667,303.5833333333333,123.41666666666667,1558.5833333333333,324.9166666666667,113.08333333333333,1651.75,264.5,49.5,1152.5,184.91666666666666,124780.08333333333,2886427.25,11739190.333333334,19153907.833333332,13777304.583333334,9340707.5,3316182.9166666665,15.0,183.66666666666666,542.4166666666666,736.0,561.0833333333334,320.9166666666667,119.33333333333333
2638055000,사하구 당리동,1188.1666666666667,949.5833333333334,11002.833333333334,10082.833333333334,1496.9166666666667,1499.5,3402.5833333333335,4331.833333333333,135055666.66666666,151573166.66666666,548.6666666666666,453.5,411.25,379.5833333333333,357.1666666666667,369.4166666666667,469.6666666666667,870.8333333333334,1668.5,3451.75,3952.5833333333335,4198.25,4221.083333333333,4293.666666666667,4285.583333333333,4055.5833333333335,3886.8333333333335,3510.5833333333335,2908.3333333333335,2073.4166666666665,1731.8333333333333,1437.9166666666667,1198.0,1032.8333333333333,26137.833333333332,26587.25,26842.583333333332,26980.666666666668,26731.916666666668,26627.666666666668,25956.166666666668,24248.416666666668,21237.916666666668,18562.666666666668,16919.416666666668,15850.25,15257.25,14945.666666666666,14652.416666666666,14608.833333333334,15348.5,16547.833333333332,18211.416666666668,20018.0,21342.666666666668,22757.916666666668,24259.75,25495.833333333332,1936.5,1664.1666666666667,1494.25,1353.8333333333333,1320.0,1350.8333333333333,1485.8333333333333,1844.25,2173.0833333333335,2526.1666666666665,2989.5833333333335,3384.8333333333335,3648.1666666666665,3750.5,3800.6666666666665,4071.0833333333335,4216.583333333333,4326.833333333333,4764.416666666667,5130.333333333333,4701.833333333333,4165.75,3482.75,2780.3333333333335,68.83333333333333,41.166666666666664,25.416666666666668,17.0,15.666666666666666,32.083333333333336,49.333333333333336,73.41666666666667,155.41666666666666,367.9166666666667,496.5,592.3333333333334,703.3333333333334,527.5,563.9166666666666,597.0833333333334,615.5,638.0833333333334,613.25,515.9166666666666,411.4166666666667,304.5833333333333,196.75,120.08333333333333,2382899.5833333335,1614480.0833333333,854265.3333333334,505773.6666666667,336579.75,394247.1666666667,558690.3333333334,956241.75,2269948.9166666665,11742462.75,28389180.583333332,31551307.5,24931498.333333332,16138651.416666666,20959700.666666668,23406357.166666668,22094498.916666668,21948302.916666668,21190731.25,18299667.416666668,15487916.583333334,10900518.75,6004854.833333333,3815262.1666666665,386.5833333333333,9858830.333333334,1108.9166666666667,55552372.25,676.9166666666666,237278041.75,1483.3333333333333,92010847.25,10402.25,847053749.25,41.666666666666664,1928462.3333333333,,,49116.583333333336,1323452878.6666667,39848.666666666664,449502518.8333333,4464.166666666667,109588902.08333333,17278.5,1029724620.3333334,785.25,125830017.58333333,1751.1666666666667,34160305.333333336,,,211.83333333333334,2558.5833333333335,393.5,360.8333333333333,3929.6666666666665,521.9166666666666,325.6666666666667,2520.0,406.75,363.3333333333333,2956.3333333333335,439.3333333333333,430.25,3731.3333333333335,530.75,285.6666666666667,3066.0,450.9166666666667,157.16666666666666,2321.1666666666665,251.25,449943.0,14012116.583333334,41358147.166666664,78597963.83333333,74525016.33333333,57728342.0,19958400.583333332,52.25,691.6666666666666,1438.75,1900.0833333333333,1781.8333333333333,1321.1666666666667,545.75
2638056100,사하구 하단1동,763.75,624.0833333333334,8189.0,7633.0,1994.25,2179.9166666666665,3495.6666666666665,4855.916666666667,128538416.66666667,154760916.66666666,256.3333333333333,220.58333333333334,198.91666666666666,186.33333333333334,186.83333333333334,209.58333333333334,286.25,494.6666666666667,992.5833333333334,2387.8333333333335,2871.8333333333335,3017.0,2918.8333333333335,2929.25,2960.3333333333335,2878.8333333333335,2753.0,2421.6666666666665,1788.5,1122.9166666666667,871.5,668.1666666666666,512.9166666666666,400.5,20035.916666666668,20552.333333333332,20853.166666666668,21025.583333333332,21022.333333333332,20861.583333333332,20275.916666666668,18695.5,16141.0,13718.666666666666,12414.166666666666,11557.083333333334,11055.916666666666,10780.25,10492.166666666666,10518.083333333334,11020.5,11858.5,13123.25,14454.833333333334,15506.25,16703.666666666668,18023.0,19100.333333333332,2544.9166666666665,2234.5,2025.6666666666667,1908.25,1924.75,2010.9166666666667,2573.9166666666665,3425.9166666666665,3639.0833333333335,3970.3333333333335,4874.833333333333,5285.5,5596.833333333333,5635.916666666667,5928.5,6017.416666666667,5928.75,6126.333333333333,6293.583333333333,5836.5,5186.833333333333,4616.416666666667,3745.25,3013.1666666666665,89.75,56.666666666666664,37.0,28.25,25.416666666666668,43.0,79.91666666666667,116.91666666666667,187.25,411.3333333333333,546.75,645.25,732.1666666666666,566.5,616.4166666666666,624.3333333333334,638.8333333333334,665.3333333333334,633.5833333333334,533.1666666666666,418.3333333333333,298.4166666666667,222.91666666666666,135.25,1793915.25,1290389.25,745080.0833333334,472025.1666666667,386051.5833333333,466136.5833333333,783610.75,1128870.9166666667,3355323.0,16220126.583333334,29786475.083333332,31857872.583333332,26592092.333333332,16342647.666666666,21565646.5,24151659.833333332,23146266.0,21749727.583333332,18417034.916666668,15884544.166666666,13598733.666666666,6596100.416666667,4474969.5,2512170.0,292.6666666666667,72032005.58333333,3065.0,374477510.1666667,230.5,47440898.583333336,864.3333333333334,47034525.333333336,5056.25,305720490.4166667,36.4,10508094.0,,,50988.5,1059661391.75,41963.0,388673823.5,7132.75,142634045.66666666,18606.0,1335049227.9166667,701.75,77186276.58333333,2692.4166666666665,81777065.5,252.5,7642694.5,190.0,2433.8333333333335,637.25,75.0,2673.75,514.8333333333334,264.5833333333333,1998.4166666666667,674.6666666666666,272.1666666666667,2163.4166666666665,680.3333333333334,262.4166666666667,2819.25,740.5,221.91666666666666,2084.5,600.25,99.08333333333333,1646.25,323.4166666666667,383904.0833333333,17956862.75,52999052.916666664,69665380.08333333,71239550.41666667,54388149.583333336,16673467.333333334,30.333333333333332,923.8333333333334,1894.8333333333333,1899.1666666666667,1863.1666666666667,1292.5,445.5
2638056200,사하구 하단2동,1765.3333333333333,1734.4166666666667,10665.083333333334,10015.166666666666,3116.1666666666665,3523.5,7557.916666666667,9123.166666666666,176013416.66666666,235174416.66666666,866.8333333333334,705.0833333333334,590.25,485.5,450.4166666666667,461.5,597.75,1099.0,2621.4166666666665,5056.583333333333,6449.416666666667,7173.5,7448.333333333333,7637.5,7558.333333333333,7239.25,6739.166666666667,5714.25,4498.083333333333,3213.6666666666665,2693.25,2198.0,1605.25,1168.3333333333333,25130.083333333332,25560.0,25776.75,25899.25,25892.916666666668,25711.333333333332,25062.0,23447.833333333332,20907.333333333332,18469.166666666668,17135.75,16299.333333333334,15857.333333333334,15578.083333333334,15246.583333333334,15134.416666666666,15667.75,16535.25,17881.333333333332,19490.833333333332,20648.416666666668,21898.416666666668,23054.5,24118.25,4812.833333333333,4090.4166666666665,3493.3333333333335,3081.5,2921.25,2877.0833333333335,3307.8333333333335,4308.25,4776.416666666667,5267.666666666667,6462.166666666667,7399.416666666667,8225.833333333334,8649.916666666666,9227.416666666666,9470.833333333334,9353.916666666666,9359.166666666666,10126.916666666666,10452.583333333334,9976.25,8854.25,7210.083333333333,5790.75,315.4166666666667,219.75,154.25,107.58333333333333,75.5,76.66666666666667,184.33333333333334,212.83333333333334,333.5,451.1666666666667,711.5833333333334,953.5,1272.8333333333333,1178.8333333333333,1105.5833333333333,1094.9166666666667,1139.9166666666667,1226.5833333333333,1380.0833333333333,1312.6666666666667,1152.9166666666667,905.9166666666666,655.5,458.0833333333333,10109908.75,7532858.75,5195930.583333333,3414117.6666666665,2426406.5833333335,1577797.0,1918617.5,2368666.75,4571014.5,10163653.416666666,24519596.25,25278507.583333332,28009897.583333332,25560894.666666668,26032388.916666668,27089113.75,26816828.166666668,28956225.833333332,32203213.0,33573198.25,30536356.0,23003170.25,17204238.166666668,13126094.583333334,1060.75,12927673.833333334,12410.583333333334,205152915.25,875.4166666666666,77797431.41666667,1671.0,148320827.08333334,46156.75,766674676.9166666,612.0833333333334,30530447.75,,,104604.08333333333,2849763711.3333335,126977.0,1783409519.9166667,4954.666666666667,174084255.58333334,11323.833333333334,677662427.1666666,2495.0833333333335,164692273.91666666,1260.1666666666667,79342865.25,10.666666666666666,960276.6666666666,1207.0833333333333,4312.666666666667,1765.9166666666667,626.4166666666666,3814.25,814.6666666666666,397.5,2440.0833333333335,1061.4166666666667,420.4166666666667,2626.1666666666665,976.25,467.4166666666667,3017.9166666666665,994.0833333333334,263.0833333333333,2365.4166666666665,670.9166666666666,115.41666666666667,2100.9166666666665,353.6666666666667,3129704.5,55626323.25,82392516.58333333,99301921.5,99006937.58333333,50123271.083333336,21608026.916666668,378.6666666666667,3824.75,3549.1666666666665,3471.0,3559.0,1454.5,441.5
2638057100,사하구 신평1동,1895.1666666666667,2000.0833333333333,6176.25,5874.416666666667,3277.75,3410.6666666666665,1563.5833333333333,3284.1666666666665,61355583.333333336,119602916.66666667,787.0,698.0,596.1666666666666,522.25,426.5,475.0,706.25,2030.5,5243.5,7534.25,7907.666666666667,8046.083333333333,7685.0,7832.083333333333,7809.833333333333,7580.916666666667,7364.333333333333,6154.416666666667,4173.25,2832.5833333333335,2345.1666666666665,1851.6666666666667,1553.5833333333333,1393.0833333333333,15145.916666666666,15597.916666666666,15859.583333333334,16027.0,15799.333333333334,15735.583333333334,15336.25,13909.0,11861.25,10385.583333333334,9511.583333333334,8914.083333333334,8632.666666666666,8470.0,8277.333333333334,8308.75,8728.916666666666,9363.25,10151.75,11106.166666666666,11842.916666666666,12656.75,13465.0,14159.666666666666,5130.666666666667,4708.25,4390.583333333333,4144.416666666667,4105.333333333333,4062.9166666666665,4446.333333333333,5593.25,6756.25,6913.916666666667,7438.0,7706.916666666667,7986.333333333333,7850.916666666667,7958.25,8018.666666666667,8121.333333333333,8208.833333333334,8541.75,8844.5,8512.583333333334,7873.5,7015.916666666667,6234.75,40.083333333333336,40.5,26.666666666666668,24.75,22.416666666666668,41.666666666666664,83.41666666666667,150.41666666666666,173.58333333333334,260.0833333333333,269.5,343.75,454.0,335.75,346.8333333333333,337.75,415.75,369.5833333333333,324.6666666666667,267.4166666666667,215.5,154.91666666666666,91.0,55.833333333333336,1324982.5,1436209.6666666667,1194024.3333333333,1355270.0,1133643.0,1803339.75,2368364.0,2645811.8333333335,7064078.333333333,12630289.5,15457603.166666666,15314855.083333334,13483483.416666666,13275540.0,15017144.833333334,15797088.833333334,14662278.75,11844667.75,9569284.333333334,7902564.916666667,6645241.166666667,5006111.0,2537190.8333333335,1618720.0,229.83333333333334,12119278.916666666,351.0,22919344.916666668,209.0,50570484.083333336,369.4166666666667,18323637.416666668,6829.0,148946499.58333334,,,,,17788.166666666668,330153647.0,33930.333333333336,1049712138.3333334,2884.1666666666665,57443793.666666664,3595.75,165669715.83333334,250.91666666666666,30089449.416666668,2134.75,151769359.83333334,1727.4166666666667,100682006.66666667,354.9166666666667,1220.75,931.75,495.9166666666667,1460.5,1126.3333333333333,717.1666666666666,1292.5833333333333,945.9166666666666,731.75,1602.0,1036.3333333333333,843.3333333333334,1938.3333333333333,1193.5,481.25,2265.6666666666665,901.75,268.5,2267.9166666666665,550.5,153025.08333333334,5279561.666666667,19299161.75,38541792.25,52399723.0,49073081.25,16231422.333333334,23.5,266.8333333333333,874.0,1147.0833333333333,1170.6666666666667,956.75,408.8333333333333
2638057200,사하구 신평2동,837.1666666666666,1328.6666666666667,5910.583333333333,5800.083333333333,1336.0,1848.5,1835.0,4175.333333333333,63683000.0,190508083.33333334,292.0833333333333,255.91666666666666,237.58333333333334,233.75,239.75,266.3333333333333,425.5,1060.3333333333333,2907.75,4302.666666666667,4518.25,4654.083333333333,4584.333333333333,4665.166666666667,4582.25,4398.333333333333,4290.0,3833.3333333333335,2460.4166666666665,1394.5833333333333,936.4166666666666,712.75,538.0,426.5833333333333,14798.416666666666,15126.666666666666,15342.75,15449.75,15467.916666666666,15356.916666666666,14910.333333333334,13775.0,11770.5,10018.75,9074.083333333334,8479.166666666666,8106.083333333333,7951.833333333333,7778.416666666667,7759.416666666667,8142.0,8805.666666666666,9808.5,10881.416666666666,11714.833333333334,12678.25,13579.0,14311.916666666666,1840.3333333333333,1638.75,1517.8333333333333,1466.6666666666667,1522.75,1605.8333333333333,2039.8333333333333,2846.4166666666665,3471.0833333333335,3601.75,3914.75,4126.083333333333,4317.166666666667,4176.0,4308.833333333333,4408.083333333333,4347.416666666667,4605.166666666667,4885.666666666667,4120.583333333333,3629.0833333333335,3201.75,2673.9166666666665,2271.5833333333335,67.66666666666667,42.583333333333336,30.333333333333332,25.583333333333332,30.0,60.25,127.5,176.16666666666666,232.58333333333334,292.0,321.1666666666667,388.0,518.5,396.5,384.8333333333333,384.3333333333333,399.9166666666667,442.5,442.25,400.5833333333333,333.9166666666667,234.08333333333334,167.25,105.33333333333333,3188213.25,2395645.1666666665,1720009.5833333333,1919538.6666666667,2542117.0833333335,4831994.166666667,7549713.583333333,7215532.833333333,8842873.333333334,13858868.75,16241627.083333334,16992576.166666668,17436515.416666668,15827411.083333334,18188756.083333332,18710322.833333332,17790856.416666668,16577885.083333334,17994158.75,14248695.416666666,12003683.0,7989745.833333333,5846737.166666667,4329437.416666667,83.25,3621129.6666666665,3580.4166666666665,160168243.33333334,195.83333333333334,39092449.25,402.6666666666667,15473885.75,4559.083333333333,131513867.75,,,,,35189.25,732076371.8333334,20488.083333333332,175146667.75,2062.25,47244740.75,4110.583333333333,173035215.25,1322.5833333333333,105233778.83333333,1277.6666666666667,203533943.08333334,3899.1666666666665,285465584.25,202.66666666666666,1538.0833333333333,356.8333333333333,148.0,1831.5,419.5833333333333,403.5833333333333,1507.0,534.3333333333334,448.5833333333333,1782.3333333333333,566.25,527.25,2121.4166666666665,644.4166666666666,344.0833333333333,1674.3333333333333,444.9166666666667,89.16666666666667,1253.6666666666667,216.08333333333334,140005.08333333334,9509978.583333334,42026418.583333336,67118434.0,73474130.91666667,49059395.916666664,12879392.583333334,17.5,448.5833333333333,1348.5,1670.0833333333333,1448.9166666666667,833.1666666666666,243.5
2638058000,사하구 장림1동,998.0833333333334,1433.6666666666667,4999.916666666667,5412.75,829.6666666666666,1256.6666666666667,1909.3333333333333,3938.5,53302833.333333336,115207583.33333333,227.25,191.25,175.91666666666666,166.58333333333334,186.25,235.91666666666666,473.4166666666667,1375.4166666666667,3495.5,4811.916666666667,5172.083333333333,5321.083333333333,5269.916666666667,5300.25,5227.0,5121.416666666667,4938.916666666667,4335.833333333333,2658.0833333333335,1436.3333333333333,950.75,674.9166666666666,444.4166666666667,327.0,12809.833333333334,13060.25,13190.25,13251.083333333334,13270.833333333334,13125.333333333334,12711.666666666666,11623.75,10037.833333333334,8878.583333333334,8260.5,7863.333333333333,7672.666666666667,7575.833333333333,7489.333333333333,7547.833333333333,7930.75,8540.666666666666,9294.75,10017.333333333334,10571.833333333334,11205.0,11767.666666666666,12241.583333333334,1292.9166666666667,1109.6666666666667,985.5,891.9166666666666,896.75,903.4166666666666,1106.3333333333333,1568.25,1854.8333333333333,1972.5,2336.4166666666665,2607.1666666666665,2955.5833333333335,2800.1666666666665,2863.75,2922.3333333333335,2872.75,2993.75,3202.75,3109.9166666666665,2849.4166666666665,2468.1666666666665,2003.0833333333333,1627.5833333333333,47.0,29.916666666666668,26.0,18.75,20.166666666666668,42.833333333333336,98.41666666666667,133.83333333333334,179.66666666666666,213.75,276.3333333333333,389.6666666666667,555.0833333333334,411.25,392.0,384.6666666666667,412.3333333333333,474.1666666666667,496.75,427.75,355.8333333333333,242.91666666666666,143.83333333333334,71.83333333333333,1641121.0,1035806.0833333334,811662.3333333334,510636.25,587745.3333333334,627189.1666666666,2056253.0833333333,2659790.1666666665,3454230.1666666665,4941418.333333333,8242207.416666667,11782474.833333334,13793427.75,11777905.333333334,12513112.5,13144639.666666666,13792355.333333334,13395788.583333334,13817555.583333334,13972758.0,11051001.833333334,6848199.333333333,4082575.8333333335,2043046.8333333333,40.416666666666664,19377848.416666668,3562.75,287285070.8333333,492.5833333333333,28752734.75,365.75,20403985.5,8046.416666666667,252447366.58333334,44.583333333333336,34059623.75,,,34118.166666666664,810298064.25,46054.25,1003419843.0833334,2575.0833333333335,63529902.0,2196.4166666666665,57000850.0,256.6666666666667,25082226.0,926.4166666666666,95846158.83333333,906.3333333333334,41637727.083333336,162.58333333333334,1098.8333333333333,225.75,49.916666666666664,2026.5833333333333,232.91666666666666,391.5,1807.3333333333333,348.9166666666667,524.6666666666666,1553.75,387.9166666666667,698.3333333333334,1572.4166666666667,432.5,494.4166666666667,1309.4166666666667,319.8333333333333,107.91666666666667,1042.1666666666667,136.41666666666666,143602.91666666666,7999613.666666667,25995237.583333332,42745265.75,50598159.25,32530283.166666668,8516788.75,16.416666666666668,453.75,1133.3333333333333,1607.5,1436.25,924.9166666666666,275.0
2638059000,사하구 장림2동,1174.75,1123.0833333333333,9986.916666666666,9524.083333333334,1266.6666666666667,1445.3333333333333,3468.6666666666665,5759.25,124572083.33333333,222610666.66666666,364.0833333333333,304.5,282.6666666666667,278.9166666666667,275.5,320.8333333333333,456.0833333333333,1077.5,2840.0833333333335,4540.25,4905.25,5042.416666666667,4926.0,4963.333333333333,4864.666666666667,4666.916666666667,4438.75,3738.3333333333335,2430.75,1489.0,1091.6666666666667,828.5833333333334,666.6666666666666,558.5833333333334,24155.166666666668,24630.5,25008.583333333332,25339.833333333332,25327.5,25175.833333333332,24445.083333333332,22414.166666666668,19036.166666666668,16862.0,15594.0,14740.833333333334,14259.666666666666,13948.833333333334,13684.333333333334,13582.5,14210.0,15128.5,16617.916666666668,18179.833333333332,19471.75,20863.583333333332,22251.75,23360.416666666668,1740.0,1542.8333333333333,1459.6666666666667,1431.5,1426.4166666666667,1507.6666666666667,1788.6666666666667,2287.8333333333335,2661.5833333333335,2868.25,3288.25,3471.0,3608.9166666666665,3431.0833333333335,3542.25,3576.1666666666665,3655.4166666666665,3676.0833333333335,3817.5833333333335,3596.8333333333335,3337.25,2954.25,2484.8333333333335,2139.0,59.666666666666664,41.833333333333336,31.25,29.166666666666668,28.666666666666668,54.666666666666664,121.75,180.08333333333334,269.3333333333333,469.25,593.9166666666666,691.6666666666666,731.1666666666666,548.0833333333334,625.5,674.6666666666666,750.6666666666666,799.0833333333334,737.3333333333334,574.6666666666666,478.25,352.9166666666667,264.0833333333333,117.75,1653229.6666666667,1232131.0833333333,906657.3333333334,1061053.9166666667,911943.75,1888647.6666666667,3585829.5,4733652.416666667,8146040.333333333,20451322.083333332,27412520.833333332,30226100.583333332,26602254.5,23105639.583333332,25903346.75,29832092.583333332,30715679.166666668,30553724.916666668,24639989.0,18751113.166666668,14676908.083333334,10349034.666666666,6550815.416666667,3308116.0,207.75,69014161.33333333,1157.3333333333333,108349335.16666667,257.4166666666667,58018004.75,1204.3333333333333,56036377.25,9257.583333333334,278405287.5833333,54.916666666666664,11151178.25,37.583333333333336,2535067.5833333335,29466.0,637919852.1666666,58667.75,1272403209.25,3015.8333333333335,108131809.75,15714.666666666666,634474158.6666666,1328.5833333333333,159433400.58333334,1716.0,320889603.1666667,3537.75,177353187.08333334,180.75,2257.3333333333335,302.6666666666667,197.25,3935.8333333333335,365.25,369.1666666666667,2797.75,483.4166666666667,454.0833333333333,2936.5,472.1666666666667,563.0833333333334,3292.5,503.8333333333333,400.3333333333333,2549.8333333333335,376.0,130.5,1738.75,206.0,254401.41666666666,13354225.0,52318072.75,86188610.25,97809395.41666667,73801638.75,23461509.916666668,37.583333333333336,620.8333333333334,1814.1666666666667,2309.0,2211.75,1635.5,597.0
2638060100,사하구 다대1동,1089.0833333333333,1814.8333333333333,17606.333333333332,16959.666666666668,1564.4166666666667,1836.5833333333333,4221.333333333333,6019.0,105969666.66666667,152223750.0,356.4166666666667,311.8333333333333,286.1666666666667,275.3333333333333,281.9166666666667,330.8333333333333,519.0833333333334,1437.6666666666667,3973.75,5761.166666666667,6154.916666666667,6325.416666666667,6300.5,6315.833333333333,6156.75,6001.916666666667,5738.666666666667,4931.333333333333,3232.25,2006.9166666666667,1459.5833333333333,927.8333333333334,649.5,468.5,40912.416666666664,41403.916666666664,41679.083333333336,41824.25,41768.5,41528.916666666664,40627.5,38558.0,34720.666666666664,31499.25,29444.25,28019.833333333332,27177.0,26680.833333333332,26310.583333333332,26198.166666666668,27251.833333333332,28721.25,30928.333333333332,33428.166666666664,35225.666666666664,36990.25,38700.166666666664,40090.833333333336,2014.8333333333333,1801.9166666666667,1689.3333333333333,1642.3333333333333,1622.5833333333333,1709.8333333333333,1875.0,2252.0833333333335,2672.3333333333335,3073.0,3689.25,4212.083333333333,4716.25,4994.75,5320.916666666667,5326.333333333333,5100.75,4869.5,4927.333333333333,4996.0,4627.083333333333,3747.9166666666665,2885.3333333333335,2322.5833333333335,90.58333333333333,48.5,32.416666666666664,20.833333333333332,20.583333333333332,40.0,106.75,167.0,210.5,394.5833333333333,516.3333333333334,652.4166666666666,822.1666666666666,712.4166666666666,741.6666666666666,755.3333333333334,815.5833333333334,891.75,874.1666666666666,773.1666666666666,642.9166666666666,469.4166666666667,280.5833333333333,169.41666666666666,2020466.5833333333,1218159.8333333333,840812.3333333334,471421.75,806911.75,1166726.9166666667,1746158.75,2222636.5833333335,4114354.3333333335,9698671.5,16201906.666666666,18081799.333333332,21007513.666666668,19612038.5,18784180.5,18987566.083333332,19899632.083333332,21143148.833333332,21906478.25,20961524.0,16863948.083333332,11040518.0,6018970.833333333,3458253.75,157.08333333333334,15399590.583333334,1802.5833333333333,160288142.66666666,361.4166666666667,102654004.58333333,1489.8333333333333,53094569.5,8552.25,236791939.91666666,169.0,9508662.666666666,,,68071.66666666667,1678959643.0833333,57118.5,691146270.5833334,6745.0,318952977.5833333,12190.833333333334,394861227.25,626.8333333333334,83178540.75,8497.083333333334,120634205.75,499.75,21584353.916666668,245.41666666666666,3657.75,441.25,200.58333333333334,7536.416666666667,427.5,537.3333333333334,4468.666666666667,487.8333333333333,637.6666666666666,5442.666666666667,551.75,705.75,5535.0,635.9166666666666,446.75,4243.25,543.3333333333334,127.5,3680.0833333333335,311.1666666666667,549868.6666666666,13466255.333333334,36573820.833333336,65989893.916666664,78876833.41666667,45832545.25,16905528.666666668,73.16666666666667,923.4166666666666,1899.0833333333333,2682.5833333333335,2676.3333333333335,1468.0,515.0833333333334
2638060200,사하구 다대2동,546.5833333333334,684.0833333333334,12252.0,11178.25,1022.5,1232.75,1857.3333333333333,2720.0833333333335,50397916.666666664,69315750.0,166.83333333333334,139.5,124.91666666666667,117.58333333333333,121.16666666666667,136.83333333333334,232.0,667.9166666666666,1490.1666666666667,2248.8333333333335,2526.5833333333335,2668.75,2715.5,2755.6666666666665,2724.3333333333335,2547.25,2410.1666666666665,2056.0,1422.8333333333333,861.5833333333334,640.25,478.6666666666667,322.9166666666667,217.66666666666666,28450.833333333332,28844.0,29047.333333333332,29161.083333333332,29164.25,28929.916666666668,28123.166666666668,26419.333333333332,23265.833333333332,20530.333333333332,18988.0,17985.583333333332,17460.333333333332,17226.0,17036.333333333332,16965.0,17763.666666666668,19090.25,20899.583333333332,22864.416666666668,24219.666666666668,25483.0,26738.333333333332,27756.083333333332,1512.25,1337.6666666666667,1242.9166666666667,1184.25,1198.9166666666667,1204.4166666666667,1256.5,1454.1666666666667,1687.6666666666667,1913.75,2249.25,2506.5833333333335,3004.4166666666665,2950.5833333333335,3077.9166666666665,3082.4166666666665,2989.3333333333335,3132.75,3500.5,3663.5,3405.6666666666665,2839.5,2242.4166666666665,1743.5833333333333,48.75,28.666666666666668,19.0,15.0,12.583333333333334,21.833333333333332,38.75,53.916666666666664,85.41666666666667,136.5,200.16666666666666,266.0833333333333,401.4166666666667,331.1666666666667,318.0,302.3333333333333,326.5833333333333,372.5833333333333,421.25,399.6666666666667,341.5,227.08333333333334,135.91666666666666,81.58333333333333,1074643.9166666667,603664.5833333334,346148.0,230981.91666666666,197071.66666666666,344039.0,439592.0833333333,539671.9166666666,992600.6666666666,2478843.25,4931074.25,6909065.416666667,9634719.75,8466645.666666666,8069811.833333333,7724086.166666667,8525387.166666666,9597917.666666666,12166501.833333334,13133059.083333334,11214261.25,6720850.25,3371512.1666666665,2125193.3333333335,40.833333333333336,7958566.583333333,409.9166666666667,79870451.16666667,415.25,65552558.666666664,754.0,31989165.75,12012.166666666666,404085686.25,,,,,38366.916666666664,1055693914.3333334,25235.166666666668,282785188.0833333,2268.25,54633016.75,4991.5,141630040.58333334,382.9166666666667,82794292.58333333,164.0,3288948.8333333335,,,101.25,2644.9166666666665,315.0833333333333,120.41666666666667,4494.666666666667,398.0,151.0,2569.5,339.3333333333333,253.16666666666666,3590.5,364.3333333333333,318.8333333333333,4085.0,399.75,221.75,3251.0833333333335,294.0,62.0,2792.0,142.41666666666666,235138.91666666666,6466296.416666667,18254114.166666668,33220055.166666668,35091211.083333336,20355642.833333332,6096029.25,33.75,405.0833333333333,790.3333333333334,1212.5,1264.0,667.3333333333334,202.91666666666666
2638061000,사하구 구평동,569.3333333333334,1827.4166666666667,2824.75,2704.0833333333335,764.1666666666666,1300.5833333333333,704.9166666666666,1668.5,25892833.333333332,67916250.0,198.0,163.08333333333334,147.5,144.16666666666666,146.5,180.16666666666666,354.8333333333333,1430.5,4298.083333333333,5402.666666666667,5570.166666666667,5628.0,5344.916666666667,5520.25,5399.083333333333,4945.166666666667,4722.416666666667,3668.6666666666665,1932.8333333333333,937.0,638.1666666666666,482.5833333333333,321.3333333333333,239.83333333333334,7018.083333333333,7166.583333333333,7251.416666666667,7294.583333333333,7306.0,7233.083333333333,6960.0,6450.75,5562.583333333333,4821.25,4375.0,4055.75,3864.8333333333335,3792.5,3692.75,3683.5833333333335,3874.4166666666665,4170.833333333333,4593.0,5063.083333333333,5476.583333333333,5935.583333333333,6373.833333333333,6742.583333333333,1315.5833333333333,1204.0,1132.4166666666667,1108.0833333333333,1145.25,1188.75,1401.6666666666667,1960.6666666666667,2650.5833333333335,2714.6666666666665,2935.25,2966.8333333333335,2837.5,2855.0833333333335,2935.6666666666665,2852.3333333333335,2701.1666666666665,2508.4166666666665,2310.0833333333335,2096.25,1980.75,1861.5833333333333,1634.0833333333333,1443.5,21.083333333333332,14.166666666666666,10.583333333333334,10.166666666666666,12.25,39.25,70.91666666666667,96.08333333333333,98.16666666666667,105.25,115.41666666666667,166.83333333333334,209.75,135.91666666666666,131.91666666666666,146.83333333333334,167.25,189.66666666666666,181.5,138.41666666666666,120.16666666666667,91.5,61.583333333333336,36.166666666666664,304057.1666666667,207776.91666666666,162258.0,196243.25,274471.3333333333,3246657.25,2649218.5,2851110.0833333335,3926440.1666666665,5162068.916666667,5392054.583333333,7504326.916666667,6875550.666666667,6707684.416666667,7973745.833333333,9262028.0,8377560.25,7380303.333333333,5545437.583333333,3848583.4166666665,2816585.1666666665,1861149.4166666667,1001978.8333333334,463862.0833333333,198.83333333333334,73216314.33333333,860.6666666666666,104497444.33333333,232.58333333333334,31841746.083333332,234.5,8496171.166666666,2463.0,55561121.5,,,,,9892.666666666666,139646117.41666666,20430.5,227532378.83333334,1718.75,38510473.083333336,682.0833333333334,28754862.166666668,167.91666666666666,40354646.5,267.8333333333333,101488193.16666667,529.4166666666666,73137354.33333333,132.0,556.0833333333334,188.25,274.0833333333333,926.8333333333334,253.66666666666666,341.1666666666667,745.3333333333334,331.5,530.3333333333334,935.25,397.6666666666667,608.6666666666666,893.0,427.0833333333333,425.0,854.3333333333334,328.25,83.08333333333333,615.4166666666666,135.58333333333334,64846.666666666664,2878191.9166666665,14206448.416666666,24025942.5,28203403.416666668,19788115.25,4651008.5,14.583333333333334,140.08333333333334,585.8333333333334,746.1666666666666,539.1666666666666,288.75,58.583333333333336
2638062000,사하구 감천1동,743.0833333333334,1018.8333333333334,8704.25,7950.583333333333,928.9166666666666,1219.4166666666667,1204.9166666666667,2764.5,39719166.666666664,92522416.66666667,272.0,234.75,218.16666666666666,210.41666666666666,206.91666666666666,221.91666666666666,375.8333333333333,814.5,2465.25,3716.75,3929.75,4023.1666666666665,3877.5833333333335,3922.8333333333335,3813.8333333333335,3481.9166666666665,3216.0833333333335,2613.5,1618.8333333333333,974.4166666666666,769.9166666666666,610.8333333333334,495.25,361.1666666666667,20388.166666666668,20695.25,20872.583333333332,20974.333333333332,20977.916666666668,20783.333333333332,20126.416666666668,18888.5,16707.083333333332,14706.666666666666,13607.333333333334,12857.583333333334,12451.416666666666,12215.583333333334,11938.25,12008.916666666666,12572.5,13391.25,14521.833333333334,15804.0,16793.583333333332,17823.0,18864.0,19775.0,1199.5,1084.6666666666667,1020.1666666666666,975.75,970.9166666666666,1006.9166666666666,1292.75,1852.6666666666667,2351.0833333333335,2496.6666666666665,2783.0,2984.6666666666665,3057.9166666666665,2913.6666666666665,3017.25,3030.25,2929.5833333333335,2975.9166666666665,3023.4166666666665,2719.6666666666665,2478.6666666666665,2208.5833333333335,1827.5,1484.1666666666667,26.666666666666668,23.333333333333332,21.083333333333332,17.083333333333332,16.333333333333332,37.75,77.25,130.33333333333334,152.66666666666666,191.83333333333334,227.0,280.5,362.25,268.3333333333333,257.8333333333333,282.75,296.25,308.25,302.0833333333333,233.33333333333334,189.16666666666666,135.5,87.0,42.583333333333336,723965.0,679559.0833333334,620875.5833333334,456177.6666666667,425938.5,1224156.4166666667,2330631.6666666665,3481600.4166666665,4378890.333333333,6577281.0,9922334.5,10216713.083333334,10925549.25,8597681.833333334,9326526.416666666,9693057.666666666,9956200.833333334,10688298.666666666,9756883.416666666,8109245.666666667,6328100.0,4092062.0,2578833.8333333335,1239526.1666666667,114.25,18035588.583333332,1198.1666666666667,41230219.916666664,237.83333333333334,44533666.166666664,327.0,12453877.666666666,2048.3333333333335,109103259.83333333,43.166666666666664,5205303.5,,,19305.25,427264672.1666667,18543.166666666668,205771536.66666666,1227.75,45825146.333333336,3544.1666666666665,148201280.33333334,146.16666666666666,21239441.25,491.75,93589250.0,2488.8333333333335,110664452.41666667,115.25,1943.25,205.16666666666666,418.75,2674.8333333333335,266.5,263.8333333333333,1700.9166666666667,272.5833333333333,290.4166666666667,2273.75,364.6666666666667,367.6666666666667,3032.9166666666665,478.6666666666667,219.08333333333334,2630.3333333333335,355.25,84.58333333333333,2395.8333333333335,203.0,215449.33333333334,3658523.3333333335,15243855.0,28394699.083333332,36889651.25,33346292.5,14511582.0,37.666666666666664,212.33333333333334,543.0,885.0833333333334,1031.75,857.3333333333334,402.25
2638063000,사하구 감천2동,122.41666666666667,71.16666666666667,2928.0833333333335,2832.0,267.75,287.5833333333333,473.5,583.0,6478333.333333333,6655333.333333333,37.916666666666664,35.333333333333336,35.416666666666664,36.166666666666664,37.166666666666664,42.583333333333336,56.583333333333336,79.0,132.58333333333334,315.4166666666667,383.25,425.3333333333333,435.9166666666667,430.25,423.5833333333333,413.8333333333333,401.1666666666667,348.3333333333333,247.16666666666666,135.5,100.66666666666667,78.08333333333333,62.833333333333336,54.083333333333336,7104.166666666667,7229.75,7293.833333333333,7348.5,7384.25,7301.25,7033.583333333333,6454.416666666667,5726.25,5091.0,4712.083333333333,4470.666666666667,4349.75,4269.75,4166.5,4194.25,4380.083333333333,4639.083333333333,5023.416666666667,5362.666666666667,5691.25,6001.5,6379.916666666667,6659.166666666667,384.25,360.9166666666667,347.75,343.5,360.25,359.0833333333333,374.3333333333333,409.75,453.3333333333333,542.6666666666666,705.75,817.4166666666666,827.5,839.25,884.8333333333334,894.9166666666666,857.25,746.75,650.3333333333334,551.0,486.0,442.8333333333333,406.5,375.8333333333333,7.083333333333333,6.25,6.0,6.916666666666667,6.333333333333333,8.083333333333334,8.916666666666666,12.333333333333334,15.916666666666666,35.333333333333336,67.08333333333333,94.66666666666667,111.5,110.0,115.91666666666667,117.83333333333333,107.08333333333333,86.41666666666667,62.666666666666664,37.416666666666664,24.833333333333332,19.25,10.916666666666666,9.166666666666666,76821.75,89304.0,81863.41666666667,65136.333333333336,54425.666666666664,108567.66666666667,102313.41666666667,124369.66666666667,208529.75,472776.1666666667,852353.9166666666,1215214.8333333333,1407284.0833333333,1283385.0,1314506.75,1358790.1666666667,1366498.0,1092869.6666666667,871172.0,545019.9166666666,365509.3333333333,262667.9166666667,140990.25,105032.41666666667,41.416666666666664,6390174.333333333,271.0,12265517.416666666,98.33333333333333,920148.5833333334,104.16666666666667,2851334.1666666665,3567.5,42836265.5,,,,,3358.3333333333335,42694654.0,7403.083333333333,95128407.75,1028.5,14718661.666666666,372.5,8665013.0,1290.4166666666667,18886784.5,1355.8333333333333,1357966.4166666667,,,15.166666666666666,546.0,57.666666666666664,4.583333333333333,460.75,74.41666666666667,21.666666666666668,545.3333333333334,56.75,39.333333333333336,801.25,76.75,49.25,1038.75,112.08333333333333,38.666666666666664,1138.0833333333333,96.5,22.416666666666668,1227.5,78.66666666666667,186480.75,1200534.25,1989407.5,2884902.5833333335,3412876.25,2478005.75,1050441.3333333333,24.916666666666668,137.58333333333334,203.75,250.91666666666666,241.83333333333334,148.08333333333334,56.333333333333336
2641051000,금정구 서1동,195.16666666666666,127.25,2673.9166666666665,2573.25,325.9166666666667,317.9166666666667,97.08333333333333,130.66666666666666,2213250.0,2906833.3333333335,54.166666666666664,49.0,46.25,44.583333333333336,40.916666666666664,45.0,56.333333333333336,137.5,368.25,586.25,662.5833333333334,677.9166666666666,674.9166666666666,665.75,653.3333333333334,626.8333333333334,578.6666666666666,483.4166666666667,336.75,222.83333333333334,195.91666666666666,184.0,175.08333333333334,171.75,6555.5,6692.666666666667,6763.166666666667,6815.5,6751.083333333333,6666.0,6396.5,5992.583333333333,5289.666666666667,4630.833333333333,4218.0,3943.0833333333335,3789.9166666666665,3723.4166666666665,3599.9166666666665,3610.25,3767.75,4049.5,4407.583333333333,4846.75,5242.25,5691.416666666667,6098.166666666667,6406.0,374.4166666666667,357.8333333333333,343.1666666666667,340.3333333333333,317.5833333333333,349.1666666666667,377.8333333333333,493.4166666666667,732.6666666666666,809.5833333333334,861.0,887.75,891.1666666666666,884.25,886.3333333333334,854.8333333333334,830.8333333333334,741.5833333333334,769.4166666666666,744.6666666666666,726.0833333333334,684.8333333333334,612.4166666666666,582.9166666666666,6.0,6.083333333333333,5.5,5.416666666666667,5.454545454545454,5.916666666666667,5.916666666666667,6.583333333333333,7.916666666666667,10.916666666666666,13.916666666666666,14.833333333333334,16.583333333333332,15.416666666666666,17.25,17.75,18.083333333333332,19.416666666666668,20.5,18.75,13.916666666666666,14.5,8.916666666666666,6.916666666666667,139200.75,184483.75,125469.91666666667,62479.833333333336,36326.27272727273,81843.5,66018.08333333333,42043.833333333336,118623.0,288050.5833333333,345475.4166666667,336327.3333333333,373078.0833333333,323237.8333333333,434134.0833333333,454324.25,392772.0833333333,491743.0,487508.3333333333,414182.3333333333,475109.1666666667,285622.5833333333,166567.66666666666,133869.33333333334,36.4,7742593.3,156.33333333333334,13911514.916666666,85.4,6943021.8,71.25,1363908.75,251.5,137253051.41666666,,,,,1110.25,23548243.916666668,1837.9166666666667,21369606.083333332,346.1666666666667,9531544.25,292.3333333333333,4598441.5,142.58333333333334,16132569.083333334,70.5,3975583.0,,,25.0,589.8333333333334,55.166666666666664,45.333333333333336,467.0,129.91666666666666,30.833333333333332,510.0,56.166666666666664,39.166666666666664,715.8333333333334,82.41666666666667,62.083333333333336,1050.3333333333333,123.83333333333333,72.66666666666667,1030.5,107.33333333333333,44.75,881.1666666666666,86.5,26395.81818181818,155225.16666666666,547806.3333333334,1261618.9166666667,1120493.4166666667,1434362.1666666667,623507.5833333334,5.636363636363637,16.083333333333332,27.25,58.0,56.833333333333336,44.583333333333336,23.75
2641052000,금정구 서2동,473.1666666666667,338.3333333333333,3993.5833333333335,3759.0833333333335,908.8333333333334,878.0833333333334,836.0833333333334,1202.75,36172166.666666664,48626833.333333336,173.16666666666666,146.91666666666666,134.16666666666666,127.75,131.08333333333334,144.08333333333334,180.83333333333334,339.0,647.9166666666666,1310.8333333333333,1537.0833333333333,1643.75,1661.4166666666667,1651.4166666666667,1646.3333333333333,1596.25,1527.4166666666667,1397.5,1137.5833333333333,720.75,540.8333333333334,437.1666666666667,354.75,293.6666666666667,9628.666666666666,9838.75,9946.0,10000.083333333334,10015.416666666666,9890.5,9487.25,8826.833333333334,7721.666666666667,6744.583333333333,6244.916666666667,5899.75,5727.666666666667,5614.083333333333,5494.333333333333,5513.333333333333,5721.583333333333,6059.75,6542.416666666667,7179.166666666667,7721.333333333333,8234.0,8795.75,9230.583333333334,1294.8333333333333,1113.5,986.8333333333334,904.0,903.9166666666666,948.0,1004.9166666666666,1175.25,1425.0,1631.0,1959.0833333333333,2126.0833333333335,2233.6666666666665,2210.5833333333335,2323.25,2394.4166666666665,2429.4166666666665,2457.75,2760.4166666666665,2630.8333333333335,2437.25,2165.75,1841.5,1533.1666666666667,26.916666666666668,18.666666666666668,14.25,11.5,10.666666666666666,13.166666666666666,23.083333333333332,24.666666666666668,45.583333333333336,113.91666666666667,146.33333333333334,165.25,166.41666666666666,132.5,152.0,160.91666666666666,159.83333333333334,162.25,141.66666666666666,120.5,87.58333333333333,65.83333333333333,44.083333333333336,34.083333333333336,1175130.0,827448.25,576953.9166666666,557411.75,474252.9166666667,526289.5833333334,513691.3333333333,568869.4166666666,827004.5833333334,4690195.916666667,7050990.25,7894274.0,6677838.666666667,6201169.666666667,6629860.666666667,7672125.666666667,6937572.333333333,6734199.75,5641474.25,4719706.083333333,3280634.3333333335,2233000.5833333335,1606931.25,1255039.9166666667,44.083333333333336,15696499.25,787.9166666666666,67076616.916666664,36.0,21075732.42857143,488.9166666666667,23805069.083333332,8193.416666666666,876874674.4166666,52.333333333333336,2833209.0,,,8643.083333333334,296717452.25,9656.25,104372109.0,931.1666666666666,19978362.333333332,5910.916666666667,257791828.41666666,276.5,45830221.333333336,312.6666666666667,34970367.75,82.33333333333333,3634357.3333333335,87.58333333333333,967.1666666666666,233.16666666666666,34.916666666666664,751.6666666666666,160.33333333333334,103.75,821.75,190.41666666666666,133.5,1050.5,225.25,195.91666666666666,1681.6666666666667,382.9166666666667,163.58333333333334,1427.75,361.8333333333333,89.58333333333333,1049.6666666666667,230.25,104557.33333333333,3438695.3333333335,10092257.833333334,14215097.833333334,22666952.583333332,24862328.5,9476136.25,8.75,158.25,364.5,409.9166666666667,459.0,434.6666666666667,206.33333333333334
2641053000,금정구 서3동,687.25,538.9166666666666,4630.0,4369.833333333333,1006.0833333333334,1040.25,1470.25,1904.8333333333333,36566166.666666664,43999083.333333336,244.75,211.58333333333334,200.33333333333334,194.83333333333334,187.41666666666666,209.08333333333334,280.8333333333333,493.5833333333333,1298.4166666666667,2206.0,2466.6666666666665,2570.0,2590.5,2566.5833333333335,2567.75,2430.1666666666665,2305.75,2004.3333333333333,1425.9166666666667,941.0833333333334,712.5833333333334,553.8333333333334,435.5,364.5,11041.666666666666,11238.666666666666,11353.666666666666,11416.75,11374.25,11278.333333333334,10876.166666666666,10180.5,9010.75,7885.583333333333,7240.75,6871.75,6698.166666666667,6591.666666666667,6467.5,6487.583333333333,6824.5,7282.75,7880.25,8525.916666666666,9072.833333333334,9601.916666666666,10184.25,10625.5,1538.3333333333333,1395.6666666666667,1302.4166666666667,1236.75,1203.0,1232.6666666666667,1332.25,1452.25,1743.8333333333333,1945.8333333333333,2239.4166666666665,2437.4166666666665,2644.8333333333335,2628.8333333333335,2647.0833333333335,2624.75,2656.4166666666665,2680.75,2902.3333333333335,2876.6666666666665,2610.6666666666665,2240.6666666666665,1906.6666666666667,1664.0,36.416666666666664,27.25,21.166666666666668,15.75,13.083333333333334,16.416666666666668,28.416666666666668,29.25,67.41666666666667,131.16666666666666,186.91666666666666,236.08333333333334,295.9166666666667,251.08333333333334,245.16666666666666,248.75,257.5,284.1666666666667,289.5833333333333,232.75,182.0,132.16666666666666,91.75,58.5,1361073.8333333333,1163209.25,790174.6666666666,626978.1666666666,402833.8333333333,264070.8333333333,353853.75,385412.5,814972.9166666666,2575412.9166666665,4496517.583333333,5425109.916666667,6516324.75,5897291.583333333,5680307.166666667,5875284.333333333,5983215.75,6078628.5,6370606.666666667,6164768.5,5004588.0,3674868.8333333335,2699418.75,2128720.8333333335,108.58333333333333,1106504.9166666667,359.3333333333333,31757799.333333332,75.75,18968928.416666668,587.0833333333334,35170385.083333336,7432.416666666667,210832396.91666666,136.41666666666666,6750306.25,,,19704.333333333332,591162389.8333334,17947.166666666668,194312524.16666666,4769.5,106340078.91666667,4502.916666666667,106266148.41666667,1146.0,91034995.58333333,1212.3333333333333,10424366.666666666,,,81.58333333333333,964.1666666666666,246.5,219.08333333333334,948.0,192.58333333333334,116.33333333333333,793.9166666666666,224.41666666666666,187.0,1087.0833333333333,309.3333333333333,280.0,1824.0833333333333,455.1666666666667,249.75,1730.0833333333333,399.3333333333333,89.66666666666667,1649.75,216.33333333333334,116399.83333333333,3663589.75,10441789.5,17491176.833333332,21667114.833333332,20031438.25,7183013.333333333,11.75,258.0833333333333,570.6666666666666,726.6666666666666,856.8333333333334,675.5833333333334,276.5
2641055500,금정구 금사회동동,1172.4166666666667,1708.5,3429.0833333333335,3713.75,857.75,1380.0833333333333,1007.6666666666666,2937.0,49812916.666666664,117268416.66666667,216.33333333333334,195.91666666666666,182.41666666666666,175.58333333333334,195.33333333333334,233.16666666666666,429.5,1152.5,3797.3333333333335,6100.5,6463.333333333333,6587.166666666667,6466.416666666667,6441.583333333333,6399.333333333333,6289.75,6079.75,5485.0,3169.8333333333335,1412.8333333333333,865.0,487.25,332.5833333333333,252.83333333333334,8629.0,8790.5,8899.083333333334,8963.416666666666,8998.0,8935.5,8667.583333333334,8188.166666666667,7272.166666666667,6347.333333333333,5874.083333333333,5583.333333333333,5440.833333333333,5351.916666666667,5252.416666666667,5303.416666666667,5520.0,5863.333333333333,6272.5,6680.0,7052.666666666667,7498.5,7928.416666666667,8281.75,889.8333333333334,747.4166666666666,658.0833333333334,633.9166666666666,672.25,811.5833333333334,1248.8333333333333,1876.25,2734.25,2857.3333333333335,3278.5,3498.6666666666665,3490.25,3502.5,3587.5,3600.5,3606.1666666666665,3851.9166666666665,3539.0833333333335,2748.6666666666665,2109.4166666666665,1661.75,1359.1666666666667,1031.25,29.25,23.583333333333332,27.0,23.916666666666668,25.083333333333332,52.166666666666664,104.66666666666667,160.75,209.41666666666666,216.25,246.5,310.0,431.5833333333333,308.0,267.6666666666667,260.75,250.25,244.58333333333334,216.33333333333334,179.75,134.66666666666666,102.5,72.66666666666667,41.5,696272.4166666666,605743.8333333334,748094.25,696924.4166666666,688865.9166666666,1788213.1666666667,3370695.8333333335,4584328.5,5774761.666666667,9754827.416666666,13700117.75,15340280.416666666,15506140.416666666,15320584.333333334,14736518.25,14426212.666666666,13682350.0,11242362.666666666,8393171.333333334,6168568.416666667,4027916.5833333335,2932504.0833333335,1939938.0833333333,1001872.0,97.66666666666667,48486355.583333336,5373.75,644058662.25,73.5,23278813.75,102.66666666666667,8175726.416666667,6757.083333333333,559772816.0,60.166666666666664,3117823.5833333335,,,14316.75,271882572.1666667,20021.916666666668,219673498.16666666,1523.4166666666667,102853583.16666667,1854.4166666666667,120204884.0,456.75,49325769.25,1212.5,185740203.5,2478.5833333333335,103693486.66666667,254.33333333333334,789.9166666666666,203.58333333333334,54.0,666.8333333333334,179.08333333333334,489.5,812.5,301.8333333333333,616.0833333333334,947.0833333333334,411.3333333333333,816.0833333333334,1463.9166666666667,518.6666666666666,546.0833333333334,1348.75,434.9166666666667,102.0,1111.75,185.91666666666666,191598.41666666666,5399514.0,18164130.833333332,29285223.666666668,44829885.916666664,49972189.666666664,19283297.416666668,12.333333333333334,226.91666666666666,639.1666666666666,761.8333333333334,980.5833333333334,927.25,397.1666666666667
2641057000,금정구 부곡1동,348.5833333333333,266.3333333333333,3408.0833333333335,3077.3333333333335,664.4166666666666,636.5,960.3333333333334,1228.3333333333333,32221583.333333332,39406333.333333336,132.08333333333334,115.66666666666667,108.75,107.25,103.0,115.58333333333333,143.58333333333334,250.75,589.75,1159.1666666666667,1283.4166666666667,1324.3333333333333,1326.0,1332.6666666666667,1320.0,1115.0833333333333,1045.0833333333333,878.6666666666666,670.0833333333334,469.0833333333333,372.75,317.25,272.75,249.08333333333334,8184.333333333333,8445.416666666666,8587.583333333334,8663.166666666666,8624.25,8542.416666666666,8232.333333333334,7705.166666666667,6783.333333333333,5752.0,5123.0,4744.833333333333,4547.083333333333,4461.333333333333,4370.25,4354.166666666667,4559.5,4874.0,5273.166666666667,5785.5,6214.583333333333,6733.416666666667,7303.833333333333,7812.666666666667,871.3333333333334,800.0,757.5,738.75,753.4166666666666,772.25,841.1666666666666,1043.0,1330.3333333333333,1431.8333333333333,1474.8333333333333,1565.25,1598.9166666666667,1599.5,1674.6666666666667,1797.5833333333333,1825.6666666666667,1828.9166666666667,1825.75,1687.8333333333333,1485.1666666666667,1358.5,1169.4166666666667,1030.9166666666667,15.75,9.916666666666666,9.083333333333334,9.0,11.416666666666666,20.166666666666668,27.083333333333332,40.833333333333336,86.25,116.33333333333333,151.16666666666666,158.08333333333334,159.08333333333334,140.25,159.58333333333334,175.91666666666666,195.75,171.25,156.91666666666666,123.75,102.33333333333333,76.5,50.416666666666664,24.833333333333332,344647.6666666667,268393.1666666667,239108.83333333334,210439.33333333334,279671.25,717445.3333333334,1135908.4166666667,1819338.1666666667,2943673.5833333335,3836900.25,5279072.0,5385433.75,5373136.833333333,4808609.833333333,5592808.583333333,6099272.416666667,6347168.916666667,5645750.333333333,4717405.0,3702525.25,3026749.3333333335,2228382.9166666665,1354078.9166666667,583758.9166666666,50.72727272727273,6854620.909090909,472.8333333333333,121593598.66666667,78.58333333333333,28940328.0,244.58333333333334,13183324.5,851.8333333333334,45701661.583333336,46.583333333333336,2737997.0,,,6534.25,145021878.66666666,15705.25,391378646.5833333,1934.8333333333333,31479302.0,2107.6666666666665,82860645.91666667,223.91666666666666,15327796.25,107.83333333333333,27845806.0,957.25,38778401.083333336,45.416666666666664,751.9166666666666,144.41666666666666,128.08333333333334,727.0,200.0,59.666666666666664,697.9166666666666,150.75,83.83333333333333,767.1666666666666,185.58333333333334,106.66666666666667,1160.4166666666667,225.91666666666666,104.41666666666667,1269.0833333333333,222.91666666666666,84.16666666666667,1109.6666666666667,168.91666666666666,82262.0,1759142.1666666667,8296055.083333333,16527657.083333334,18887868.833333332,20062924.5,6042901.5,11.75,96.16666666666667,292.9166666666667,476.5833333333333,560.75,539.3333333333334,212.25
2641058000,금정구 부곡2동,1030.0833333333333,725.1666666666666,6273.833333333333,5568.583333333333,1349.75,1283.0833333333333,1821.8333333333333,2349.25,47579333.333333336,58051583.333333336,689.4166666666666,490.8333333333333,288.0833333333333,251.83333333333334,228.41666666666666,245.58333333333334,314.3333333333333,690.25,1788.5833333333333,3172.8333333333335,3503.75,3655.5833333333335,3537.25,3474.8333333333335,3489.0,3179.3333333333335,3021.9166666666665,2596.5833333333335,1978.8333333333333,1408.6666666666667,1236.5,1070.0,963.1666666666666,894.8333333333334,14896.75,15242.583333333334,15423.166666666666,15519.916666666666,15331.75,15300.5,14885.333333333334,14105.666666666666,12545.166666666666,10806.5,9673.833333333334,8950.25,8553.5,8332.666666666666,8029.0,7898.5,8289.416666666666,8921.583333333334,9654.583333333334,10590.833333333334,11381.583333333334,12316.833333333334,13361.416666666666,14224.583333333334,2041.6666666666667,1684.8333333333333,1411.9166666666667,1347.5,1306.5,1353.4166666666667,1495.5833333333333,2096.8333333333335,2569.25,2701.0,3024.6666666666665,3257.1666666666665,3349.5833333333335,3237.5,3323.1666666666665,3350.5,3418.0,3507.4166666666665,3557.75,3598.3333333333335,3383.0833333333335,3051.5,2762.0,2397.0,39.0,23.75,14.25,9.666666666666666,11.166666666666666,20.5,42.25,72.41666666666667,144.83333333333334,238.5,276.5833333333333,281.75,363.6666666666667,296.25,276.75,274.75,284.3333333333333,313.1666666666667,324.0833333333333,283.8333333333333,223.75,167.0,115.58333333333333,77.83333333333333,479137.5833333333,280883.9166666667,183419.41666666666,118210.33333333333,139843.66666666666,324077.4166666667,819358.25,1007475.4166666666,2294756.5,7291113.416666667,10595272.416666666,9238372.916666666,8945922.0,7331428.166666667,7607073.583333333,7881476.75,7823825.916666667,8790406.666666666,6897359.166666667,6315569.416666667,5031669.0,3267212.0,1778709.5,1268756.1666666667,972.3333333333334,71315676.58333333,1748.1666666666667,101124593.66666667,185.08333333333334,50176651.75,579.5833333333334,35162046.583333336,6925.666666666667,242236564.08333334,,,53.583333333333336,836483.6666666666,24623.25,428487153.5833333,23886.583333333332,257330150.16666666,3914.25,43670229.0,4160.25,163180484.16666666,229.08333333333334,26528809.083333332,1004.6666666666666,91681505.5,428.5,19443616.5,259.25,1510.9166666666667,461.5833333333333,409.3333333333333,1981.8333333333333,373.8333333333333,205.75,1352.3333333333333,351.1666666666667,244.66666666666666,1741.5,411.25,265.25,2097.9166666666665,473.5,232.75,1705.4166666666667,344.0833333333333,135.83333333333334,1450.3333333333333,215.0,228213.41666666666,6092223.5,17376710.666666668,27672600.333333332,29784348.5,17825593.583333332,6655756.583333333,46.083333333333336,514.3333333333334,827.75,1015.25,1048.3333333333333,532.3333333333334,185.33333333333334
2641059000,금정구 부곡3동,1280.6666666666667,1029.0,6902.416666666667,5850.583333333333,1566.75,1631.8333333333333,3481.75,4230.166666666667,100603333.33333333,121618250.0,352.3333333333333,275.25,250.0,243.16666666666666,243.33333333333334,273.0,429.6666666666667,785.25,2266.25,4436.5,5042.916666666667,5273.25,5213.666666666667,5240.583333333333,5146.083333333333,4609.166666666667,4395.916666666667,3676.1666666666665,2697.5,1652.8333333333333,1289.4166666666667,944.6666666666666,679.5,494.5833333333333,15591.833333333334,15930.0,16152.75,16263.666666666666,16277.416666666666,16187.916666666666,15794.25,15024.916666666666,13408.0,11762.083333333334,10646.5,9880.333333333334,9520.583333333334,9353.333333333334,9128.916666666666,9046.0,9416.166666666666,9989.0,10703.25,11638.166666666666,12331.583333333334,13182.083333333334,14135.5,14966.0,1478.5833333333333,1270.4166666666667,1145.5,1090.3333333333333,1093.1666666666667,1207.3333333333333,1585.25,2108.0833333333335,2649.6666666666665,3237.25,3932.75,4543.916666666667,5118.666666666667,5233.916666666667,5312.833333333333,5225.75,5027.0,5130.083333333333,5168.5,4543.75,3756.0,3177.0,2387.8333333333335,1805.25,43.416666666666664,24.666666666666668,18.0,12.0,10.5,28.583333333333332,53.916666666666664,91.08333333333333,234.25,383.5,472.75,596.3333333333334,827.5833333333334,611.5833333333334,562.3333333333334,562.3333333333334,575.0,604.75,592.6666666666666,503.3333333333333,378.3333333333333,285.5,171.41666666666666,81.16666666666667,1111329.1666666667,753114.4166666666,469069.0,231149.08333333334,216155.25,569711.25,1103639.1666666667,1371231.75,3459820.25,10957382.25,18947827.666666668,20943875.916666668,21654291.833333332,16339881.5,17459508.166666668,18563358.666666668,16922859.0,17352122.25,15644809.25,14814548.583333334,11509691.916666666,6619240.083333333,3411676.5,1896383.0833333333,292.5833333333333,64378447.0,2017.5833333333333,118575704.75,310.9166666666667,73466267.66666667,1595.9166666666667,57315969.25,7110.583333333333,505340008.0833333,42.666666666666664,9692660.916666666,,,54823.166666666664,1167456501.5833333,44552.25,515513000.0833333,4936.583333333333,127760780.66666667,9831.083333333334,587453147.4166666,229.91666666666666,32525594.5,2637.5,106311123.0,294.1666666666667,12597266.0,367.25,1936.4166666666667,455.8333333333333,619.9166666666666,2223.1666666666665,438.75,272.3333333333333,1359.75,437.6666666666667,344.75,1669.3333333333333,524.1666666666666,396.4166666666667,2093.6666666666665,621.8333333333334,234.33333333333334,1801.8333333333333,475.6666666666667,72.16666666666667,1666.4166666666667,241.83333333333334,486694.1666666667,11833845.083333334,40935663.75,58091412.5,61671558.333333336,36530731.75,12673884.666666666,74.16666666666667,772.9166666666666,1530.9166666666667,1964.5833333333333,1909.6666666666667,1089.0833333333333,368.3333333333333
2641059100,금정구 부곡4동,468.75,526.4166666666666,4962.25,4471.666666666667,1427.9166666666667,1330.9166666666667,1196.0,1391.9166666666667,26579750.0,32417916.666666668,318.5,219.91666666666666,199.08333333333334,187.83333333333334,181.58333333333334,229.08333333333334,316.5,444.0,944.1666666666666,1759.8333333333333,1960.8333333333333,2033.0,2027.9166666666667,1959.75,2001.5,1827.5,1669.5833333333333,1380.6666666666667,1085.3333333333333,823.9166666666666,710.5833333333334,635.0,524.75,451.5833333333333,11854.5,12458.25,12928.666666666666,13013.833333333334,12957.666666666666,12847.416666666666,12441.333333333334,11322.583333333334,9558.583333333334,8081.666666666667,7230.916666666667,6685.333333333333,6415.916666666667,6266.083333333333,6082.583333333333,6089.5,6422.333333333333,6938.75,7643.916666666667,8494.833333333334,9131.5,9828.5,10556.0,11175.5,1964.5,1708.5833333333333,1628.0833333333333,1574.25,1779.9166666666667,1793.0833333333333,1950.8333333333333,2210.25,2573.5833333333335,2708.9166666666665,2948.4166666666665,3087.8333333333335,3162.8333333333335,3169.1666666666665,3288.0,3438.6666666666665,3519.0833333333335,3788.75,3900.6666666666665,3921.6666666666665,3661.5833333333335,3345.8333333333335,2810.8333333333335,2290.0,22.916666666666668,12.916666666666666,9.0,8.083333333333334,7.416666666666667,10.833333333333334,12.083333333333334,22.083333333333332,64.41666666666667,107.33333333333333,124.83333333333333,156.5,215.66666666666666,193.66666666666666,193.25,194.75,204.58333333333334,218.5,225.58333333333334,196.91666666666666,158.25,119.08333333333333,79.66666666666667,44.083333333333336,700928.0833333334,385595.5833333333,241363.08333333334,255507.5,105034.83333333333,134914.33333333334,115274.5,315411.5833333333,835364.4166666666,1815884.75,2725624.0,3242068.5833333335,4397385.416666667,4013190.25,4148672.5833333335,4293873.416666667,4523338.333333333,4520582.666666667,5226783.333333333,5473480.083333333,4908399.166666667,3680235.4166666665,2067420.6666666667,1289545.4166666667,37.18181818181818,21963339.545454547,614.3333333333334,85166094.58333333,94.33333333333333,22221034.083333332,414.75,24356496.75,2715.1666666666665,136133394.16666666,,,,,23245.333333333332,573117934.9166666,11674.083333333334,118016658.91666667,4601.5,76819944.33333333,1701.0,39329521.916666664,164.75,20168692.166666668,167.75,4790530.333333333,,,74.66666666666667,1111.8333333333333,334.0833333333333,263.8333333333333,1080.1666666666667,421.6666666666667,98.0,1061.8333333333333,337.5833333333333,117.5,1182.1666666666667,430.6666666666667,157.5,1632.0833333333333,500.5833333333333,155.91666666666666,1743.6666666666667,420.8333333333333,125.25,1620.0,311.3333333333333,100868.0,3880830.0,9636004.0,14872882.833333334,16178749.416666666,10374592.75,3964518.25,15.583333333333334,243.0,511.1666666666667,602.0,647.25,414.9166666666667,152.83333333333334
2641060000,금정구 장전1동,582.6666666666666,577.1666666666666,7140.416666666667,7313.75,1524.75,1666.5833333333333,3121.0833333333335,4401.583333333333,48936750.0,80614083.33333333,300.0833333333333,243.33333333333334,207.08333333333334,192.58333333333334,187.75,204.91666666666666,256.25,389.4166666666667,942.8333333333334,1757.1666666666667,2187.75,2374.4166666666665,2322.3333333333335,2443.25,2461.0833333333335,2407.6666666666665,2234.1666666666665,1925.0,1508.25,1036.3333333333333,835.75,691.6666666666666,537.1666666666666,433.5,17546.5,18154.0,18451.833333333332,18603.833333333332,18595.333333333332,18525.083333333332,18132.25,17443.0,16045.416666666666,13897.5,12450.083333333334,11373.75,11100.666666666666,10792.833333333334,10219.666666666666,10039.0,10367.5,10942.166666666666,11762.666666666666,12643.583333333334,13328.0,14303.833333333334,15538.916666666666,16712.416666666668,2140.75,1867.3333333333333,1754.8333333333333,1709.8333333333333,1754.9166666666667,1791.0,1962.9166666666667,2215.5,2730.0,3057.0833333333335,3512.9166666666665,3920.0,4242.916666666667,4233.083333333333,4188.083333333333,4358.0,4354.5,4509.833333333333,4684.75,4531.666666666667,4142.416666666667,3630.4166666666665,3028.8333333333335,2552.1666666666665,145.16666666666666,89.25,58.75,41.083333333333336,28.833333333333332,32.166666666666664,46.5,83.91666666666667,196.41666666666666,302.5,334.0833333333333,443.8333333333333,649.8333333333334,534.8333333333334,471.5833333333333,462.1666666666667,488.25,539.25,639.1666666666666,531.0,444.1666666666667,389.1666666666667,328.5833333333333,235.58333333333334,1633829.1666666667,971295.75,561401.3333333334,370391.8333333333,233129.83333333334,238911.66666666666,291271.4166666667,548823.9166666666,1296541.25,4227433.833333333,5640702.0,7678512.583333333,11898982.166666666,13771003.083333334,10287482.0,10606866.666666666,10239564.166666666,8722455.333333334,9997467.583333334,9100646.916666666,8025395.333333333,6112412.833333333,4220709.333333333,2881771.8333333335,2256.1666666666665,6776198.5,4596.25,87644415.25,290.4166666666667,50406138.083333336,704.5833333333334,30822302.25,10775.5,176211454.16666666,42.63636363636363,182030391.72727272,,,52537.5,864310829.5,50347.333333333336,404868692.5,3637.6666666666665,63004389.416666664,5686.666666666667,251941501.5,187.75,8169779.083333333,1923.6666666666667,98161024.66666667,,,260.75,4419.25,1025.75,150.75,2092.6666666666665,455.9166666666667,186.66666666666666,1772.9166666666667,353.8333333333333,186.25,1613.0833333333333,387.4166666666667,205.91666666666666,1702.1666666666667,433.0833333333333,111.66666666666667,1476.25,319.75,55.0,1375.25,212.66666666666666,541359.8333333334,17458688.75,22492482.333333332,27177280.166666668,44157497.25,13116507.416666666,4607949.166666667,75.75,2116.5833333333335,1655.4166666666667,1331.75,1557.8333333333333,594.1666666666666,188.83333333333334
2641061000,금정구 장전2동,2309.25,2243.1666666666665,9901.75,8964.333333333334,3664.75,3582.5,11061.833333333334,11425.833333333334,263330416.66666666,242037500.0,1106.5,775.8333333333334,623.5,530.1666666666666,495.3333333333333,521.1666666666666,683.0,1093.6666666666667,2102.25,5328.75,7462.583333333333,8693.5,8819.5,9379.666666666666,9766.75,9658.0,9213.25,8235.416666666666,6956.75,5253.5,4513.166666666667,3715.3333333333335,2778.1666666666665,1830.9166666666667,22553.0,22934.666666666668,23186.25,23324.583333333332,23269.333333333332,23151.583333333332,22653.083333333332,21682.0,19639.0,17422.416666666668,16003.083333333334,15063.083333333334,14534.75,14341.583333333334,14168.333333333334,14150.166666666666,14641.083333333334,15404.416666666666,16345.083333333334,17568.25,18634.666666666668,19658.333333333332,20835.916666666668,21813.416666666668,4349.083333333333,3490.1666666666665,2936.5833333333335,2543.5833333333335,2409.25,2263.3333333333335,2350.5833333333335,2735.75,3520.0833333333335,4417.666666666667,5911.833333333333,7608.166666666667,9099.25,10245.083333333334,11472.0,12093.833333333334,12260.75,12084.166666666666,12663.916666666666,13106.5,12279.833333333334,10446.25,7998.0,5955.25,260.9166666666667,162.0,107.0,63.916666666666664,46.25,44.166666666666664,60.5,121.16666666666667,363.5833333333333,566.0,829.0833333333334,1434.0,2168.5,1919.25,1795.4166666666667,1721.6666666666667,1760.9166666666667,1848.6666666666667,1979.0,1747.6666666666667,1429.0833333333333,1003.0833333333334,657.6666666666666,419.0,5235319.25,3431260.1666666665,2212451.1666666665,1209720.5,823216.75,443028.6666666667,631708.1666666666,1332397.6666666667,3800030.0833333335,8598182.0,19652687.833333332,33011084.0,44676027.333333336,41079083.666666664,43630333.5,43621079.25,42070042.583333336,43132706.916666664,44618479.416666664,43213706.666666664,35389042.833333336,22224513.583333332,12606958.416666666,8727188.75,999.0,11851270.833333334,7687.25,279648836.6666667,4345.083333333333,253916032.41666666,3547.0833333333335,158604913.16666666,56338.0,1092538047.5833333,73.75,11607132.25,34.916666666666664,3279024.1666666665,176933.41666666666,3150208983.6666665,129405.33333333333,2320141312.5,8711.0,115776338.33333333,12619.5,556988722.9166666,10612.083333333334,642219718.0833334,4255.416666666667,75728915.25,123.16666666666667,5863282.416666667,1889.0833333333333,3640.25,2426.0,512.9166666666666,3635.4166666666665,1072.6666666666667,644.8333333333334,2236.9166666666665,944.0,543.0,2459.4166666666665,954.5,526.5,2254.4166666666665,892.4166666666666,309.9166666666667,2198.0833333333335,601.6666666666666,123.83333333333333,2439.25,353.5,4819148.916666667,76981890.75,101853886.41666667,150360757.0,112438612.75,43514089.416666664,15400544.666666666,480.75,5153.5,4853.583333333333,5468.0,4548.25,1488.9166666666667,491.8333333333333
2641063500,금정구 선두구동,269.0,508.0,810.3333333333334,926.1666666666666,932.75,1376.8333333333333,644.6666666666666,1235.4166666666667,26217000.0,48278916.666666664,46.916666666666664,41.5,39.166666666666664,37.833333333333336,40.75,59.833333333333336,136.33333333333334,433.6666666666667,1107.5833333333333,1642.0833333333333,1810.1666666666667,1891.0833333333333,1866.5833333333333,1892.5833333333333,1857.6666666666667,1797.0833333333333,1670.4166666666667,1376.8333333333333,821.5833333333334,429.75,236.66666666666666,146.66666666666666,95.08333333333333,71.16666666666667,2188.75,2226.25,2242.9166666666665,2232.4166666666665,2228.9166666666665,2207.9166666666665,2150.3333333333335,2024.0,1788.9166666666667,1602.5833333333333,1458.25,1359.9166666666667,1317.4166666666667,1308.9166666666667,1288.3333333333333,1292.0,1337.1666666666667,1423.25,1531.5,1652.8333333333333,1797.6666666666667,1894.0,1990.0833333333333,2080.5,538.8333333333334,527.75,378.5833333333333,353.5833333333333,372.4166666666667,499.4166666666667,902.6666666666666,1950.4166666666667,2286.0833333333335,2665.9166666666665,3444.9166666666665,4322.75,4763.25,4887.583333333333,4641.583333333333,4818.666666666667,4160.083333333333,3675.75,3109.5833333333335,2440.5833333333335,2225.5,1411.0833333333333,1165.5833333333333,784.0833333333334,6.0,5.75,6.0,5.25,6.083333333333333,8.166666666666666,20.833333333333332,41.0,65.25,71.91666666666667,102.25,176.25,280.0,262.4166666666667,203.66666666666666,156.5,129.91666666666666,110.0,97.83333333333333,78.33333333333333,38.666666666666664,18.833333333333332,13.583333333333334,12.083333333333334,63916.75,65038.083333333336,41632.75,43412.416666666664,66582.83333333333,101425.0,914042.1666666666,1019363.8333333334,1516267.5833333333,2236497.1666666665,3726347.6666666665,7298467.333333333,10395932.583333334,9773289.833333334,6883951.166666667,5925503.666666667,6424693.25,6242963.25,5729264.916666667,4019338.4166666665,1758460.5833333333,386234.3333333333,172112.5,104804.58333333333,43.333333333333336,36632210.916666664,783.5,110513507.58333333,36.27272727272727,9107743.181818182,45.0,7916248.857142857,7554.083333333333,922893781.9166666,,,,,15362.166666666666,486697303.4166667,10601.333333333334,161548834.58333334,2748.5833333333335,106529491.58333333,223.0,12095053.166666666,101.91666666666667,14851128.25,58.5,61170178.666666664,,,43.75,171.33333333333334,235.08333333333334,2.5,85.75,159.5,133.83333333333334,120.41666666666667,295.3333333333333,175.08333333333334,211.0,407.0833333333333,234.66666666666666,397.5833333333333,540.1666666666666,146.5,383.75,443.25,38.083333333333336,364.3333333333333,227.16666666666666,66844.41666666667,2166516.0,9484487.333333334,17548260.5,23540244.0,15986397.666666666,5753447.833333333,7.166666666666667,101.58333333333333,332.75,446.6666666666667,504.8333333333333,371.9166666666667,118.0
2641066500,금정구 청룡노포동,457.75,535.9166666666666,3612.5,3323.5833333333335,1374.8333333333333,1641.9166666666667,1628.3333333333333,2614.4166666666665,40262916.666666664,76072916.66666667,151.58333333333334,129.08333333333334,118.33333333333333,115.91666666666667,123.25,163.16666666666666,245.16666666666666,533.4166666666666,1041.75,1901.0833333333333,2115.4166666666665,2218.3333333333335,2145.9166666666665,2290.8333333333335,2266.5833333333335,2146.6666666666665,2027.8333333333333,1738.8333333333333,1205.5,653.6666666666666,506.0,406.25,304.5833333333333,240.75,8837.666666666666,9064.666666666666,9167.416666666666,9231.25,9245.083333333334,9185.833333333334,8931.166666666666,8456.916666666666,7456.666666666667,6214.416666666667,5487.75,5043.083333333333,4804.75,4684.75,4563.0,4550.5,4758.25,5143.083333333333,5629.333333333333,6269.583333333333,6793.333333333333,7338.916666666667,7948.166666666667,8441.25,1037.4166666666667,872.5833333333334,771.5,751.0833333333334,794.8333333333334,979.25,1371.0833333333333,2347.25,3173.4166666666665,3538.5833333333335,4378.0,5108.5,5511.916666666667,5532.25,5590.833333333333,5321.75,4960.25,4669.75,4396.333333333333,3685.0833333333335,2881.3333333333335,2357.75,1908.5833333333333,1432.8333333333333,24.75,13.25,8.75,9.166666666666666,12.083333333333334,44.25,90.16666666666667,143.66666666666666,183.5,216.0,232.75,299.75,363.25,356.75,323.8333333333333,299.75,318.6666666666667,316.5833333333333,310.9166666666667,244.75,176.83333333333334,130.83333333333334,85.08333333333333,45.166666666666664,323556.6666666667,173409.41666666666,101384.16666666667,61240.666666666664,82439.41666666667,872685.5,1615333.5833333333,2008281.5,2837467.75,4108360.25,5995249.833333333,7624402.583333333,9719956.333333334,10531463.0,9735527.75,8782068.75,10989412.666666666,12276597.25,10990524.0,7846634.75,4919959.833333333,2805631.0833333335,1462228.8333333333,583924.5,39.857142857142854,34958812.71428572,336.1666666666667,38804231.25,69.5,19906545.666666668,154.58333333333334,3697380.5,9811.583333333334,890044925.0,65.16666666666667,4972297.833333333,,,24667.916666666668,540491012.5833334,28315.166666666668,249737690.25,2813.6666666666665,68837864.08333333,1296.5833333333333,46530123.416666664,646.0,36979077.5,1807.5,119912278.33333333,932.0833333333334,45137682.25,104.66666666666667,726.1666666666666,341.75,34.0,859.3333333333334,285.8333333333333,149.08333333333334,680.75,337.5833333333333,183.83333333333334,902.75,454.75,280.6666666666667,1275.1666666666667,628.1666666666666,183.58333333333334,1308.25,559.3333333333334,55.25,1180.9166666666667,406.8333333333333,155189.91666666666,6323815.166666667,16506370.833333334,24929499.0,34203898.0,23596223.5,10626384.25,28.833333333333332,520.0,731.5,833.6666666666666,1110.3333333333333,719.0,297.9166666666667
2641067000,금정구 남산동,1507.0,1436.3333333333333,13334.75,11907.416666666666,1645.5833333333333,1740.1666666666667,4069.5833333333335,5394.166666666667,105452916.66666667,159510500.0,695.1666666666666,572.25,529.5,516.0,512.5833333333334,531.9166666666666,664.75,1070.75,2215.25,4651.166666666667,5689.666666666667,6089.833333333333,6149.75,6259.75,6239.666666666667,5934.666666666667,5626.666666666667,4907.25,3617.75,2459.6666666666665,1964.5,1627.3333333333333,1306.3333333333333,1066.0833333333333,30594.666666666668,31175.25,31469.0,31651.416666666668,31695.916666666668,31434.666666666668,30588.416666666668,28956.5,26014.416666666668,23067.666666666668,21269.75,20022.5,19371.0,18957.333333333332,18580.75,18418.666666666668,19035.583333333332,20141.333333333332,21628.916666666668,23411.333333333332,24812.583333333332,26276.583333333332,27965.416666666668,29363.666666666668,2226.9166666666665,1962.0,1844.75,1786.0,1823.4166666666667,1825.8333333333333,1993.0,2280.6666666666665,2641.3333333333335,3228.3333333333335,4063.4166666666665,4644.333333333333,5120.5,5012.416666666667,4864.166666666667,4708.75,4473.666666666667,4352.333333333333,4454.833333333333,4590.25,4231.666666666667,3680.25,3096.25,2612.8333333333335,105.5,66.08333333333333,43.416666666666664,29.083333333333332,25.166666666666668,37.5,99.08333333333333,145.41666666666666,260.8333333333333,438.5,545.75,666.25,881.5833333333334,714.75,663.5833333333334,648.8333333333334,684.5833333333334,728.0833333333334,738.3333333333334,634.6666666666666,504.1666666666667,383.25,264.3333333333333,159.08333333333334,1901067.0,1334181.4166666667,844207.9166666666,556314.1666666666,347886.25,695298.5,2548760.1666666665,3481314.9166666665,5816104.333333333,11350882.75,19079016.916666668,20626302.916666668,25336290.0,19996015.916666668,20744297.666666668,20311051.333333332,20956047.833333332,20547497.0,19923214.75,17330624.416666668,13789955.75,8937470.416666666,5458928.75,3061354.5,936.5,32722467.416666668,3616.9166666666665,162514848.91666666,216.08333333333334,51373736.25,934.6666666666666,41255225.916666664,15038.333333333334,469560095.5,35.0,7662893.0,,,52227.833333333336,1216493533.3333333,59287.083333333336,722713622.5,6047.916666666667,146777306.5,9073.583333333334,491724108.0833333,831.9166666666666,70942256.08333333,655.5833333333334,108547565.16666667,2158.5833333333335,99890435.41666667,463.75,4845.583333333333,629.1666666666666,339.9166666666667,3888.4166666666665,446.9166666666667,443.0833333333333,2378.0,384.5,499.25,3363.25,471.5,652.3333333333334,4335.083333333333,615.4166666666666,409.8333333333333,3418.9166666666665,507.4166666666667,132.66666666666666,3010.5,328.0833333333333,929084.5833333334,14777577.833333334,32492236.083333332,57394955.416666664,76984085.91666667,58829040.166666664,23558467.75,148.33333333333334,1271.4166666666667,1378.0,1786.6666666666667,2592.6666666666665,1636.75,647.5
2641068000,금정구 구서1동,1846.8333333333333,1337.75,6573.833333333333,5462.25,2682.5833333333335,2747.5,5669.333333333333,6635.083333333333,205342750.0,249020500.0,620.5833333333334,482.25,414.1666666666667,385.4166666666667,326.3333333333333,368.9166666666667,543.0833333333334,949.0,2898.0833333333335,5562.083333333333,6392.083333333333,6647.333333333333,6443.416666666667,6703.833333333333,6680.916666666667,6221.75,5869.0,5136.166666666667,4096.416666666667,2914.6666666666665,2434.0833333333335,1982.0,1397.0833333333333,1090.4166666666667,15057.5,15416.0,15534.916666666666,15542.416666666666,15373.166666666666,15216.0,14852.333333333334,14222.75,12645.666666666666,10859.5,9749.166666666666,9017.666666666666,8637.666666666666,8464.833333333334,8248.0,8203.083333333334,8597.166666666666,9274.916666666666,10137.75,11150.083333333334,11924.083333333334,12741.916666666666,13648.166666666666,14445.416666666666,3302.8333333333335,2918.3333333333335,2657.0,2522.9166666666665,2439.25,2477.8333333333335,2840.6666666666665,3634.5,4546.5,4616.833333333333,5521.5,6323.916666666667,6915.416666666667,6987.583333333333,7274.916666666667,7422.75,7619.5,7899.083333333333,8726.833333333334,8727.25,7990.333333333333,7048.583333333333,5584.833333333333,4447.583333333333,116.08333333333333,66.33333333333333,39.666666666666664,25.0,24.25,31.75,66.41666666666667,113.58333333333333,208.33333333333334,376.25,631.3333333333334,838.9166666666666,1038.0,838.0833333333334,871.1666666666666,953.25,1025.9166666666667,1055.75,1065.3333333333333,913.5,806.6666666666666,662.5,346.0,193.5,3689068.25,2553604.75,1304165.5833333333,682103.6666666666,501714.75,598520.5833333334,1137300.1666666667,1700650.25,3180871.0833333335,11345868.583333334,28325081.333333332,35339267.0,35807177.0,30844830.5,33705756.0,39926766.166666664,38643938.166666664,39389061.833333336,37300644.583333336,36819418.666666664,31606818.166666668,23606841.333333332,10561665.416666666,5814268.583333333,290.4166666666667,8889000.666666666,2236.75,165289201.16666666,1040.5833333333333,271233955.5833333,950.5,52272617.916666664,11939.75,568163383.5,307.1666666666667,19102564.75,,,70121.08333333333,1731216517.5833333,94064.5,3101211970.5,4795.333333333333,114348117.41666667,16114.416666666666,732961115.5,705.25,85174416.08333333,2050.5833333333335,152412578.5,564.0,22830658.083333332,301.0,1403.5833333333333,835.4166666666666,675.5833333333334,2162.5,924.4166666666666,499.1666666666667,1298.75,715.4166666666666,568.0833333333334,1694.0833333333333,891.1666666666666,664.9166666666666,2029.1666666666667,964.75,332.8333333333333,1731.0833333333333,678.5833333333334,140.5,1714.5,418.0,902223.4166666666,20610876.333333332,69168837.16666667,134791906.83333334,133306543.83333333,68854395.41666667,26729591.166666668,106.25,990.5,2334.0,3358.75,3106.0833333333335,1735.3333333333333,670.8333333333334
2641069000,금정구 구서2동,899.0,772.3333333333334,14263.75,12431.916666666666,1654.9166666666667,1587.0833333333333,3004.0833333333335,3956.6666666666665,96523250.0,117678583.33333333,327.3333333333333,277.4166666666667,259.75,248.0,262.8333333333333,298.75,420.0,616.4166666666666,1329.5833333333333,2961.5,3456.3333333333335,3597.0833333333335,3558.75,3619.9166666666665,3610.25,3453.4166666666665,3251.3333333333335,2879.0,2142.5833333333335,1289.9166666666667,966.4166666666666,739.4166666666666,555.1666666666666,411.5,33157.916666666664,33752.0,34034.166666666664,34143.5,34191.25,34015.333333333336,33284.25,31570.75,27871.916666666668,24129.416666666668,21761.666666666668,20191.833333333332,19309.583333333332,18877.75,18517.333333333332,18425.833333333332,19361.75,20638.583333333332,22390.916666666668,24700.583333333332,26373.416666666668,28161.083333333332,30135.5,31768.666666666668,2274.4166666666665,2059.4166666666665,1939.9166666666667,1863.25,1933.1666666666667,2029.5,2369.1666666666665,2403.3333333333335,2744.4166666666665,3168.25,3635.1666666666665,4001.5833333333335,4191.583333333333,4141.916666666667,4250.916666666667,4432.166666666667,4530.083333333333,4349.25,4382.083333333333,4396.166666666667,4106.166666666667,3596.25,2993.6666666666665,2478.8333333333335,78.33333333333333,44.75,27.916666666666668,20.5,17.416666666666668,41.333333333333336,54.666666666666664,100.0,202.75,329.8333333333333,410.8333333333333,458.0833333333333,576.25,487.0833333333333,481.1666666666667,498.25,516.0833333333334,544.3333333333334,551.0,463.8333333333333,389.5833333333333,315.3333333333333,223.08333333333334,131.91666666666666,1191049.8333333333,682380.0833333334,423406.3333333333,303332.8333333333,182057.16666666666,449016.75,581589.1666666666,1075915.9166666667,2539057.0,18809705.083333332,21301488.166666668,19547740.333333332,17733760.0,16669728.666666666,16577232.833333334,16449328.333333334,15626837.416666666,14705392.916666666,14519184.083333334,12605186.083333334,9936740.166666666,6177521.083333333,3827265.0833333335,2314719.3333333335,166.58333333333334,1244652.25,1863.1666666666667,134752134.83333334,696.3333333333334,156391732.16666666,821.6666666666666,43657373.333333336,10087.166666666666,775875432.3333334,42.0,2269171.8333333335,,,47277.666666666664,924027417.0833334,40877.666666666664,390345586.4166667,4103.166666666667,91329114.33333333,8035.416666666667,645456889.25,578.1666666666666,72065131.08333333,4438.833333333333,135777593.0,76.16666666666667,3650534.3333333335,194.16666666666666,3065.3333333333335,527.5833333333334,218.83333333333334,5259.583333333333,530.1666666666666,250.83333333333334,2620.4166666666665,422.3333333333333,298.3333333333333,3968.0,491.3333333333333,377.9166666666667,4605.75,575.5,241.5,3763.9166666666665,429.25,87.41666666666667,3410.0,263.25,270703.5,8603063.75,25383486.25,55365113.25,63587519.416666664,34951259.75,26041667.083333332,46.833333333333336,669.0833333333334,1330.4166666666667,1551.6666666666667,1868.5,1053.8333333333333,438.25
2641070000,금정구 금성동,39.416666666666664,32.916666666666664,398.0,362.0,222.91666666666666,209.41666666666666,214.41666666666666,224.41666666666666,9553750.0,12505416.666666666,5.75,5.083333333333333,5.0,5.166666666666667,5.166666666666667,5.833333333333333,7.166666666666667,22.083333333333332,76.25,151.25,208.83333333333334,235.0,243.33333333333334,242.83333333333334,236.16666666666666,226.66666666666666,193.5,148.5,90.75,46.25,27.666666666666668,14.0,8.75,7.083333333333333,961.6666666666666,972.9166666666666,977.1666666666666,980.0833333333334,974.4166666666666,959.5833333333334,934.0833333333334,875.75,802.25,728.1666666666666,685.5,651.0833333333334,635.8333333333334,629.5833333333334,618.5833333333334,621.75,633.4166666666666,664.5833333333334,675.25,714.6666666666666,769.5833333333334,836.5,894.9166666666666,938.6666666666666,80.91666666666667,76.16666666666667,73.83333333333333,72.16666666666667,75.41666666666667,76.83333333333333,92.5,122.5,162.75,297.8333333333333,477.6666666666667,782.0,1211.0833333333333,1534.6666666666667,1565.8333333333333,1357.4166666666667,1008.0,714.6666666666666,501.0833333333333,364.0,237.58333333333334,152.91666666666666,104.91666666666667,88.66666666666667,5.0,,,,,,6.5,6.1,6.0,7.0,14.083333333333334,25.416666666666668,54.0,86.83333333333333,85.66666666666667,63.416666666666664,41.333333333333336,28.166666666666668,21.833333333333332,17.75,9.333333333333334,5.583333333333333,5.333333333333333,6.0,724325.0,,,,,,327346.25,140608.2,658238.6666666666,293553.5833333333,556936.8333333334,915991.6666666666,2336188.9166666665,4330210.833333333,4256199.25,2969386.5833333335,2031128.75,1614747.0833333333,1484497.8333333333,1364247.25,1000261.5833333334,631366.6666666666,2424040.3333333335,3129690.0,,,304.6666666666667,6465335.333333333,,,,,208.0,26505310.0,,,,,8192.666666666666,395693906.1666667,268.0,2564068.9166666665,143.33333333333334,16479300.333333334,50.0,395495.3333333333,127.0,6466648.555555556,91.25,11593117.666666666,,,1.8333333333333333,55.416666666666664,21.666666666666668,1.75,59.75,39.916666666666664,9.25,54.75,37.166666666666664,16.083333333333332,96.66666666666667,65.66666666666667,19.75,166.08333333333334,109.08333333333333,15.666666666666666,171.25,107.16666666666667,5.916666666666667,153.5,49.25,65623.3,895809.4166666666,3191110.75,4494374.583333333,6905381.166666667,4865266.0,1852683.1666666667,6.3,33.416666666666664,85.66666666666667,95.25,125.25,78.33333333333333,21.833333333333332
2644051000,강서구 대저1동,1104.4166666666667,2549.6666666666665,2473.9166666666665,2764.5833333333335,1610.1666666666667,2578.9166666666665,1583.0833333333333,5445.75,68514000.0,243518833.33333334,210.75,171.41666666666666,159.58333333333334,159.75,180.08333333333334,270.25,660.25,1790.4166666666667,4714.833333333333,7728.916666666667,8305.0,8519.25,8421.0,8495.75,8334.0,8134.75,7739.666666666667,6430.25,4178.0,1985.8333333333333,1191.5833333333333,692.9166666666666,437.0,293.75,6357.666666666667,6458.333333333333,6526.25,6549.75,6549.083333333333,6491.166666666667,6296.166666666667,5921.75,5265.083333333333,4708.666666666667,4393.583333333333,4222.75,4168.083333333333,4130.166666666667,4069.3333333333335,4064.1666666666665,4218.25,4470.833333333333,4756.916666666667,5006.166666666667,5216.083333333333,5485.166666666667,5801.333333333333,6057.75,1635.1666666666667,1287.3333333333333,1190.8333333333333,1137.1666666666667,1205.4166666666667,1655.0833333333333,3024.0,4274.416666666667,5275.5,5291.083333333333,6040.0,6632.916666666667,6767.333333333333,6662.75,6832.083333333333,6640.666666666667,6497.666666666667,7003.333333333333,7008.083333333333,5171.5,3649.25,2982.3333333333335,2423.0833333333335,1790.0,17.333333333333332,14.416666666666666,14.666666666666666,19.833333333333332,45.25,132.41666666666666,252.41666666666666,336.75,406.5,422.8333333333333,431.6666666666667,622.8333333333334,773.6666666666666,576.0,475.1666666666667,457.9166666666667,428.5,466.0833333333333,394.25,302.25,220.16666666666666,138.16666666666666,57.166666666666664,28.5,842597.4166666666,738763.6666666666,968568.9166666666,1155970.8333333333,2450526.75,7551530.833333333,12010802.5,11635573.583333334,17780514.5,18138213.416666668,20404087.583333332,24907300.25,26774223.083333332,23169028.583333332,25692623.666666668,27993608.916666668,22942644.5,18704590.333333332,16169230.5,12751557.166666666,10584106.833333334,5899309.5,2035255.25,967192.3333333334,263.25,7326372.333333333,5485.416666666667,619523224.4166666,193.66666666666666,31656838.333333332,106.0,4925023.0,15831.25,375198956.5833333,,,,,24800.666666666668,552347081.75,29536.75,380745920.0833333,3656.0833333333335,125054554.58333333,1546.5,150435456.08333334,498.0833333333333,24504580.666666668,1276.8333333333333,144041435.16666666,5558.083333333333,364288260.8333333,360.3333333333333,509.25,473.6666666666667,132.0,394.0833333333333,366.5833333333333,673.9166666666666,447.3333333333333,581.4166666666666,841.4166666666666,544.8333333333334,768.5833333333334,985.25,1076.6666666666667,943.5,512.75,1171.8333333333333,707.5833333333334,145.83333333333334,1091.6666666666667,345.3333333333333,103602.41666666667,8364976.083333333,39636885.083333336,67583557.66666667,88025751.33333333,85123387.66666667,23221238.166666668,11.833333333333334,426.6666666666667,1267.9166666666667,1569.1666666666667,1635.4166666666667,1508.4166666666667,609.75
2644052000,강서구 대저2동,1786.5833333333333,4727.666666666667,2662.0833333333335,3175.75,3784.0,4945.416666666667,6456.75,10969.083333333334,285586416.6666667,416421000.0,371.4166666666667,286.1666666666667,258.0,252.16666666666666,273.6666666666667,700.25,2125.5,5499.333333333333,9353.0,13394.583333333334,14204.5,14491.833333333334,14628.416666666666,14821.75,14435.166666666666,13960.666666666666,13127.75,10666.75,6473.166666666667,3602.4166666666665,2481.5,1724.8333333333333,1058.25,587.0833333333334,6771.916666666667,6839.25,6868.0,6872.416666666667,6794.416666666667,6775.583333333333,6696.083333333333,6464.25,6033.0,5646.75,5354.083333333333,5160.666666666667,5089.0,5043.333333333333,4978.75,4943.333333333333,5084.0,5306.5,5528.333333333333,5680.833333333333,5883.333333333333,6151.583333333333,6413.583333333333,6607.833333333333,3654.1666666666665,3205.4166666666665,2819.8333333333335,2201.25,1394.3333333333333,2049.25,5765.166666666667,11529.083333333334,13177.833333333334,12583.416666666666,13091.0,13430.666666666666,13915.083333333334,14184.583333333334,13605.166666666666,12632.0,11891.333333333334,11604.833333333334,10810.0,9991.5,9420.333333333334,8770.916666666666,6050.416666666667,4314.583333333333,46.916666666666664,25.5,14.75,13.666666666666666,18.333333333333332,165.16666666666666,908.3333333333334,1194.75,1221.0,1087.6666666666667,971.8333333333334,1328.25,1650.6666666666667,1160.3333333333333,979.1666666666666,953.1666666666666,994.4166666666666,1085.9166666666667,1113.0833333333333,1013.9166666666666,826.5833333333334,416.1666666666667,167.66666666666666,72.83333333333333,8585102.0,4169546.8333333335,1981191.5833333333,1071097.4166666667,1003041.4166666666,4633011.166666667,23818895.083333332,37092349.333333336,40579989.5,43661073.5,40815864.833333336,50666495.75,49774179.5,44367735.25,44362888.5,44634591.5,45303613.083333336,40788993.0,39810433.0,42051829.583333336,40448456.0,24518650.25,17911505.333333332,10376917.833333334,1397.5,111510418.66666667,7175.0,819760647.75,145.91666666666666,17947979.583333332,216.91666666666666,5235564.416666667,6558.916666666667,205685210.58333334,10275.0,1098823063.3333333,3152.4166666666665,730830436.8333334,148331.83333333334,2011254240.0833333,88197.0,813125177.8333334,3195.1666666666665,71797398.25,3486.25,201806789.25,299.0833333333333,32251274.666666668,2539.5833333333335,250943187.41666666,1567.1666666666667,102097977.58333333,750.25,869.5833333333334,1341.8333333333333,108.58333333333333,760.6666666666666,863.75,1251.4166666666667,690.9166666666666,1569.8333333333333,1449.8333333333333,645.6666666666666,1661.8333333333333,1878.1666666666667,1045.0833333333333,1715.4166666666667,894.0833333333334,972.5,1166.0,179.75,851.0833333333334,408.0,1371360.75,64041666.416666664,161276680.5,195628575.0,173514777.25,90857272.16666667,15317933.833333334,60.75,2364.75,4803.5,4369.583333333333,3767.4166666666665,1715.25,342.1666666666667
2644053000,강서구 강동동,377.6666666666667,949.25,2071.3333333333335,2053.4166666666665,513.4166666666666,912.8333333333334,493.8333333333333,1293.8333333333333,22449416.666666668,57084916.666666664,91.83333333333333,77.58333333333333,71.0,69.58333333333333,74.91666666666667,146.41666666666666,517.75,1176.5833333333333,2096.6666666666665,2870.9166666666665,3034.6666666666665,3115.5,3005.25,3074.9166666666665,3022.25,2959.6666666666665,2738.75,2116.4166666666665,1258.9166666666667,678.5,402.4166666666667,235.91666666666666,175.33333333333334,140.91666666666666,5143.5,5271.416666666667,5302.0,5319.666666666667,5278.75,5238.666666666667,5091.416666666667,4709.333333333333,4116.583333333333,3652.1666666666665,3346.25,3170.75,3096.5,3082.6666666666665,3023.4166666666665,3039.1666666666665,3172.75,3407.5833333333335,3686.75,3949.9166666666665,4209.0,4506.0,4768.5,4968.583333333333,492.5833333333333,434.75,382.5,359.5,369.0833333333333,499.4166666666667,1027.75,1665.8333333333333,2055.0,2019.4166666666667,2273.9166666666665,2385.1666666666665,2555.75,2558.25,2608.5,2514.75,2313.3333333333335,2278.4166666666665,2085.0833333333335,1465.5,1214.8333333333333,932.9166666666666,768.4166666666666,620.0833333333334,12.666666666666666,9.416666666666666,9.75,9.333333333333334,15.0,37.083333333333336,71.75,82.33333333333333,93.58333333333333,104.0,101.33333333333333,144.83333333333334,193.0,133.91666666666666,115.58333333333333,117.5,107.5,104.25,108.08333333333333,89.08333333333333,55.333333333333336,34.916666666666664,25.083333333333332,15.666666666666666,600266.0,555049.25,479071.0,579320.5833333334,550611.8333333334,1426953.0,2022073.8333333333,2662179.4166666665,3855506.4166666665,4584158.0,5124285.833333333,7181542.166666667,7740646.0,7363782.75,6386286.083333333,5731567.833333333,5628063.916666667,4266018.416666667,3528885.8333333335,4964724.666666667,2027578.6666666667,1301547.5833333333,929706.8333333334,664683.0,51.083333333333336,53892584.333333336,1091.3333333333333,360167309.1666667,56.75,2712289.3333333335,475.5,9729704.083333334,530.75,62575781.416666664,38.5,11276722.6,,,7497.333333333333,175626875.25,9459.0,149518887.33333334,917.3333333333334,44091299.916666664,679.1666666666666,46038857.666666664,103.41666666666667,7279393.333333333,196.66666666666666,58128409.583333336,1193.0833333333333,62712587.0,94.0,422.5833333333333,132.08333333333334,3.9166666666666665,224.16666666666666,80.25,192.08333333333334,340.6666666666667,212.91666666666666,290.0,397.9166666666667,268.9166666666667,384.25,957.5,342.25,284.3333333333333,921.6666666666666,278.6666666666667,75.83333333333333,857.6666666666666,108.83333333333333,61038.90909090909,2128113.5833333335,11149950.916666666,17016376.166666668,23188837.583333332,21622839.916666668,4417817.583333333,7.090909090909091,78.0,351.5,380.9166666666667,482.6666666666667,405.8333333333333,85.41666666666667
2644053500,강서구 명지1동,1461.4166666666667,1542.4166666666667,18807.5,16758.583333333332,3051.5833333333335,3679.25,12659.583333333334,18358.833333333332,385606583.3333333,548308416.6666666,534.1666666666666,424.5833333333333,354.1666666666667,322.4166666666667,320.1666666666667,364.25,698.25,1279.4166666666667,2586.5833333333335,4568.416666666667,5569.083333333333,6058.333333333333,6253.5,6449.333333333333,6487.0,6297.75,5987.166666666667,5210.083333333333,4220.166666666667,3018.25,2346.8333333333335,1773.0833333333333,1195.6666666666667,808.8333333333334,42153.916666666664,42553.583333333336,42738.75,42818.0,42745.916666666664,42434.833333333336,41492.583333333336,39131.25,35137.083333333336,31689.166666666668,29831.75,28569.916666666668,27865.666666666668,27438.25,27132.416666666668,26928.416666666668,28204.416666666668,30069.416666666668,32558.25,35313.166666666664,37093.083333333336,38737.5,40128.166666666664,41271.75,3665.25,3167.9166666666665,2818.6666666666665,2622.3333333333335,2582.5833333333335,2719.5,3635.75,5740.333333333333,4839.0,4784.0,6049.833333333333,7569.083333333333,9204.666666666666,9976.416666666666,10516.583333333334,10688.416666666666,10590.75,10643.416666666666,11261.083333333334,11159.083333333334,9865.583333333334,7939.666666666667,5865.5,4421.416666666667,239.83333333333334,127.33333333333333,70.58333333333333,43.916666666666664,37.333333333333336,81.5,210.91666666666666,348.4166666666667,646.9166666666666,1107.5,1486.75,2013.0833333333333,2732.5833333333335,2400.0,2351.5,2345.4166666666665,2525.6666666666665,2632.9166666666665,2661.5833333333335,2357.25,1983.1666666666667,1381.25,789.9166666666666,451.1666666666667,6879696.166666667,3747500.3333333335,1939801.1666666667,1140841.4166666667,810340.8333333334,1629853.4166666667,4178703.6666666665,6438845.75,10995832.25,27463587.583333332,46743334.583333336,59977432.083333336,75520684.5,71694369.75,76068506.58333333,76225412.08333333,77022808.66666667,79393937.58333333,81003973.33333333,78959715.25,68126020.5,44117375.666666664,21740655.5,12099689.0,1031.8333333333333,44039228.083333336,9447.333333333334,375983917.9166667,2621.9166666666665,570059360.5,3980.5,176458906.5,73183.66666666667,2114982949.25,543.6666666666666,51563272.0,118.16666666666667,1967460.75,191534.5,4721351757.833333,205721.66666666666,5341431103.833333,18218.0,340754764.4166667,25971.333333333332,799512362.1666666,1652.4166666666667,171165845.91666666,1796.6666666666667,116095987.16666667,2968.8333333333335,128994073.41666667,362.75,2179.4166666666665,914.0833333333334,216.75,9960.0,847.0833333333334,679.0833333333334,7033.666666666667,1478.3333333333333,694.4166666666666,8158.75,1454.4166666666667,615.75,3386.4166666666665,1062.8333333333333,348.5833333333333,2972.4166666666665,712.5833333333334,84.25,1872.75,259.3333333333333,891487.6666666666,54618078.333333336,267095427.5,358826836.3333333,154815999.41666666,77483587.5,20184598.916666668,112.33333333333333,2471.9166666666665,10097.583333333334,11241.333333333334,4398.75,2121.3333333333335,572.5833333333334
2644054500,강서구 명지2동,955.9166666666666,687.3333333333334,7343.333333333333,6455.083333333333,1380.8333333333333,1580.4166666666667,3809.3333333333335,5140.083333333333,105647416.66666667,130657166.66666667,472.6666666666667,383.4166666666667,340.5833333333333,311.8333333333333,319.75,326.5833333333333,383.0833333333333,555.75,1192.8333333333333,2555.0,2971.5,3151.5833333333335,3223.4166666666665,3320.75,3268.5833333333335,3002.5833333333335,2859.6666666666665,2578.5,2218.8333333333335,1743.5833333333333,1487.25,1195.9166666666667,904.0,712.5,17242.25,17546.75,17688.416666666668,17743.083333333332,17790.416666666668,17638.916666666668,17138.666666666668,16020.166666666666,13936.916666666666,12131.166666666666,11043.25,10323.666666666666,9962.166666666666,9743.583333333334,9536.5,9472.0,9952.0,10789.583333333334,11800.166666666666,12970.916666666666,13876.25,14757.333333333334,15665.333333333334,16408.916666666668,1805.3333333333333,1567.4166666666667,1443.3333333333333,1357.0,1428.75,1465.5,1794.6666666666667,2565.1666666666665,2529.0,2723.1666666666665,3166.4166666666665,3413.0,4014.5,4017.9166666666665,4010.25,3972.0833333333335,3994.3333333333335,4123.0,4384.5,4549.083333333333,4153.75,3493.0833333333335,2813.6666666666665,2309.1666666666665,67.5,37.416666666666664,21.5,13.666666666666666,11.416666666666666,19.916666666666668,46.666666666666664,79.83333333333333,168.41666666666666,358.25,474.4166666666667,596.25,797.5833333333334,693.6666666666666,679.75,666.0833333333334,725.1666666666666,789.0833333333334,765.0,681.5,539.25,380.0,223.33333333333334,119.16666666666667,1602240.0833333333,863051.5,464789.0833333333,265216.0,124864.66666666667,258432.58333333334,591565.5833333334,861591.0833333334,2091520.1666666667,10111890.333333334,16629747.416666666,17684448.75,19193953.416666668,18211157.75,18755527.666666668,17796350.833333332,19461130.583333332,19557026.416666668,19925733.083333332,19212623.833333332,15287458.166666666,9591538.583333334,4965728.75,2906672.6666666665,392.0,4825959.25,2128.0,88474140.5,1724.25,227960423.66666666,1886.75,67974501.16666667,10998.333333333334,412463300.5833333,84.83333333333333,6539936.666666667,,,65334.75,1407062861.0,55425.0,742315573.5833334,5223.833333333333,93393510.0,9418.833333333334,477201034.4166667,1053.25,87962520.66666667,677.9166666666666,47183219.416666664,,,166.41666666666666,1215.6666666666667,356.0,438.75,4034.25,506.8333333333333,251.16666666666666,1616.3333333333333,500.5833333333333,372.0,2704.25,685.6666666666666,230.25,1897.0,453.5,135.5,1463.75,317.8333333333333,46.666666666666664,864.9166666666666,138.0,303377.75,9987123.083333334,46335821.666666664,106636338.5,47339666.5,20005681.0,5701381.333333333,30.666666666666668,558.1666666666666,1965.25,3815.8333333333335,1690.25,676.3333333333334,210.83333333333334
2644055000,강서구 가락동,180.33333333333334,460.4166666666667,798.6666666666666,788.75,443.25,913.8333333333334,461.9166666666667,1252.5833333333333,30126750.0,114640333.33333333,43.75,35.916666666666664,33.583333333333336,32.916666666666664,34.916666666666664,50.25,119.58333333333333,362.9166666666667,1000.5,1446.5,1553.75,1611.0,1549.5833333333333,1583.0,1572.0,1518.4166666666667,1433.25,1139.3333333333333,647.5833333333334,355.8333333333333,207.08333333333334,127.08333333333333,77.25,57.0,1993.75,2032.8333333333333,2056.9166666666665,2059.5,2073.0833333333335,2044.1666666666667,1955.3333333333333,1805.9166666666667,1607.0833333333333,1442.9166666666667,1334.3333333333333,1284.75,1265.4166666666667,1269.25,1253.3333333333333,1248.4166666666667,1281.5,1353.4166666666667,1446.4166666666667,1541.1666666666667,1641.5,1751.6666666666667,1841.3333333333333,1894.5833333333333,389.8333333333333,343.25,303.4166666666667,288.9166666666667,310.0833333333333,419.1666666666667,906.0833333333334,1698.0,2011.9166666666667,1879.0833333333333,2125.5,2233.8333333333335,2330.5833333333335,2397.0833333333335,2567.3333333333335,2553.1666666666665,2440.4166666666665,2357.3333333333335,2078.9166666666665,1422.0,1135.25,825.25,620.75,476.3333333333333,10.25,8.583333333333334,7.75,6.666666666666667,8.333333333333334,24.083333333333332,70.0,72.41666666666667,80.33333333333333,74.5,85.75,134.41666666666666,201.75,164.33333333333334,151.5,140.75,122.41666666666667,111.75,90.58333333333333,68.75,46.833333333333336,26.166666666666668,17.333333333333332,12.0,1258222.6666666667,1268090.5,1589540.4166666667,1457974.6666666667,1389302.75,2052323.5833333333,4866088.5,4604776.5,5470496.25,6887764.916666667,7914684.25,9574002.25,10215474.416666666,10762949.333333334,13503964.75,13067908.333333334,11703696.916666666,11613121.916666666,8777928.333333334,7233922.0,5946459.083333333,4034333.1666666665,2600267.0833333335,1588296.4166666667,173.75,4200333.583333333,460.3333333333333,209649581.08333334,46.75,1234256.5,48.0,1004887.0,1616.5833333333333,151347668.25,35.0,20739154.333333332,,,14968.083333333334,341587313.8333333,3035.0,36092804.833333336,549.75,24315578.166666668,,,,,353.0833333333333,243206839.83333334,1296.0833333333333,181637692.33333334,31.75,94.5,116.41666666666667,6.75,56.583333333333336,80.5,104.58333333333333,135.33333333333334,211.5,145.83333333333334,164.58333333333334,288.1666666666667,195.58333333333334,347.75,321.25,123.66666666666667,372.0,244.33333333333334,30.083333333333332,414.0833333333333,92.75,59017.083333333336,3090797.8333333335,15845667.75,33498482.25,54926402.416666664,32444890.416666668,4946240.0,10.166666666666666,110.91666666666667,333.1666666666667,416.25,489.6666666666667,304.25,55.083333333333336
2644056000,강서구 녹산동,4082.9166666666665,15106.083333333334,15365.5,19656.916666666668,3393.25,6168.166666666667,6207.0,18333.916666666668,574754333.3333334,2105871916.6666667,1810.5833333333333,1527.1666666666667,1410.5833333333333,1293.5,1276.25,1583.8333333333333,3792.4166666666665,14517.25,32206.416666666668,39857.25,41095.833333333336,41472.5,40762.416666666664,40934.916666666664,40351.833333333336,39682.083333333336,38036.0,32410.25,20974.833333333332,12848.583333333334,7941.083333333333,3859.1666666666665,2869.8333333333335,2344.25,40870.333333333336,41523.666666666664,41897.25,42106.416666666664,41946.166666666664,41719.416666666664,40862.416666666664,38994.833333333336,36074.666666666664,32844.416666666664,30749.75,29342.25,28554.416666666668,28199.5,27854.833333333332,27727.333333333332,28606.5,29833.833333333332,31326.916666666668,32949.0,34468.083333333336,36288.083333333336,38204.333333333336,39637.75,5705.583333333333,5220.916666666667,5001.666666666667,4881.083333333333,4808.0,5402.166666666667,6850.916666666667,8598.5,10379.333333333334,11009.666666666666,12940.5,14012.75,14260.333333333334,14575.333333333334,15386.5,14556.666666666666,13567.083333333334,12276.833333333334,11572.833333333334,10520.5,9479.333333333334,8294.083333333334,7836.5,6549.166666666667,224.58333333333334,153.66666666666666,123.66666666666667,125.0,171.91666666666666,339.9166666666667,711.75,1022.75,1009.8333333333334,1073.4166666666667,1204.9166666666667,1721.0,2450.6666666666665,1657.8333333333333,1523.0833333333333,1515.6666666666667,1572.75,1812.3333333333333,1785.25,1535.0833333333333,1223.0,798.4166666666666,470.9166666666667,307.3333333333333,11575457.416666666,8760228.083333334,7598288.666666667,9304538.0,14017410.333333334,24684556.583333332,37111145.166666664,42429633.916666664,72833950.0,199173278.66666666,273299257.25,242954450.66666666,174540581.91666666,269522510.5,290188470.0833333,283392538.75,242690951.41666666,183800230.33333334,94488459.33333333,67783825.41666667,53852915.5,37513722.166666664,24259863.25,14850998.666666666,382.0833333333333,15255369.5,7611.333333333333,620058484.3333334,695.75,117767351.91666667,1245.8333333333333,37998794.416666664,41566.75,2262181543.5833335,429.9166666666667,33610035.75,,,125786.83333333333,2382808338.3333335,152678.16666666666,1918935986.8333333,13175.083333333334,460322279.5833333,8567.583333333334,310986684.0,1748.9166666666667,338280528.8333333,7013.083333333333,15328846408.0,9577.666666666666,1419760905.0,1667.9166666666667,3846.25,1014.1666666666666,264.0833333333333,6291.916666666667,1112.6666666666667,4323.416666666667,6593.583333333333,1943.1666666666667,5782.0,7244.333333333333,2140.4166666666665,4511.0,4348.833333333333,1762.3333333333333,2259.8333333333335,3999.3333333333335,1149.75,378.0833333333333,2695.5833333333335,436.4166666666667,364152.75,73064115.75,314450965.75,665041078.9166666,916535912.4166666,580461984.5833334,130711535.75,34.416666666666664,1685.5833333333333,5602.583333333333,7795.916666666667,5621.666666666667,3131.3333333333335,667.1666666666666
2644058000,강서구 가덕도동,131.66666666666666,688.3333333333334,1363.9166666666667,1355.4166666666667,749.75,2292.0833333333335,523.75,1779.9166666666667,24949750.0,101755583.33333333,154.16666666666666,146.25,142.08333333333334,137.0,137.66666666666666,146.33333333333334,228.25,620.8333333333334,1234.1666666666667,1812.0833333333333,1873.3333333333333,1893.6666666666667,1782.3333333333333,1879.0,1834.75,1762.9166666666667,1670.5833333333333,1380.5833333333333,849.5,454.3333333333333,306.8333333333333,224.25,184.91666666666666,167.91666666666666,3127.3333333333335,3159.9166666666665,3174.5833333333335,3177.6666666666665,3156.25,3134.9166666666665,3085.6666666666665,2948.3333333333335,2794.5833333333335,2599.6666666666665,2465.25,2387.1666666666665,2366.6666666666665,2365.6666666666665,2357.1666666666665,2339.1666666666665,2399.4166666666665,2481.6666666666665,2585.0,2705.5,2824.75,2936.6666666666665,3019.25,3083.0833333333335,1977.3333333333333,1876.75,1809.75,1757.75,1711.0833333333333,1774.3333333333333,2034.5833333333333,2870.5,2982.3333333333335,3403.5833333333335,3874.25,4392.25,4679.333333333333,4799.75,4945.083333333333,4853.0,4426.083333333333,3861.0833333333335,3403.75,3288.5833333333335,2784.25,2487.4166666666665,2277.8333333333335,2125.5833333333335,26.583333333333332,17.0,10.333333333333334,9.083333333333334,10.083333333333334,12.166666666666666,45.833333333333336,75.66666666666667,59.833333333333336,64.91666666666667,102.5,219.33333333333334,282.1666666666667,201.83333333333334,181.41666666666666,164.0,160.41666666666666,170.25,170.66666666666666,108.83333333333333,72.5,57.25,49.666666666666664,36.166666666666664,1342229.6666666667,1070501.5,1027367.3333333334,1450111.5833333333,1189745.4166666667,1169855.4166666667,2387427.25,3693313.0833333335,3687645.0,5689212.25,6679377.583333333,7860070.5,9943266.583333334,8789722.5,9337094.916666666,10525227.25,11222911.333333334,11452669.416666666,9468108.333333334,6294265.916666667,5348196.583333333,4076244.8333333335,2670785.25,1737119.6666666667,53.142857142857146,368438.85714285716,2478.75,71881610.66666667,36.4,20569047.1,47.75,9509538.25,1369.0,18549538.166666668,43.142857142857146,11774070.857142856,,,15872.75,343272646.5833333,16732.083333333332,150938746.16666666,331.0833333333333,16130447.416666666,74.16666666666667,1233243.1666666667,117.875,3642422.0,408.0,90821694.5,722.3333333333334,176477740.58333334,73.16666666666667,251.08333333333334,277.5833333333333,8.416666666666666,270.0833333333333,189.0,188.41666666666666,191.16666666666666,593.0833333333334,237.91666666666666,286.4166666666667,812.5833333333334,205.16666666666666,593.1666666666666,674.5,86.75,563.25,374.25,17.916666666666668,561.5833333333334,118.41666666666667,69748.75,3641175.3333333335,13102843.0,30723481.75,47724155.75,25936957.75,5556099.583333333,7.083333333333333,175.83333333333334,490.25,619.5,645.4166666666666,310.6666666666667,57.833333333333336
2647061000,연제구 거제1동,2428.4166666666665,2529.25,11116.75,9714.833333333334,2437.0,2573.1666666666665,4966.416666666667,6771.75,151512916.66666666,187563083.33333334,515.25,392.1666666666667,350.6666666666667,330.3333333333333,327.5,366.0833333333333,532.0833333333334,978.5,3342.1666666666665,9457.5,11257.5,11751.583333333334,11066.166666666666,11594.083333333334,11417.75,10642.166666666666,10100.083333333334,8964.333333333334,6394.5,3040.3333333333335,2268.1666666666665,1725.5833333333333,1368.9166666666667,821.1666666666666,25982.916666666668,26573.5,26899.833333333332,27046.75,26977.25,26781.833333333332,26082.083333333332,24801.583333333332,22235.666666666668,18905.0,16988.083333333332,15762.583333333334,15090.666666666666,14838.333333333334,14458.916666666666,14233.916666666666,14786.666666666666,15856.0,17083.75,18666.333333333332,20081.833333333332,21601.416666666668,23381.333333333332,24851.0,2617.75,2264.25,2114.5833333333335,2026.4166666666667,2047.75,2129.0,2609.75,3250.25,4745.833333333333,5001.083333333333,6266.0,6879.5,7426.0,7398.5,7814.0,8091.666666666667,7727.916666666667,7339.083333333333,7332.666666666667,6762.083333333333,5943.5,5070.75,4179.583333333333,3216.1666666666665,81.91666666666667,49.083333333333336,31.166666666666668,23.416666666666668,17.916666666666668,41.833333333333336,66.33333333333333,176.25,519.1666666666666,543.1666666666666,570.25,898.4166666666666,1821.0,1003.5,802.1666666666666,769.5833333333334,749.1666666666666,766.5833333333334,855.3333333333334,635.4166666666666,498.0833333333333,398.0833333333333,266.5,168.08333333333334,1320311.4166666667,895555.1666666666,581256.3333333334,403456.8333333333,302028.5,530130.8333333334,891241.5833333334,4720588.666666667,5562756.916666667,12571425.75,21038625.416666668,30207707.75,40762782.75,29117516.333333332,30237143.666666668,31854188.916666668,28315388.666666668,27871511.916666668,22262422.916666668,17409663.833333332,14169809.75,9669159.333333334,5357593.25,3059554.5833333335,151.0,8123243.666666667,5789.583333333333,1850226620.8333333,1417.25,426659937.0833333,1149.3333333333333,40891925.0,11506.25,686719901.75,35.0,187582157.0,67.75,24662458.583333332,108573.33333333333,1683572880.8333333,61845.75,535214866.0833333,5908.333333333333,109900352.16666667,7342.416666666667,284845173.9166667,242.66666666666666,28994072.75,2816.3333333333335,141231325.66666666,719.0,27706830.833333332,578.8333333333334,2227.4166666666665,687.9166666666666,714.8333333333334,4731.583333333333,680.25,793.3333333333334,2399.75,637.25,1069.0,3637.8333333333335,850.8333333333334,1063.0,2787.5833333333335,957.75,521.0833333333334,2402.3333333333335,708.0833333333334,214.5,2642.5833333333335,485.6666666666667,1060609.8333333333,15573545.583333334,51960649.833333336,116920415.83333333,97860768.08333333,39809474.75,15891514.833333334,166.16666666666666,1281.75,2376.9166666666665,3593.4166666666665,2802.5,1092.25,422.4166666666667
2647062000,연제구 거제2동,894.0833333333334,657.8333333333334,6049.75,5162.0,2167.75,2158.5,6446.416666666667,9102.583333333334,240304083.33333334,343332333.3333333,342.6666666666667,280.0,252.58333333333334,238.33333333333334,249.16666666666666,281.25,342.8333333333333,561.9166666666666,1338.0833333333333,2629.8333333333335,3112.9166666666665,3286.9166666666665,3217.9166666666665,3319.25,3372.1666666666665,3114.25,2967.0833333333335,2577.4166666666665,1813.6666666666667,1228.0833333333333,989.9166666666666,805.6666666666666,598.5,450.5833333333333,14532.75,14908.083333333334,15137.666666666666,15219.75,15274.0,15148.916666666666,14673.583333333334,13709.75,11806.083333333334,9563.583333333334,8447.583333333334,7745.25,7398.333333333333,7252.0,7155.583333333333,7144.083333333333,7542.583333333333,8186.083333333333,8988.166666666666,10040.333333333334,10893.416666666666,11849.416666666666,12855.916666666666,13660.416666666666,2544.0,2168.6666666666665,2016.8333333333333,1942.5,2047.8333333333333,2169.0833333333335,2416.8333333333335,2707.1666666666665,3095.1666666666665,3396.0833333333335,4324.166666666667,5086.666666666667,5781.833333333333,5815.916666666667,6300.833333333333,6607.166666666667,6648.583333333333,6569.333333333333,6560.166666666667,6480.666666666667,6162.5,5482.583333333333,4366.083333333333,3187.9166666666665,124.33333333333333,116.66666666666667,98.5,72.66666666666667,63.833333333333336,71.91666666666667,100.0,123.91666666666667,217.91666666666666,391.75,776.0833333333334,1046.0833333333333,1278.4166666666667,1157.4166666666667,1206.75,1270.75,1340.75,1319.0,1254.5833333333333,1115.0833333333333,957.5,756.0,430.3333333333333,256.1666666666667,4005238.6666666665,3949931.8333333335,3429607.1666666665,2630768.75,2281896.75,2206529.8333333335,3329769.0,3773692.0833333335,5564424.75,11711937.75,28061247.333333332,38539940.25,42949962.583333336,41485490.583333336,48074141.416666664,51636284.25,54171070.25,51186679.916666664,48071926.416666664,43809008.0,37961178.916666664,32092858.666666668,15008046.0,7705857.416666667,165.16666666666666,6401190.583333333,3042.75,89849171.5,890.4166666666666,196162494.75,634.0833333333334,33942111.25,13725.583333333334,369129403.0833333,,,97.0,8129839.166666667,36603.5,541673906.0833334,140990.0,5603459002.5,3628.1666666666665,46346139.666666664,9191.166666666666,408051619.8333333,593.3333333333334,37207020.0,1605.3333333333333,122146002.5,6552.583333333333,239685886.08333334,130.83333333333334,1164.9166666666667,506.0,206.91666666666666,2180.0,891.9166666666666,260.3333333333333,1207.6666666666667,598.0833333333334,354.0833333333333,2154.4166666666665,842.5,338.3333333333333,1827.75,727.0,182.41666666666666,1462.1666666666667,480.5833333333333,76.58333333333333,1212.0833333333333,277.8333333333333,628838.9166666666,14504447.5,77641664.33333333,173777405.75,135775815.33333334,116654009.75,64656676.166666664,58.333333333333336,644.0,2542.5,4459.916666666667,3212.6666666666665,2879.75,1749.1666666666667
2647063000,연제구 거제3동,745.9166666666666,620.4166666666666,3589.25,3163.0833333333335,1274.0833333333333,1308.4166666666667,2145.4166666666665,3093.6666666666665,84554416.66666667,134669416.66666666,263.75,214.58333333333334,195.33333333333334,189.33333333333334,186.5,214.5,333.75,567.0833333333334,1061.5,2183.8333333333335,2628.0,2768.5,2607.1666666666665,2770.4166666666665,2794.5,2743.1666666666665,2676.0833333333335,2507.3333333333335,1961.5833333333333,1257.9166666666667,994.5,733.8333333333334,541.0833333333334,412.0833333333333,8432.666666666666,8704.083333333334,8856.583333333334,8962.166666666666,8924.166666666666,8856.416666666666,8594.166666666666,8135.583333333333,7263.75,5955.0,5289.916666666667,4896.583333333333,4728.166666666667,4608.0,4477.5,4513.75,4743.5,5110.916666666667,5580.25,6154.5,6573.083333333333,7010.5,7597.416666666667,8098.5,1516.3333333333333,1288.9166666666667,1168.75,1117.3333333333333,1095.5833333333333,1175.5,1381.8333333333333,1701.5,2410.6666666666665,2256.6666666666665,2556.0,2821.8333333333335,3678.8333333333335,3448.0,3308.1666666666665,3300.8333333333335,3299.8333333333335,3474.4166666666665,4188.333333333333,4549.333333333333,4219.5,3340.8333333333335,2669.4166666666665,2016.0833333333333,35.5,19.666666666666668,11.833333333333334,9.333333333333334,10.75,30.0,53.0,87.08333333333333,163.58333333333334,242.75,291.1666666666667,350.0,469.4166666666667,381.25,359.4166666666667,378.3333333333333,387.5833333333333,398.1666666666667,414.5833333333333,369.25,323.0,232.08333333333334,147.41666666666666,81.16666666666667,1253231.4166666667,638734.5833333334,356830.25,227253.25,382560.9166666667,1201570.4166666667,2334674.5833333335,3342179.0,6076390.416666667,12504031.333333334,12466197.0,14036621.333333334,17757852.416666668,17632295.333333332,16350982.333333334,16164598.833333334,15675594.083333334,14869795.666666666,15662270.666666666,17044487.083333332,16064039.583333334,9636763.25,5012649.25,2799513.6666666665,528.6666666666666,19897274.25,2152.4166666666665,249204495.0,88.41666666666667,15541352.666666666,617.0833333333334,26477261.666666668,1712.75,254153231.41666666,42.0,42630450.72727273,,,28148.416666666668,1205979524.75,18802.75,213660003.33333334,4861.166666666667,153929273.0,4353.25,235821259.0,648.0,46362114.5,683.3333333333334,140041339.25,3023.1666666666665,143065930.58333334,130.0,658.6666666666666,319.5,11.833333333333334,889.0,285.0833333333333,211.83333333333334,731.25,367.1666666666667,289.0833333333333,878.0,444.75,300.0833333333333,1110.8333333333333,508.5833333333333,291.9166666666667,1213.3333333333333,404.25,129.0,1268.5833333333333,250.58333333333334,134978.08333333334,8723484.083333334,37442454.75,55297996.916666664,60117925.0,41609293.25,15916313.083333334,23.416666666666668,323.3333333333333,1013.6666666666666,1266.1666666666667,1374.0833333333333,893.75,345.5
2647064000,연제구 거제4동,217.5,203.41666666666666,3685.8333333333335,3342.0,441.0,404.4166666666667,261.1666666666667,472.6666666666667,11374083.333333334,9482000.0,104.58333333333333,90.58333333333333,81.33333333333333,74.5,73.33333333333333,77.25,96.66666666666667,152.25,404.6666666666667,891.5833333333334,961.5,976.1666666666666,947.3333333333334,964.8333333333334,918.5833333333334,747.0,695.8333333333334,555.8333333333334,375.0833333333333,245.41666666666666,210.66666666666666,186.08333333333334,159.83333333333334,135.91666666666666,9121.583333333334,9378.666666666666,9503.75,9550.333333333334,9520.666666666666,9440.666666666666,9132.25,8537.416666666666,7485.583333333333,6234.166666666667,5450.833333333333,5005.833333333333,4806.5,4682.583333333333,4481.666666666667,4414.75,4665.916666666667,5019.666666666667,5501.5,6149.916666666667,6683.833333333333,7290.333333333333,7998.583333333333,8622.166666666666,794.75,752.9166666666666,711.4166666666666,657.25,655.4166666666666,672.4166666666666,747.0,771.75,849.1666666666666,934.5,1017.5833333333334,1030.6666666666667,966.5833333333334,972.9166666666666,1005.4166666666666,945.25,873.25,836.0833333333334,818.5833333333334,877.5,925.3333333333334,899.8333333333334,816.8333333333334,767.75,12.416666666666666,7.5,5.583333333333333,6.083333333333333,5.25,6.333333333333333,11.0,16.583333333333332,23.0,28.583333333333332,31.416666666666668,42.0,45.416666666666664,39.25,40.333333333333336,45.0,53.333333333333336,64.41666666666667,62.916666666666664,56.583333333333336,51.916666666666664,43.833333333333336,32.75,20.083333333333332,141449.91666666666,85774.41666666667,46599.75,58072.416666666664,62251.916666666664,167326.08333333334,113387.66666666667,168452.83333333334,227280.66666666666,840434.8333333334,1308399.6666666667,1689795.4166666667,2376555.8333333335,2216235.8333333335,2753923.3333333335,1843168.9166666667,1615150.0,1236544.0,1252526.0,876693.3333333334,838092.4166666666,571820.5,448585.6666666667,277631.1666666667,39.083333333333336,29757449.083333332,313.5833333333333,10066861.75,85.0,29455358.833333332,135.25,6223591.25,676.25,33692179.833333336,,,,,955.3333333333334,16692160.583333334,9386.916666666666,90947627.5,579.8333333333334,22124441.5,496.0,87054733.5,117.16666666666667,50887669.083333336,62.57142857142857,20036409.285714287,,,17.5,828.0,88.75,131.75,1243.8333333333333,151.66666666666666,40.75,857.0,117.16666666666667,49.583333333333336,978.8333333333334,140.91666666666666,76.83333333333333,1224.0,141.58333333333334,70.83333333333333,1016.8333333333334,116.08333333333333,31.0,876.8333333333334,86.58333333333333,47618.5,546922.75,3004201.9166666665,7732882.0,3616601.25,3598429.8333333335,2336461.75,9.166666666666666,59.666666666666664,161.0,212.5,165.5,96.75,29.666666666666668
2647065000,연제구 연산1동,919.3333333333334,744.8333333333334,5590.833333333333,5067.916666666667,1788.8333333333333,1863.8333333333333,2710.6666666666665,4250.0,77277916.66666667,117313666.66666667,465.8333333333333,403.25,370.9166666666667,329.6666666666667,304.9166666666667,327.8333333333333,460.25,719.3333333333334,1275.4166666666667,3030.6666666666665,3384.75,3510.5833333333335,3465.3333333333335,3478.75,3277.1666666666665,2942.5833333333335,2736.8333333333335,2453.3333333333335,2005.75,1426.8333333333333,1188.5833333333333,933.75,786.4166666666666,675.75,13360.166666666666,13767.333333333334,14001.416666666666,14108.583333333334,13972.75,13890.083333333334,13525.0,12787.75,11281.666666666666,9622.25,8559.916666666666,7894.75,7542.166666666667,7375.25,7162.416666666667,7125.25,7460.5,7983.5,8677.333333333334,9606.333333333334,10353.5,11020.583333333334,11943.75,12792.333333333334,2799.4166666666665,2338.0,2072.0833333333335,1869.5833333333333,1746.6666666666667,1813.0,2193.3333333333335,2631.9166666666665,3189.3333333333335,3533.5833333333335,3787.5833333333335,3974.9166666666665,4131.666666666667,4140.0,4357.166666666667,4422.25,4566.083333333333,4787.333333333333,5253.5,5682.416666666667,5570.916666666667,4933.583333333333,4304.666666666667,3573.6666666666665,121.66666666666667,75.16666666666667,52.083333333333336,35.166666666666664,32.083333333333336,40.666666666666664,67.41666666666667,105.16666666666667,188.5,303.8333333333333,366.6666666666667,421.1666666666667,514.9166666666666,448.5,457.5833333333333,461.4166666666667,481.3333333333333,498.1666666666667,509.3333333333333,487.1666666666667,454.8333333333333,378.9166666666667,269.0833333333333,186.41666666666666,3903504.0,2726068.75,1907440.0833333333,1210572.0,921173.1666666666,1108300.9166666667,1939050.0,2644922.5833333335,3797501.75,8916996.583333334,9878784.333333334,11448474.666666666,13536245.916666666,11157524.666666666,11733692.666666666,12282684.0,12717183.416666666,13558490.5,13712297.333333334,15325458.75,15191519.25,11759888.333333334,7594166.333333333,5637467.833333333,2955.9166666666665,7593558.583333333,2170.9166666666665,207914770.91666666,654.1666666666666,67757370.0,1627.1666666666667,59527564.5,6270.666666666667,249895893.25,,,,,42386.5,1299335401.25,31504.916666666668,336831759.1666667,3081.25,60725476.75,6865.5,237393036.41666666,589.8333333333334,42795348.083333336,1634.6666666666667,58573813.083333336,2012.75,86867795.16666667,107.83333333333333,1189.75,446.25,442.6666666666667,1703.6666666666667,583.5,207.58333333333334,1345.9166666666667,511.9166666666667,279.75,1386.5,608.5,276.1666666666667,1774.75,633.8333333333334,207.0,1697.5833333333333,540.5833333333334,140.33333333333334,1557.9166666666667,324.9166666666667,255568.91666666666,13198908.5,40558338.166666664,55950863.0,44237099.666666664,28989375.75,11404442.25,37.333333333333336,709.3333333333334,1696.5833333333333,1911.3333333333333,1472.8333333333333,837.9166666666666,292.75
2647066000,연제구 연산2동,1170.6666666666667,862.3333333333334,6120.916666666667,4787.833333333333,2144.1666666666665,1966.8333333333333,4449.75,4806.25,136429750.0,144960000.0,408.6666666666667,353.5833333333333,329.25,317.4166666666667,327.75,354.4166666666667,486.6666666666667,780.0833333333334,1551.1666666666667,3720.1666666666665,4171.0,4349.25,4038.5,4389.916666666667,4324.5,4043.8333333333335,3819.5833333333335,3420.5833333333335,2744.5,1541.1666666666667,1219.3333333333333,938.3333333333334,705.8333333333334,534.5,13802.0,14171.416666666666,14388.583333333334,14508.916666666666,14534.0,14420.416666666666,13925.666666666666,13071.5,11503.833333333334,9704.083333333334,8612.5,7947.166666666667,7618.916666666667,7447.833333333333,7227.916666666667,7227.333333333333,7537.083333333333,8082.166666666667,8761.0,9749.0,10548.083333333334,11471.333333333334,12395.666666666666,13188.083333333334,2674.6666666666665,2403.1666666666665,2276.3333333333335,2219.75,2343.1666666666665,2384.1666666666665,2601.8333333333335,3029.9166666666665,4119.916666666667,3877.9166666666665,4166.916666666667,4969.583333333333,5515.5,5548.166666666667,5590.0,5726.833333333333,5734.666666666667,5666.333333333333,5861.416666666667,5454.0,4913.5,4641.916666666667,3763.3333333333335,3245.25,54.916666666666664,30.833333333333332,20.583333333333332,14.0,13.416666666666666,21.333333333333332,39.416666666666664,73.58333333333333,185.16666666666666,280.1666666666667,477.1666666666667,672.0833333333334,900.5833333333334,661.0,680.1666666666666,712.3333333333334,768.0,797.0,810.0,701.1666666666666,591.9166666666666,465.3333333333333,199.08333333333334,89.5,834493.5,504864.25,369411.0,187328.41666666666,229372.41666666666,300717.75,430308.9166666667,768239.8333333334,1862072.6666666667,4691086.583333333,13909065.333333334,21306917.0,26022452.166666668,19746109.666666668,22656575.083333332,25574860.666666668,26931801.333333332,26279431.0,25623229.583333332,23218379.5,19882565.916666668,14407702.25,4248562.333333333,1469042.1666666667,71.91666666666667,33832310.666666664,2885.0,430361090.8333333,354.8333333333333,41585967.583333336,971.8333333333334,55184170.25,7257.75,431154832.0,35.0,3759.0,,,43495.666666666664,721777200.8333334,84229.91666666667,2691732706.6666665,4455.25,80684527.16666667,10639.916666666666,291052517.5833333,443.5,44191129.416666664,1328.5833333333333,23939884.0,126.25,5878550.833333333,189.25,974.75,601.0,326.4166666666667,1289.9166666666667,484.25,339.0,1738.5833333333333,700.5,397.25,1878.9166666666667,652.5,433.5833333333333,1632.25,701.0833333333334,232.58333333333334,1565.4166666666667,579.6666666666666,112.83333333333333,1826.4166666666667,389.9166666666667,295820.1666666667,18693783.583333332,72060201.66666667,72259228.0,62017464.083333336,39423229.416666664,16644771.25,28.166666666666668,855.6666666666666,2576.0,2378.1666666666665,1860.5833333333333,1086.0833333333333,468.75
2647067000,연제구 연산3동,279.5,184.41666666666666,3419.5833333333335,3133.75,459.3333333333333,396.6666666666667,671.0833333333334,838.9166666666666,9983500.0,11682583.333333334,93.58333333333333,79.08333333333333,74.5,72.08333333333333,70.75,73.66666666666667,101.5,167.16666666666666,545.25,984.5,1036.25,1053.75,1058.25,1030.8333333333333,995.25,927.25,814.6666666666666,525.8333333333334,409.5833333333333,315.0833333333333,268.0,215.33333333333334,167.66666666666666,147.08333333333334,8333.0,8574.583333333334,8714.083333333334,8805.916666666666,8818.666666666666,8745.666666666666,8394.583333333334,7843.25,6868.75,5834.666666666667,5175.916666666667,4781.0,4576.833333333333,4496.166666666667,4352.333333333333,4338.916666666667,4463.166666666667,4757.25,5179.75,5828.0,6336.666666666667,6816.166666666667,7382.916666666667,7873.583333333333,652.75,577.25,558.5,553.0,566.9166666666666,585.1666666666666,643.5833333333334,721.0833333333334,994.75,1045.75,1020.9166666666666,1030.1666666666667,1032.5,1038.4166666666667,999.5,1050.6666666666667,990.0833333333334,1016.1666666666666,1102.75,1016.4166666666666,946.0,883.25,793.0833333333334,770.5,20.583333333333332,13.0,9.666666666666666,8.916666666666666,7.833333333333333,14.916666666666666,15.083333333333334,19.583333333333332,37.833333333333336,62.916666666666664,79.33333333333333,89.25,104.08333333333333,79.41666666666667,91.66666666666667,105.75,124.16666666666667,128.33333333333334,125.75,118.16666666666667,91.83333333333333,76.08333333333333,57.75,35.666666666666664,257530.0,159247.5,145596.66666666666,79649.75,68329.91666666667,103488.83333333333,109298.08333333333,137208.08333333334,283842.9166666667,760754.6666666666,1214773.9166666667,1384992.25,1543777.0833333333,1453104.9166666667,1503035.0,1497893.5,2034890.5833333333,1936182.1666666667,1869723.8333333333,1851733.0833333333,1391689.5,961103.8333333334,664255.25,413406.6666666667,37.45454545454545,12348631.363636363,479.3333333333333,25076066.583333332,81.08333333333333,23187264.5,137.66666666666666,8225828.5,3015.25,25469498.916666668,,,,,5473.833333333333,88748436.58333333,12095.583333333334,109052076.0,2556.25,39208914.5,1894.25,26622661.5,113.58333333333333,16995993.333333332,139.41666666666666,6374419.416666667,,,17.0,727.1666666666666,93.08333333333333,220.16666666666666,718.3333333333334,103.75,31.25,680.75,109.0,33.416666666666664,832.0,121.08333333333333,61.75,1227.0833333333333,161.0,56.5,1287.5833333333333,151.16666666666666,41.25,1077.75,114.08333333333333,77452.5,1282384.4166666667,4988773.666666667,4712952.083333333,4995956.5,3867443.8333333335,1751854.3333333333,16.416666666666668,133.91666666666666,386.5,318.0833333333333,318.1666666666667,228.0,109.0
2647068000,연제구 연산4동,1127.5833333333333,853.25,5889.416666666667,5233.583333333333,2658.4166666666665,2582.0,5187.333333333333,6581.333333333333,178543666.66666666,208901416.66666666,379.8333333333333,309.0833333333333,272.5833333333333,255.0,232.91666666666666,257.4166666666667,434.5,759.4166666666666,1403.0,3259.75,3970.0833333333335,4139.5,4033.75,4112.5,4166.583333333333,4057.3333333333335,3891.75,3584.9166666666665,2757.1666666666665,1622.75,1283.8333333333333,1010.3333333333334,772.5,612.4166666666666,14172.0,14548.166666666666,14762.583333333334,14871.166666666666,14791.666666666666,14704.5,14179.833333333334,13231.0,11683.5,9761.083333333334,8708.5,8053.666666666667,7745.083333333333,7549.75,7348.583333333333,7366.666666666667,7700.0,8270.416666666666,8996.833333333334,10001.583333333334,10767.333333333334,11716.75,12624.083333333334,13407.583333333334,4474.0,3828.4166666666665,3366.75,2991.9166666666665,2910.25,2812.75,3105.75,3490.25,4279.166666666667,4705.083333333333,5379.75,5682.333333333333,5991.666666666667,6167.833333333333,6448.5,6346.75,6194.666666666667,6440.25,7115.5,7635.0,7566.0,7095.333333333333,6287.333333333333,5490.333333333333,240.5,174.33333333333334,132.75,88.91666666666667,66.83333333333333,74.41666666666667,109.33333333333333,150.58333333333334,267.5,452.25,597.9166666666666,717.25,868.25,664.4166666666666,705.4166666666666,751.0,825.5,872.25,929.3333333333334,821.1666666666666,755.0833333333334,644.8333333333334,510.5,351.25,8691748.083333334,6919715.75,4846180.166666667,3267430.0833333335,2273307.0833333335,2196009.0833333335,2882882.1666666665,2610958.25,4491261.916666667,14501073.916666666,28299790.833333332,35487622.916666664,29513405.166666668,21318589.416666668,25132512.0,25877824.166666668,25832368.916666668,25187662.833333332,24008210.916666668,24363794.333333332,24321852.333333332,18807453.833333332,15139743.583333334,11474727.333333334,1397.1666666666667,7375544.333333333,1574.6666666666667,68631648.0,458.5,39671697.666666664,1434.0,106745123.08333333,16788.75,667820975.4166666,305.4166666666667,16861265.5,,,71565.25,2471289567.5833335,59355.25,575557918.25,16997.25,521269569.5,18212.25,1183244224.75,1203.5833333333333,115823775.91666667,2372.25,121466462.41666667,,,244.58333333333334,1322.6666666666667,794.0,55.916666666666664,1220.0,584.0833333333334,397.4166666666667,1442.25,792.0833333333334,421.75,1414.1666666666667,849.4166666666666,412.8333333333333,2061.5,903.25,289.5833333333333,2040.0833333333333,777.5833333333334,156.0,1619.8333333333333,537.5,502152.1666666667,29729914.25,85713719.58333333,85880422.75,90551397.0,66183755.583333336,28885935.833333332,55.666666666666664,1540.8333333333333,2939.0833333333335,2492.8333333333335,2296.75,1667.25,774.1666666666666
2647069000,연제구 연산5동,2331.4166666666665,1807.6666666666667,5242.833333333333,4409.083333333333,2799.5,2888.5833333333335,6869.583333333333,8862.25,242988916.66666666,264519916.66666666,437.75,345.5,306.3333333333333,288.5833333333333,279.8333333333333,309.6666666666667,554.5833333333334,1094.75,2647.5833333333335,7599.75,9066.166666666666,9391.583333333334,8402.666666666666,9100.583333333334,9079.583333333334,8852.75,8574.333333333334,7933.416666666667,6153.833333333333,3116.0,2420.5833333333335,1707.9166666666667,1041.4166666666667,654.8333333333334,11837.916666666666,12108.416666666666,12275.416666666666,12381.416666666666,12342.333333333334,12254.333333333334,11885.916666666666,11311.416666666666,10348.916666666666,8863.833333333334,7994.666666666667,7468.666666666667,7202.583333333333,7051.5,6850.166666666667,6807.083333333333,7028.666666666667,7456.166666666667,8017.083333333333,8782.833333333334,9317.833333333334,9995.0,10725.083333333334,11356.916666666666,4050.0833333333335,3438.6666666666665,3029.6666666666665,2689.75,2513.75,2451.8333333333335,2860.0,3241.5833333333335,4245.0,5093.666666666667,6153.25,6836.916666666667,7820.916666666667,7584.333333333333,7983.583333333333,7931.333333333333,7705.666666666667,7891.166666666667,8545.25,8536.583333333334,7970.0,7030.416666666667,5988.666666666667,4939.666666666667,262.1666666666667,184.58333333333334,135.58333333333334,95.16666666666667,72.75,83.83333333333333,120.25,182.5,459.0,678.5,797.9166666666666,1154.0,1613.1666666666667,1072.0833333333333,989.75,971.0833333333334,970.3333333333334,1033.1666666666667,1149.4166666666667,1061.9166666666667,951.9166666666666,750.5,547.0833333333334,399.5833333333333,8452542.0,6563991.75,4538944.083333333,3030757.5,1880805.3333333333,1454840.1666666667,1450511.5833333333,1659135.25,4056802.3333333335,23571933.416666668,38014259.75,45581396.666666664,47976189.75,31589993.166666668,32358565.916666668,39214207.666666664,37513430.333333336,34101340.583333336,31991520.416666668,32817540.166666668,31997918.666666668,21725664.166666668,14321904.416666666,11645721.5,1108.4166666666667,11232342.583333334,4291.0,204067046.16666666,853.25,43256599.916666664,1722.6666666666667,99465958.66666667,21335.0,1181086793.0,504.5,29241001.916666668,87.5,16826389.0,131124.25,3469220459.8333335,80205.75,693038133.6666666,2162.3333333333335,374230363.25,25143.0,1728826448.5,793.0,94250318.83333333,5541.0,161704365.5,,,376.6666666666667,1508.1666666666667,910.0833333333334,68.08333333333333,954.8333333333334,380.8333333333333,771.4166666666666,1499.5833333333333,1011.0,1072.3333333333333,1308.4166666666667,965.1666666666666,1148.9166666666667,1397.8333333333333,1047.0,502.4166666666667,1354.3333333333333,832.6666666666666,196.41666666666666,1626.0833333333333,538.8333333333334,532070.6666666666,40050403.0,117914477.08333333,107391273.75,114690158.08333333,89922142.83333333,37012337.333333336,47.5,2043.75,4430.5,3460.5833333333335,3192.1666666666665,1794.9166666666667,759.8333333333334
2647070000,연제구 연산6동,529.0833333333334,343.9166666666667,5224.833333333333,4798.416666666667,1424.5,1309.6666666666667,1144.9166666666667,1345.5,29438083.333333332,32694750.0,272.0833333333333,227.16666666666666,210.33333333333334,198.0,195.75,214.75,270.5,405.6666666666667,681.75,1343.0,1555.25,1674.0,1653.5833333333333,1683.5,1694.6666666666667,1669.75,1647.6666666666667,1522.4166666666667,1178.0833333333333,824.0833333333334,678.25,526.9166666666666,417.4166666666667,344.5833333333333,12964.666666666666,13369.083333333334,13591.25,13700.916666666666,13753.666666666666,13628.75,13044.666666666666,11988.916666666666,10402.666666666666,8752.5,7789.416666666667,7182.083333333333,6852.916666666667,6644.416666666667,6459.833333333333,6473.916666666667,6815.583333333333,7325.166666666667,7945.416666666667,8764.666666666666,9507.916666666666,10377.916666666666,11234.0,12021.166666666666,2463.1666666666665,2205.9166666666665,2095.1666666666665,2008.6666666666667,2143.3333333333335,2148.75,2227.9166666666665,2271.0,2687.5,2615.8333333333335,2790.3333333333335,2911.4166666666665,2964.5,2945.5,3091.6666666666665,3192.6666666666665,3309.6666666666665,3294.5,3287.75,3296.75,3155.5833333333335,3158.4166666666665,2885.1666666666665,2557.3333333333335,23.166666666666668,14.416666666666666,11.416666666666666,8.666666666666666,8.75,11.583333333333334,19.583333333333332,25.25,66.08333333333333,106.08333333333333,128.33333333333334,159.5,218.83333333333334,178.66666666666666,155.0,176.16666666666666,203.66666666666666,208.5,212.66666666666666,181.5,141.83333333333334,113.16666666666667,76.33333333333333,50.166666666666664,370788.0833333333,216426.25,129317.83333333333,117456.33333333333,82192.66666666667,97210.5,160776.41666666666,200051.08333333334,1029567.75,2277629.9166666665,4230849.666666667,5364746.25,6142728.416666667,4326557.583333333,4231701.083333333,5121245.583333333,5396084.0,5438609.916666667,4717668.166666667,4394749.0,3715530.25,2231438.0,1255428.25,1027346.5833333334,60.75,19864224.916666668,1341.0,75708855.08333333,199.58333333333334,55619308.25,305.0,13674843.833333334,1610.25,88224630.75,,,,,12368.75,228892922.08333334,19996.916666666668,210540428.75,2065.6666666666665,48822929.083333336,3669.3333333333335,139163277.33333334,235.0,35327549.5,198.83333333333334,47316155.166666664,,,68.33333333333333,1198.5,324.4166666666667,45.083333333333336,1133.4166666666667,407.8333333333333,119.5,1120.1666666666667,402.25,170.66666666666666,1298.3333333333333,408.3333333333333,219.16666666666666,1801.4166666666667,464.6666666666667,158.66666666666666,1857.6666666666667,424.5,89.25,1611.0,300.0833333333333,172878.0,3513250.5,10384286.666666666,17528261.583333332,14436806.166666666,10279260.0,5827359.083333333,21.25,243.91666666666666,514.8333333333334,600.6666666666666,543.0833333333334,392.75,172.5
2647072000,연제구 연산8동,735.75,485.0,5204.416666666667,4842.833333333333,989.3333333333334,975.0,970.5,1320.5833333333333,28720500.0,39919083.333333336,293.75,228.25,196.0,192.25,185.5,197.08333333333334,234.0,459.4166666666667,1466.1666666666667,2330.75,2571.6666666666665,2652.4166666666665,2649.25,2619.5,2276.1666666666665,2092.1666666666665,1986.1666666666667,1670.6666666666667,1285.5,982.9166666666666,828.1666666666666,742.6666666666666,661.4166666666666,500.25,12802.083333333334,13137.5,13329.083333333334,13486.166666666666,13345.833333333334,13209.666666666666,12738.25,11968.416666666666,10641.0,8896.5,7878.416666666667,7268.25,6940.166666666667,6783.833333333333,6627.0,6597.75,6958.083333333333,7461.083333333333,8091.166666666667,8952.333333333334,9731.833333333334,10587.833333333334,11465.916666666666,12251.583333333334,1535.25,1324.6666666666667,1228.0,1209.8333333333333,1242.4166666666667,1230.9166666666667,1294.9166666666667,1453.4166666666667,1762.25,1964.5,2162.4166666666665,2284.5,2348.3333333333335,2293.0833333333335,2328.75,2341.8333333333335,2382.3333333333335,2435.0833333333335,2544.25,2668.6666666666665,2589.0833333333335,2471.6666666666665,2176.6666666666665,1877.3333333333333,21.833333333333332,12.5,9.083333333333334,8.083333333333334,7.75,9.5,17.083333333333332,39.166666666666664,75.41666666666667,115.0,135.25,157.91666666666666,193.83333333333334,160.5,146.33333333333334,153.41666666666666,165.75,175.91666666666666,183.41666666666666,163.83333333333334,134.58333333333334,108.25,67.66666666666667,39.916666666666664,450408.25,312805.6666666667,248653.41666666666,185096.08333333334,129809.25,113396.91666666667,226079.33333333334,663748.25,2069021.4166666667,4217717.166666667,6087930.166666667,5942445.25,5440588.416666667,4675968.416666667,5551356.833333333,5376220.166666667,5772130.5,5350140.75,4473219.416666667,3759739.5,3273652.4166666665,2306012.5833333335,1491145.1666666667,870175.0,51.083333333333336,31887507.75,2017.5833333333333,198644457.0,135.33333333333334,25597139.666666668,321.5,17271695.416666668,640.4166666666666,44249957.916666664,37.333333333333336,45443302.333333336,,,13981.833333333334,255996329.75,17885.416666666668,200899862.66666666,1935.9166666666667,107366074.25,2025.4166666666667,119870531.25,159.91666666666666,23275930.666666668,327.5,59375452.666666664,10.4,3413850.0,113.08333333333333,1218.0,235.08333333333334,346.4166666666667,1846.4166666666667,375.3333333333333,168.91666666666666,1288.0,254.83333333333334,171.5,1417.5,332.5833333333333,192.33333333333334,1700.5833333333333,327.4166666666667,161.0,1440.5,277.25,65.08333333333333,1133.75,159.41666666666666,69961.0,2305729.3333333335,11284290.583333334,20249156.75,20288001.75,10800897.583333334,3651709.4166666665,13.5,161.66666666666666,422.25,628.9166666666666,586.0833333333334,344.8333333333333,133.41666666666666
2647073000,연제구 연산9동,1189.0833333333333,1120.6666666666667,13904.166666666666,12277.166666666666,2450.4166666666665,2502.75,5038.416666666667,6426.833333333333,166474500.0,223453750.0,518.5833333333334,436.4166666666667,398.5,380.4166666666667,383.75,415.0833333333333,562.4166666666666,930.6666666666666,1923.0833333333333,3871.25,4420.166666666667,4671.75,4707.916666666667,4836.5,4801.416666666667,4537.75,4332.5,3905.1666666666665,3015.8333333333335,1974.25,1586.0833333333333,1232.4166666666667,912.5,715.0833333333334,32507.833333333332,33266.75,33680.75,33876.166666666664,33891.75,33659.166666666664,32841.0,30879.666666666668,27086.25,23452.166666666668,21284.5,19883.416666666668,19073.833333333332,18683.166666666668,18359.083333333332,18198.416666666668,19090.416666666668,20322.25,21915.5,23982.666666666668,25605.083333333332,27202.166666666668,29036.916666666668,30587.25,3617.0,3240.75,3070.6666666666665,2957.5,3179.8333333333335,3204.5833333333335,3465.0,3681.75,3871.5,4147.75,4768.166666666667,5448.416666666667,5968.916666666667,6103.25,6359.166666666667,6518.916666666667,6618.5,6634.75,6967.583333333333,7245.75,6989.333333333333,6084.583333333333,4948.833333333333,3816.9166666666665,85.83333333333333,50.583333333333336,32.166666666666664,21.5,17.666666666666668,37.916666666666664,66.33333333333333,98.58333333333333,204.25,344.4166666666667,522.5,741.75,971.0833333333334,863.3333333333334,847.9166666666666,863.8333333333334,923.4166666666666,964.5833333333334,1019.75,948.25,790.5,571.1666666666666,315.0,167.33333333333334,2145358.8333333335,1388517.9166666667,822143.0833333334,532822.8333333334,355161.0833333333,825577.0833333334,1489620.9166666667,2179767.25,3687184.0833333335,8550038.916666666,18401648.666666668,26538980.916666668,30561398.833333332,30162745.0,34490673.666666664,33454567.166666668,32847790.5,32731287.333333332,34145660.416666664,33231532.0,28981288.75,19378747.833333332,9148927.5,3912072.5,230.08333333333334,71302337.0,7534.0,191215140.08333334,446.5,88911705.08333333,1158.0,83386421.58333333,18739.666666666668,704730996.0833334,237.83333333333334,11501535.0,,,54776.75,1433269144.25,99722.33333333333,3098134660.9166665,4399.166666666667,116686132.58333333,8541.333333333334,283181230.75,697.25,82411106.25,887.0,101727577.75,1035.75,45456979.083333336,209.5,3029.5833333333335,615.6666666666666,241.91666666666666,4854.166666666667,767.1666666666666,369.6666666666667,3308.25,740.9166666666666,493.0833333333333,3891.9166666666665,902.9166666666666,562.0,4378.416666666667,935.0,312.1666666666667,3755.0,651.6666666666666,118.83333333333333,2961.5833333333335,337.25,368512.6666666667,17363008.166666668,74175947.33333333,112812421.75,101532497.0,60005389.0,23671535.75,44.75,804.75,2500.0833333333335,3200.25,2774.1666666666665,1561.5,577.4166666666666
2650066000,수영구 남천1동,1651.0,1133.5,5464.666666666667,4490.583333333333,4165.666666666667,3874.1666666666665,15988.416666666666,13974.416666666666,862807583.3333334,725371666.6666666,519.0833333333334,432.25,387.8333333333333,367.6666666666667,359.8333333333333,403.25,554.8333333333334,931.1666666666666,2118.8333333333335,4603.0,5482.333333333333,5823.5,5743.75,5845.083333333333,5856.833333333333,5717.5,5456.166666666667,4782.5,3686.5,2424.1666666666665,1936.9166666666667,1541.0,1110.6666666666667,814.75,12221.083333333334,12601.166666666666,12811.333333333334,12906.75,12894.75,12793.833333333334,12471.583333333334,11818.833333333334,10550.0,9151.25,8285.916666666666,7666.916666666667,7328.5,7154.583333333333,7026.75,7032.916666666667,7294.25,7700.583333333333,8233.416666666666,8919.0,9465.833333333334,10140.083333333334,10893.416666666666,11593.333333333334,5109.166666666667,4397.083333333333,3996.0833333333335,3763.6666666666665,3771.8333333333335,3792.1666666666665,4283.75,5059.0,6670.833333333333,7035.166666666667,8353.916666666666,9677.166666666666,10774.75,10686.083333333334,11342.083333333334,11569.25,11877.5,11819.666666666666,12013.0,12100.666666666666,10895.25,9861.583333333334,7807.833333333333,6354.083333333333,124.5,80.91666666666667,48.75,34.416666666666664,27.25,37.333333333333336,69.66666666666667,126.25,348.9166666666667,666.6666666666666,932.1666666666666,1170.8333333333333,1431.5833333333333,11727.25,5641.416666666667,1206.75,1210.0833333333333,1133.5,1112.1666666666667,960.0833333333334,781.25,578.8333333333334,323.8333333333333,207.08333333333334,4216659.833333333,2216520.0,1309672.5833333333,972053.9166666666,709457.5833333334,851177.3333333334,1451572.3333333333,2368400.1666666665,8431682.083333334,24239745.0,48256059.5,70887223.08333333,60949272.75,718083361.3333334,334428978.3333333,53504739.833333336,52272746.0,45842576.25,41521872.0,38113331.416666664,34206427.333333336,24080923.666666668,12214111.666666666,7059357.166666667,1122.9166666666667,100608916.25,3999.5833333333335,453483676.75,1081.4166666666667,446011997.6666667,717.1666666666666,60344414.416666664,19779.416666666668,1197453680.25,58.666666666666664,4432658.333333333,3101.0,208450942.85714287,102987.0,2405417842.4166665,338821.4166666667,18281901242.75,8521.0,267133689.33333334,22122.166666666668,1700337810.8333333,698.4166666666666,160896730.91666666,1808.25,112005483.58333333,139.41666666666666,7071834.083333333,396.25,1109.4166666666667,1406.0833333333333,353.75,1377.1666666666667,1391.9166666666667,489.75,1151.1666666666667,1164.6666666666667,545.3333333333334,1433.9166666666667,1226.5833333333333,505.75,1661.25,1257.25,330.4166666666667,1565.6666666666667,975.1666666666666,160.41666666666666,1653.8333333333333,615.5833333333334,722204.75,52806735.916666664,206420940.66666666,424334702.5,480907088.3333333,318124813.5,104863790.83333333,96.75,2037.0833333333333,4885.5,7093.666666666667,8098.916666666667,5667.583333333333,2081.0833333333335
2650067000,수영구 남천2동,472.4166666666667,414.9166666666667,5064.166666666667,4215.5,1330.25,1188.25,1647.5833333333333,1683.5,50591583.333333336,50237750.0,209.58333333333334,169.33333333333334,154.0,146.75,142.33333333333334,151.33333333333334,191.0,298.5833333333333,539.1666666666666,1350.0833333333333,1644.0,1793.1666666666667,1689.3333333333333,1843.9166666666667,1838.4166666666667,1779.5,1710.1666666666667,1575.8333333333333,1285.3333333333333,822.0833333333334,693.8333333333334,558.8333333333334,408.9166666666667,315.5833333333333,11684.916666666666,12062.75,12255.833333333334,12339.166666666666,12327.416666666666,12240.0,11966.416666666666,11413.833333333334,10088.75,8717.0,7656.333333333333,6899.666666666667,6495.75,6360.083333333333,6141.416666666667,6049.25,6250.75,6702.833333333333,7243.083333333333,8010.75,8724.666666666666,9519.333333333334,10402.083333333334,11166.0,1976.4166666666667,1800.5833333333333,1671.3333333333333,1606.25,1602.3333333333333,1636.5,1745.3333333333333,1852.75,2035.0833333333333,2171.0,2378.25,2592.1666666666665,3001.1666666666665,3135.1666666666665,3152.9166666666665,3109.1666666666665,3099.4166666666665,3177.25,3480.25,3761.0833333333335,3639.3333333333335,3111.0,2565.5833333333335,2147.5,29.25,16.833333333333332,12.75,9.75,7.833333333333333,7.416666666666667,8.083333333333334,20.666666666666668,61.666666666666664,81.91666666666667,142.58333333333334,217.66666666666666,398.5,331.0,281.0,254.58333333333334,226.0,233.16666666666666,248.16666666666666,248.16666666666666,213.25,148.75,94.83333333333333,54.0,1298178.5,695073.6666666666,455059.4166666667,209984.75,105895.33333333333,65536.75,83375.0,177792.75,658250.75,1377156.0833333333,3410894.0833333335,5265382.416666667,9891717.583333334,9861638.333333334,8554582.416666666,6979026.333333333,6785487.166666667,6456177.666666667,8869139.416666666,9728229.916666666,9056370.0,5614164.416666667,3243555.5,2316899.1666666665,1055.25,1656259.75,1398.5833333333333,134501511.5,158.25,50243218.083333336,459.0833333333333,40533798.666666664,5376.583333333333,202455813.83333334,60.833333333333336,5725405.083333333,,,37860.833333333336,1263180764.25,11293.25,116397137.58333333,1389.5,23184356.166666668,542.5,12490736.916666666,534.4166666666666,98992015.58333333,1880.0833333333333,6882759.333333333,,,111.58333333333333,884.0833333333334,521.9166666666666,47.25,1763.9166666666667,303.5,186.91666666666666,1068.4166666666667,416.8333333333333,139.08333333333334,1479.0,394.5833333333333,184.0,1580.6666666666667,389.1666666666667,150.08333333333334,1371.1666666666667,296.6666666666667,65.5,1130.25,193.08333333333334,497494.3333333333,14025173.416666666,25153662.75,23220181.25,21389353.666666668,12064626.416666666,4489320.083333333,36.25,516.25,816.6666666666666,774.4166666666666,693.0,355.6666666666667,137.16666666666666
2650073000,수영구 수영동,625.3333333333334,549.25,5642.5,5103.75,1135.0833333333333,1158.1666666666667,3254.5,4598.333333333333,93540416.66666667,126910083.33333333,243.33333333333334,194.08333333333334,172.16666666666666,165.41666666666666,156.83333333333334,179.58333333333334,243.75,428.5,843.3333333333334,1622.9166666666667,2099.1666666666665,2331.0,2318.4166666666665,2402.5,2424.9166666666665,2416.0,2329.8333333333335,2173.6666666666665,1710.3333333333333,1176.4166666666667,918.25,694.3333333333334,540.8333333333334,433.75,13260.083333333334,13643.916666666666,13868.75,14006.75,13899.583333333334,13843.583333333334,13515.083333333334,12791.333333333334,11387.916666666666,9650.166666666666,8615.333333333334,8030.75,7752.0,7583.833333333333,7404.916666666667,7441.333333333333,7791.166666666667,8323.166666666666,8971.25,9801.833333333334,10429.083333333334,11171.416666666666,12009.666666666666,12729.666666666666,1644.5833333333333,1407.25,1265.0,1177.0833333333333,1140.3333333333333,1173.4166666666667,1289.6666666666667,1454.4166666666667,1712.4166666666667,1852.25,2180.8333333333335,2514.5,2797.25,2905.0833333333335,3038.1666666666665,3175.4166666666665,3226.4166666666665,3335.5833333333335,3486.3333333333335,3552.1666666666665,3244.0833333333335,2934.5833333333335,2500.5833333333335,2048.0833333333335,126.08333333333333,82.5,56.25,41.166666666666664,38.75,47.083333333333336,63.75,107.91666666666667,166.83333333333334,279.75,372.4166666666667,484.25,635.0,567.3333333333334,535.75,557.5833333333334,581.5833333333334,597.0,601.5,570.1666666666666,481.8333333333333,377.9166666666667,282.9166666666667,196.25,3494823.1666666665,2432628.3333333335,1529952.8333333333,1105695.5,993056.3333333334,1183708.1666666667,1482754.5,1892246.8333333333,2623013.3333333335,7120130.166666667,11924344.0,15230617.416666666,17037123.833333332,15827276.75,16326908.0,18990323.0,17342395.0,17532124.416666668,15475066.75,15615624.416666666,13447953.833333334,9499022.583333334,7211796.583333333,5134738.916666667,58.5,28611992.75,2481.6666666666665,173957508.25,138.0,36642041.333333336,823.8333333333334,47806077.416666664,10911.083333333334,481391752.0833333,61.25,3320529.4166666665,,,56904.583333333336,1264290367.75,41819.666666666664,501160935.6666667,4732.666666666667,96769194.33333333,6514.833333333333,411843300.5,1950.1666666666667,271079184.5,782.0833333333334,21820757.666666668,1607.8333333333333,56345673.083333336,95.75,1246.0,322.0833333333333,12.25,1038.25,238.91666666666666,189.58333333333334,1283.1666666666667,332.4166666666667,216.5,1301.8333333333333,334.5833333333333,289.1666666666667,1823.3333333333333,424.0,258.0,2213.0,391.8333333333333,110.75,1838.25,247.25,456210.25,16849840.583333332,40055419.5,49927829.25,51675728.833333336,42371760.0,19114641.583333332,44.666666666666664,941.0,1697.25,1470.6666666666667,1678.25,1345.6666666666667,673.1666666666666
2650074000,수영구 망미1동,1000.3333333333334,825.1666666666666,10038.916666666666,8796.25,1607.1666666666667,1596.75,2401.6666666666665,3178.25,55057666.666666664,70862750.0,460.0833333333333,407.0833333333333,376.3333333333333,369.5,347.1666666666667,372.3333333333333,457.0833333333333,774.3333333333334,2090.3333333333335,3076.5,3390.8333333333335,3508.5833333333335,3506.4166666666665,3556.5,3495.5,3420.75,3267.0,2811.1666666666665,2212.5833333333335,1572.3333333333333,1334.5833333333333,1167.0,1012.0833333333334,890.0833333333334,23304.083333333332,23841.666666666668,24114.583333333332,24275.5,24126.25,23983.416666666668,23312.666666666668,22000.666666666668,19757.833333333332,17140.583333333332,15333.333333333334,14189.166666666666,13631.583333333334,13405.0,13060.666666666666,13086.666666666666,13709.583333333334,14658.333333333334,15784.083333333334,17259.666666666668,18490.75,19833.583333333332,21275.75,22495.166666666668,2456.4166666666665,2190.75,2069.9166666666665,1994.3333333333333,1994.75,2044.1666666666667,2218.9166666666665,2578.25,3258.4166666666665,3213.0,3451.5833333333335,3554.8333333333335,3593.1666666666665,3723.5833333333335,3867.0,4007.8333333333335,4093.0,4078.75,4139.0,4181.416666666667,3979.75,3768.75,3444.6666666666665,3051.1666666666665,36.833333333333336,20.833333333333332,13.5,10.5,10.333333333333334,17.75,38.916666666666664,84.58333333333333,142.33333333333334,242.66666666666666,326.9166666666667,380.4166666666667,449.6666666666667,418.0833333333333,420.6666666666667,449.75,481.4166666666667,504.0,462.8333333333333,359.6666666666667,283.6666666666667,217.0,144.25,68.25,461363.25,232095.58333333334,172594.83333333334,89205.66666666667,111000.0,366520.8333333333,976981.5,1764783.5833333333,2472012.3333333335,5878363.916666667,9316472.916666666,11559878.583333334,9673988.75,9424209.0,9743908.166666666,10678069.666666666,11371223.416666666,10827566.416666666,9797184.333333334,7386033.916666667,6019630.75,4246435.166666667,2475538.25,973281.5,744.1666666666666,7900732.416666667,1592.25,102460232.41666667,366.4166666666667,47577308.75,603.8333333333334,39500765.833333336,6037.25,170019620.91666666,,,,,24143.916666666668,388740787.6666667,32132.833333333332,375144730.0833333,6775.666666666667,151830817.25,2899.0833333333335,139394774.75,820.1666666666666,72569290.58333333,5512.583333333333,88346537.91666667,1090.25,44220375.916666664,140.08333333333334,2078.1666666666665,388.8333333333333,509.6666666666667,2478.5833333333335,414.0833333333333,184.91666666666666,1895.5833333333333,475.75,227.66666666666666,2206.4166666666665,507.5,301.3333333333333,3310.4166666666665,585.5,276.8333333333333,3463.75,509.0,182.33333333333334,3399.5,320.75,193896.16666666666,6005229.166666667,21878419.416666668,32988206.416666668,29211165.416666668,24609760.583333332,11045752.0,30.916666666666668,395.4166666666667,1154.3333333333333,1462.6666666666667,1231.75,877.9166666666666,426.1666666666667
2650075000,수영구 망미2동,533.75,469.75,4383.083333333333,4019.25,1780.5,1664.75,884.3333333333334,1265.0,32570916.666666668,53504750.0,228.16666666666666,186.66666666666666,172.66666666666666,167.25,164.16666666666666,175.16666666666666,245.5,400.4166666666667,884.5833333333334,1584.0,1874.25,2013.6666666666667,1965.6666666666667,2064.8333333333335,2060.0,2010.8333333333333,1916.25,1710.6666666666667,1364.5,874.3333333333334,671.0833333333334,540.0,450.5833333333333,370.5833333333333,10612.5,10969.333333333334,11178.0,11296.916666666666,11290.083333333334,11211.833333333334,10849.75,10173.5,8873.416666666666,7511.0,6665.5,6136.416666666667,5902.5,5778.5,5606.666666666667,5585.333333333333,5803.916666666667,6222.083333333333,6718.916666666667,7375.0,7953.0,8634.25,9337.666666666666,9981.833333333334,2275.1666666666665,2042.0833333333333,1940.5,1890.3333333333333,1911.6666666666667,1991.0,2115.25,2520.5833333333335,2790.75,2782.6666666666665,3444.0833333333335,4314.5,4458.25,4532.333333333333,4833.083333333333,5000.916666666667,4997.083333333333,4853.833333333333,4802.25,4695.0,4565.333333333333,4236.833333333333,3109.8333333333335,2592.3333333333335,18.666666666666668,11.833333333333334,9.416666666666666,7.5,7.083333333333333,8.583333333333334,14.583333333333334,23.833333333333332,42.333333333333336,104.5,123.08333333333333,156.0,233.16666666666666,204.91666666666666,202.41666666666666,177.0,160.58333333333334,143.5,139.0,128.91666666666666,99.83333333333333,67.75,45.333333333333336,30.583333333333332,387394.0,293192.25,223126.08333333334,202091.08333333334,550696.9166666666,141048.91666666666,219812.33333333334,521822.0833333333,1655850.4166666667,5531678.333333333,6854037.75,7569449.75,9609948.083333334,7689882.25,8740367.916666666,7321541.25,6860673.75,5643681.083333333,4791962.75,4770816.166666667,3790552.1666666665,1848346.6666666667,847629.0,564586.3333333334,115.16666666666667,859796.9166666666,1231.4166666666667,154654421.16666666,121.5,16743996.416666666,245.83333333333334,14297660.833333334,7313.333333333333,280743716.3333333,68.25,5332895.75,,,16357.0,493518176.6666667,10212.416666666666,93039578.66666667,407.5833333333333,15958523.416666666,3806.5833333333335,337723928.25,212.08333333333334,36493301.25,184.25,34849664.416666664,154.75,7996261.416666667,104.83333333333333,847.75,348.1666666666667,99.08333333333333,1217.75,511.1666666666667,158.91666666666666,1133.4166666666667,488.6666666666667,194.25,1120.5833333333333,645.1666666666666,213.33333333333334,1284.75,642.4166666666666,161.41666666666666,1392.6666666666667,509.3333333333333,69.5,1403.0,297.6666666666667,114427.0,4397604.666666667,16337035.583333334,24655555.416666668,21780306.416666668,13601664.5,5209734.25,11.333333333333334,198.08333333333334,529.0833333333334,580.9166666666666,446.0,283.5,99.91666666666667
2650076000,수영구 광안1동,739.5,660.0833333333334,8504.333333333334,7485.333333333333,1363.75,1327.75,4000.25,4421.583333333333,94142916.66666667,100931500.0,412.8333333333333,342.6666666666667,320.8333333333333,310.5833333333333,327.5833333333333,358.8333333333333,450.6666666666667,705.5,1232.6666666666667,2171.5,2481.0,2704.0,2665.25,2770.8333333333335,2726.9166666666665,2567.1666666666665,2419.5,2206.3333333333335,1784.0,1278.9166666666667,1072.4166666666667,891.8333333333334,767.5,665.0833333333334,20214.166666666668,20811.083333333332,21166.75,21387.666666666668,21517.833333333332,21372.416666666668,20830.083333333332,19468.333333333332,17088.5,14247.333333333334,12645.583333333334,11669.833333333334,11114.916666666666,10867.416666666666,10627.333333333334,10604.833333333334,11019.166666666666,11794.0,12800.416666666666,14164.0,15260.166666666666,16410.166666666668,17741.416666666668,18935.916666666668,2406.0833333333335,2226.9166666666665,2124.3333333333335,2067.0833333333335,2233.5833333333335,2219.25,2301.0,2369.9166666666665,2382.1666666666665,2503.5,2757.6666666666665,2916.25,2953.6666666666665,2943.1666666666665,2999.6666666666665,2981.6666666666665,2973.4166666666665,3011.6666666666665,3163.25,3332.0,3295.25,3074.9166666666665,2831.3333333333335,2564.8333333333335,138.33333333333334,86.75,55.0,37.416666666666664,29.416666666666668,40.333333333333336,51.333333333333336,85.08333333333333,208.83333333333334,317.8333333333333,417.25,510.25,621.8333333333334,546.6666666666666,523.5,539.25,551.3333333333334,603.6666666666666,695.9166666666666,660.75,580.75,496.1666666666667,380.3333333333333,238.75,2517362.5833333335,1501982.0,889466.4166666666,531384.3333333334,504266.1666666667,462487.4166666667,562884.3333333334,857027.3333333334,3013781.8333333335,7697552.666666667,12586085.416666666,16228315.166666666,16933258.166666668,13205704.916666666,13573754.5,13849480.583333334,13654899.75,13701441.75,14405622.333333334,14417231.75,12774095.416666666,10031785.916666666,7065830.0,4114673.6666666665,764.9166666666666,7056694.666666667,3795.5,143026615.75,271.6666666666667,61189777.5,1230.25,84024343.0,6438.166666666667,285742824.75,37.0,27178171.85714286,,,51899.25,1095541962.9166667,69693.5,778025083.4166666,3898.75,92576811.16666667,7662.083333333333,443040010.3333333,289.6666666666667,38888862.583333336,463.8333333333333,75609825.0,,,150.83333333333334,2165.9166666666665,499.75,154.75,2287.5833333333335,381.5,239.58333333333334,2279.5833333333335,438.25,227.5,2152.6666666666665,375.8333333333333,270.0,2552.5,400.0,237.5,2405.0,350.5,117.08333333333333,2143.75,243.08333333333334,443256.8333333333,23099190.416666668,40472032.333333336,41211667.666666664,43139534.333333336,28965117.0,17744771.5,41.666666666666664,1567.75,2255.6666666666665,1532.3333333333333,1589.25,935.8333333333334,496.9166666666667
2650077000,수영구 광안2동,1122.4166666666667,819.75,6789.0,5665.5,3928.5,3264.1666666666665,8442.25,8256.583333333334,214012916.66666666,235633250.0,500.6666666666667,401.4166666666667,355.0833333333333,341.75,314.0833333333333,353.0,452.6666666666667,775.9166666666666,1505.9166666666667,3010.1666666666665,3551.5833333333335,3851.75,3895.9166666666665,3901.0833333333335,3937.8333333333335,3757.1666666666665,3575.0,3201.0,2488.4166666666665,1834.6666666666667,1509.1666666666667,1228.5833333333333,1028.6666666666667,853.0833333333334,15148.666666666666,15492.25,15677.333333333334,15791.0,15681.083333333334,15618.833333333334,15271.333333333334,14648.916666666666,13381.0,11700.75,10520.083333333334,9791.25,9404.083333333334,9197.416666666666,8959.666666666666,8892.5,9197.75,9656.25,10379.083333333334,11264.75,11998.5,12842.75,13797.916666666666,14605.5,6263.583333333333,5396.25,4916.5,4639.166666666667,4409.25,4435.333333333333,4596.833333333333,5192.166666666667,6021.666666666667,6156.5,6699.833333333333,7139.25,7402.0,7793.333333333333,8232.083333333334,8814.083333333334,9238.666666666666,9235.916666666666,9826.333333333334,10209.916666666666,10446.666666666666,9580.75,8626.75,7371.583333333333,509.75,352.0,224.33333333333334,133.41666666666666,80.5,66.5,84.33333333333333,124.75,253.25,357.25,515.25,800.5,1093.3333333333333,1078.1666666666667,1086.5,1092.5,1079.75,1081.0833333333333,1199.3333333333333,1270.8333333333333,1289.9166666666667,1207.3333333333333,1002.0,721.1666666666666,11379840.333333334,7873871.25,5163925.666666667,3288305.6666666665,2039366.9166666667,1382790.0833333333,1779969.8333333333,1981124.5833333333,4263004.916666667,15669794.083333334,24909665.416666668,30651805.333333332,30972858.083333332,28522563.916666668,29742745.0,30133471.083333332,28879330.333333332,26623522.416666668,29828819.75,34101615.916666664,34016825.833333336,28657066.166666668,21440478.333333332,16344373.916666666,1843.3333333333333,11555487.0,2683.3333333333335,302816959.3333333,841.0833333333334,48609310.333333336,1434.75,73557266.25,65588.0,618138943.75,1661.9166666666667,108320738.25,18.0,1605762.0,132800.41666666666,4117312472.8333335,97517.0,956096456.9166666,1927.3333333333333,40629288.166666664,6103.25,651702831.0833334,3031.0833333333335,141719795.5,3403.25,271640712.1666667,1100.8333333333333,48549681.583333336,256.4166666666667,1467.0,2058.0833333333335,248.0,1831.4166666666667,852.8333333333334,359.8333333333333,1688.4166666666667,1298.6666666666667,326.6666666666667,1677.1666666666667,951.0,323.25,1885.9166666666667,906.6666666666666,262.8333333333333,1790.4166666666667,691.8333333333334,162.66666666666666,2111.6666666666665,431.75,3525718.4166666665,95038212.08333333,114383634.75,89404156.25,81046764.25,48364928.416666664,17883727.416666668,261.25,5311.416666666667,4776.75,2639.1666666666665,2210.5,1029.5833333333333,467.5833333333333
2650078000,수영구 광안3동,875.0,727.25,3577.0,3238.0,1930.25,1886.8333333333333,3184.25,4164.25,122892083.33333333,167371250.0,285.5833333333333,239.33333333333334,217.33333333333334,203.75,189.83333333333334,205.08333333333334,291.0833333333333,496.0833333333333,974.75,2771.0833333333335,3327.25,3550.4166666666665,3545.5833333333335,3525.3333333333335,3405.5,3202.5833333333335,3028.5,2668.9166666666665,2104.25,1360.0,1050.5833333333333,800.0,584.75,454.5833333333333,8472.5,8725.5,8873.0,8957.083333333334,8927.583333333334,8844.75,8554.333333333334,8077.25,7295.25,6261.0,5604.916666666667,5206.416666666667,5001.75,4851.75,4673.083333333333,4668.166666666667,4815.416666666667,5108.5,5479.166666666667,6051.5,6480.833333333333,7027.5,7574.5,8043.916666666667,2716.0,2238.25,1963.0833333333333,1753.1666666666667,1618.3333333333333,1597.1666666666667,1962.1666666666667,2357.8333333333335,3648.0833333333335,3718.25,4235.833333333333,4613.5,4851.75,4710.416666666667,4894.583333333333,5021.75,5083.916666666667,5363.25,5676.75,5907.666666666667,5208.583333333333,4787.916666666667,4218.416666666667,3477.0833333333335,169.66666666666666,123.33333333333333,79.41666666666667,54.333333333333336,36.166666666666664,36.5,48.166666666666664,67.58333333333333,152.16666666666666,320.3333333333333,427.1666666666667,507.4166666666667,593.0833333333334,439.0833333333333,451.75,446.1666666666667,456.9166666666667,475.0,497.75,494.0833333333333,473.3333333333333,423.0833333333333,332.3333333333333,239.0,6955185.333333333,5293229.75,3397821.6666666665,2448581.25,1344842.0,946850.0833333334,907089.5833333334,1094924.6666666667,2320898.6666666665,13508513.416666666,25821712.0,31323172.25,26639101.75,18611763.416666668,17259766.25,17958836.75,15005786.916666666,14099363.333333334,14408400.75,16579757.666666666,17909212.5,15495213.916666666,11578425.083333334,9362110.916666666,492.1666666666667,15371128.5,3884.5,104264657.25,106.5,37967189.75,612.4166666666666,37315198.166666664,6862.583333333333,149120266.83333334,171.33333333333334,12866632.666666666,,,56117.583333333336,2115021796.75,33587.916666666664,276539014.4166667,1002.5833333333334,29223831.5,19257.5,1396106389.1666667,805.4166666666666,75391395.08333333,596.4166666666666,16372902.416666666,,,196.75,926.6666666666666,769.9166666666666,208.66666666666666,693.0833333333334,349.25,269.75,957.8333333333334,628.0833333333334,280.5833333333333,821.8333333333334,542.25,320.0833333333333,1234.25,599.9166666666666,229.16666666666666,1190.25,544.25,94.66666666666667,988.5833333333334,380.6666666666667,369467.9166666667,27632116.666666668,57620560.916666664,63016083.916666664,67474784.66666667,50268602.583333336,23885965.333333332,37.916666666666664,1230.9166666666667,1925.3333333333333,1403.5833333333333,1327.9166666666667,935.75,484.6666666666667
2650079000,수영구 광안4동,617.0,515.0,5196.5,4255.416666666667,1591.0,1407.3333333333333,2425.5833333333335,2631.75,65771916.666666664,62798000.0,239.08333333333334,204.83333333333334,189.66666666666666,183.66666666666666,187.16666666666666,212.91666666666666,345.8333333333333,594.0,1125.6666666666667,2133.4166666666665,2378.0,2470.0833333333335,2420.4166666666665,2384.4166666666665,2402.0833333333335,2227.0833333333335,1997.6666666666667,1687.25,1168.5833333333333,803.5,662.4166666666666,536.0,427.5,346.4166666666667,12030.25,12461.416666666666,12672.916666666666,12784.25,12783.0,12663.25,12302.5,11495.25,10059.833333333334,8637.25,7667.916666666667,7020.75,6660.416666666667,6473.583333333333,6275.75,6218.416666666667,6431.0,6795.583333333333,7365.166666666667,8161.25,8791.5,9577.333333333334,10408.5,11162.75,2196.0833333333335,1999.0,1910.1666666666667,1877.6666666666667,1947.5,1983.75,2150.75,2421.5833333333335,2738.0,3161.5833333333335,3647.6666666666665,3846.5833333333335,3800.0833333333335,3581.6666666666665,3781.1666666666665,3924.6666666666665,3872.25,3756.9166666666665,3676.5,3700.4166666666665,3536.0,3325.25,2835.0,2399.0,36.666666666666664,23.916666666666668,17.25,13.0,11.75,20.083333333333332,38.583333333333336,54.583333333333336,152.75,306.1666666666667,367.5,422.3333333333333,477.6666666666667,315.0833333333333,367.0833333333333,412.4166666666667,422.0,398.8333333333333,350.25,271.3333333333333,218.25,170.75,121.41666666666667,70.66666666666667,478800.5,296009.75,169097.33333333334,122823.75,120698.25,200936.16666666666,439860.4166666667,600297.0833333334,2259117.5,10705495.416666666,15348616.916666666,15243200.666666666,12786878.25,6557110.5,9478902.916666666,11608077.666666666,10710574.833333334,9915589.0,7323893.0,4829636.083333333,4203655.0,2670928.4166666665,1641919.25,921168.9166666666,92.5,1339554.4166666667,1175.0,52620936.666666664,144.16666666666666,22978830.5,561.25,28569102.916666668,8298.666666666666,257682889.33333334,44.666666666666664,2422752.25,,,25091.166666666668,314047325.0,32214.916666666668,313207892.1666667,3332.3333333333335,78038101.33333333,12268.833333333334,685683757.0833334,604.5,32337656.083333332,418.0,31785502.75,,,130.25,1168.0,415.5,207.41666666666666,1272.5833333333333,448.1666666666667,171.33333333333334,1302.1666666666667,418.9166666666667,178.0,1325.1666666666667,441.6666666666667,220.0,1476.4166666666667,513.6666666666666,143.75,1533.0833333333333,412.9166666666667,78.5,1372.0,345.1666666666667,238253.66666666666,8198702.833333333,28568566.416666668,27832430.916666668,26256879.25,22663089.916666668,14814215.916666666,37.083333333333336,554.4166666666666,1169.0,1136.0,998.0833333333334,751.3333333333334,409.1666666666667
2650080000,수영구 민락동,1074.5833333333333,1060.6666666666667,9208.166666666666,7923.166666666667,4338.0,4191.583333333333,9801.75,10918.666666666666,273823750.0,327130416.6666667,604.8333333333334,469.0833333333333,395.9166666666667,359.9166666666667,358.25,424.0,602.8333333333334,967.0833333333334,1744.75,2841.25,3552.75,3944.8333333333335,4074.6666666666665,4210.75,4242.166666666667,4141.333333333333,3920.6666666666665,3531.75,2908.75,2248.75,1930.4166666666667,1630.6666666666667,1273.25,968.5,20702.416666666668,21108.083333333332,21334.25,21466.083333333332,21455.916666666668,21298.75,20795.083333333332,19928.75,18119.583333333332,16046.0,14499.833333333334,13436.583333333334,12893.083333333334,12669.75,12415.25,12380.5,12853.916666666666,13577.416666666666,14537.333333333334,15755.25,16818.5,17962.583333333332,19090.666666666668,20036.75,7818.5,6566.75,5717.25,5128.916666666667,4997.0,4916.583333333333,5089.666666666667,5533.583333333333,6205.333333333333,6351.0,6765.5,7310.75,8178.083333333333,8710.25,9128.25,9209.666666666666,9593.833333333334,10546.833333333334,12497.0,14319.916666666666,15015.166666666666,13828.833333333334,11761.666666666666,9571.5,606.0,381.75,224.0,133.16666666666666,73.91666666666667,71.41666666666667,105.25,166.75,302.3333333333333,428.9166666666667,599.0833333333334,951.75,1274.1666666666667,1325.5833333333333,1309.5833333333333,1286.0,1294.0833333333333,1326.25,1491.0833333333333,1724.75,1828.3333333333333,1636.6666666666667,1295.1666666666667,893.5,18059282.583333332,11175677.75,6190886.25,3916218.6666666665,1857643.8333333333,4359237.666666667,3623429.75,4786082.833333333,7798770.916666667,11870962.416666666,16310399.0,23898110.083333332,33606859.333333336,38041808.416666664,36540346.166666664,32714654.166666668,29569718.083333332,32516934.166666668,42972138.833333336,58038891.333333336,63926836.333333336,54507235.333333336,38473659.416666664,26199535.166666668,2364.6666666666665,14115807.0,4109.416666666667,175453744.66666666,206.75,40634672.75,2460.25,120874801.83333333,59769.833333333336,977891424.25,854.0833333333334,40317496.25,,,196900.75,7133776692.583333,96540.83333333333,1048821598.25,9242.916666666666,575571253.6666666,4390.166666666667,107329052.41666667,2852.1666666666665,101677527.91666667,5239.666666666667,144140847.66666666,1658.9166666666667,70755364.25,264.5833333333333,1750.1666666666667,2400.3333333333335,89.08333333333333,2318.9166666666665,927.8333333333334,374.1666666666667,2210.4166666666665,1597.3333333333333,388.25,2339.4166666666665,1226.25,459.9166666666667,2791.0833333333335,1144.0,404.25,2989.8333333333335,815.0833333333334,152.75,2729.0833333333335,416.1666666666667,4092130.9166666665,125165550.25,161392138.33333334,116854006.33333333,105728028.5,66033894.916666664,21689577.416666668,258.5833333333333,5743.5,5967.833333333333,3685.8333333333335,2985.5833333333335,1538.25,538.5833333333334
2653058000,사상구 삼락동,932.1666666666666,1483.0833333333333,2272.5,2625.75,1002.9166666666666,1349.4166666666667,725.9166666666666,1677.1666666666667,33183916.666666668,71253750.0,279.5,206.16666666666666,177.0,167.83333333333334,158.16666666666666,188.58333333333334,326.8333333333333,1036.1666666666667,3374.0833333333335,4981.583333333333,5255.083333333333,5363.333333333333,5192.916666666667,5261.083333333333,5228.083333333333,5096.333333333333,4902.75,4410.416666666667,2705.0833333333335,1619.1666666666667,947.9166666666666,605.5,478.3333333333333,410.6666666666667,6151.916666666667,6292.833333333333,6385.333333333333,6431.25,6224.25,6231.333333333333,6080.916666666667,5665.5,4957.0,4222.5,3841.8333333333335,3633.0833333333335,3534.0,3459.9166666666665,3379.75,3398.9166666666665,3548.75,3807.0833333333335,4154.333333333333,4584.833333333333,4874.083333333333,5261.583333333333,5628.5,5950.833333333333,1274.5833333333333,1083.75,1013.5833333333334,969.3333333333334,938.75,1046.6666666666667,1358.0,1996.0833333333333,2581.0833333333335,2698.0,2953.8333333333335,3089.1666666666665,3405.0,3320.1666666666665,3428.0,3446.9166666666665,3484.0,3578.0,3612.5,3160.6666666666665,2599.75,2213.6666666666665,1890.6666666666667,1587.4166666666667,13.833333333333334,10.083333333333334,7.916666666666667,7.083333333333333,9.5,18.333333333333332,36.5,70.25,94.58333333333333,113.33333333333333,132.25,170.0,259.1666666666667,219.5,184.33333333333334,163.08333333333334,155.91666666666666,171.66666666666666,177.83333333333334,150.41666666666666,109.83333333333333,66.58333333333333,44.666666666666664,22.75,399410.5833333333,361641.25,166032.08333333334,110848.16666666667,250491.08333333334,605508.75,1078545.5833333333,1957754.3333333333,3899501.5,5196582.833333333,6521563.75,7408076.25,9517485.583333334,10237828.666666666,9389232.916666666,8166223.166666667,8235901.166666667,8049365.333333333,7344450.416666667,6764256.0,4966561.75,2236485.8333333335,1331666.5,606859.3333333334,54.416666666666664,42960101.583333336,1800.8333333333333,199946499.58333334,88.08333333333333,28982473.916666668,224.5,7051751.666666667,8243.833333333334,255153416.08333334,55.916666666666664,2094811.0833333333,,,15746.416666666666,515245912.1666667,13017.833333333334,302205439.8333333,663.25,47669672.25,353.9166666666667,12583873.666666666,183.83333333333334,44164111.25,484.6666666666667,114039290.25,820.4166666666666,44868676.416666664,176.66666666666666,644.25,270.5833333333333,52.333333333333336,524.5,230.66666666666666,330.6666666666667,537.0,324.4166666666667,496.5833333333333,705.25,397.5833333333333,758.75,1013.9166666666666,524.5833333333334,460.8333333333333,814.1666666666666,423.0833333333333,136.75,656.9166666666666,178.66666666666666,138114.66666666666,4111547.75,14350896.916666666,21455172.0,30845517.833333332,27494303.916666668,6119501.833333333,7.75,158.91666666666666,453.0,493.5833333333333,646.5,510.5833333333333,134.5
2653059100,사상구 모라1동,1497.8333333333333,2052.8333333333335,11224.166666666666,10602.083333333334,1624.75,2050.75,3218.75,4902.416666666667,80567916.66666667,118548333.33333333,459.9166666666667,385.4166666666667,351.8333333333333,338.5,345.0833333333333,409.25,626.25,1302.3333333333333,3925.25,6856.583333333333,7469.0,7732.333333333333,7646.166666666667,7745.833333333333,7600.25,7296.833333333333,7046.75,6413.416666666667,4406.0,2517.8333333333335,1768.4166666666667,1183.0,830.75,627.4166666666666,27120.666666666668,27565.416666666668,27790.25,27917.416666666668,27910.416666666668,27691.75,26830.416666666668,25003.666666666668,21790.416666666668,18704.083333333332,17079.166666666668,16128.25,15670.833333333334,15408.666666666666,15168.0,15260.666666666666,16116.166666666666,17434.166666666668,19143.916666666668,20978.0,22310.333333333332,23684.333333333332,25016.0,26123.083333333332,2134.0833333333335,1859.25,1676.5833333333333,1576.3333333333333,1587.25,1670.0,2021.5,2456.3333333333335,3349.8333333333335,3599.3333333333335,4207.25,4610.833333333333,5257.5,5159.583333333333,5166.0,5087.25,5121.583333333333,5396.666666666667,5883.333333333333,5577.5,4909.5,4034.5,3212.0833333333335,2719.9166666666665,78.16666666666667,50.25,33.25,23.25,25.25,47.0,81.5,161.91666666666666,240.5,335.3333333333333,452.1666666666667,563.25,748.5833333333334,600.75,564.1666666666666,583.3333333333334,603.25,655.0833333333334,651.6666666666666,547.5833333333334,429.5,301.3333333333333,212.08333333333334,130.0,2097661.6666666665,1323949.3333333333,811170.3333333334,429062.3333333333,339659.5,480815.0,831995.4166666666,1597007.75,3840913.75,7335478.333333333,11556173.666666666,14503570.0,16966372.833333332,15832555.583333334,15717928.083333334,16776562.666666666,15533629.416666666,16602460.666666666,15618697.166666666,14778557.083333334,11337580.75,7033477.75,4734835.333333333,3065953.8333333335,2153.4166666666665,11604582.666666666,4873.333333333333,421784934.25,511.5,45357326.166666664,1333.5,47164249.75,15007.75,482871254.0833333,65.16666666666667,3010204.1666666665,,,44772.916666666664,1104288035.3333333,53302.0,707282211.6666666,7896.416666666667,268966284.75,6439.5,153679255.83333334,930.0833333333334,101313849.0,2318.5,124502489.16666667,50.416666666666664,2238933.0833333335,339.5,2868.5833333333335,472.5,277.3333333333333,3218.0833333333335,413.6666666666667,529.25,2548.1666666666665,502.6666666666667,679.1666666666666,2930.0833333333335,600.0,975.5,4301.416666666667,787.5833333333334,600.6666666666666,3545.5833333333335,610.5833333333334,146.25,2412.0833333333335,286.1666666666667,217709.33333333334,9618610.0,27338837.75,42929605.166666664,56727574.166666664,47271636.916666664,15016776.166666666,58.25,749.3333333333334,1587.1666666666667,1682.0,2018.0,1528.9166666666667,495.9166666666667
2653059300,사상구 모라3동,233.91666666666666,202.41666666666666,5386.583333333333,4628.916666666667,517.8333333333334,671.0,171.08333333333334,366.3333333333333,3151666.6666666665,4934000.0,61.583333333333336,57.333333333333336,51.25,48.5,48.0,51.5,68.33333333333333,137.75,393.5833333333333,1041.1666666666667,1114.1666666666667,1141.0833333333333,1136.0833333333333,1140.3333333333333,1053.6666666666667,872.9166666666666,762.4166666666666,547.0833333333334,397.8333333333333,234.41666666666666,162.25,117.75,93.08333333333333,72.08333333333333,12215.833333333334,12404.083333333334,12522.0,12585.416666666666,12569.0,12436.5,12103.0,11471.25,10188.166666666666,9007.666666666666,8207.0,7683.5,7402.333333333333,7252.5,7168.083333333333,7179.833333333333,7546.916666666667,8065.666666666667,8756.666666666666,9485.083333333334,10114.416666666666,10755.333333333334,11408.166666666666,11896.916666666666,561.0,511.4166666666667,478.9166666666667,463.0,464.75,521.3333333333334,764.3333333333334,990.3333333333334,1276.0,1580.25,1778.5,1806.0,1690.4166666666667,1709.1666666666667,1771.6666666666667,1779.1666666666667,1868.25,1876.75,1814.9166666666667,1533.3333333333333,1135.8333333333333,967.25,793.0833333333334,651.25,9.083333333333334,7.083333333333333,7.333333333333333,6.0,5.916666666666667,8.916666666666666,10.5,13.166666666666666,22.25,23.416666666666668,23.833333333333332,35.416666666666664,46.25,33.166666666666664,30.25,31.833333333333332,36.333333333333336,40.083333333333336,44.25,36.583333333333336,29.5,25.75,18.25,14.583333333333334,82072.08333333333,74116.66666666667,61736.333333333336,70615.58333333333,62230.666666666664,90224.08333333333,83192.66666666667,111172.91666666667,188883.75,382498.9166666667,469109.5833333333,622638.8333333334,627444.0,455269.4166666667,530973.1666666666,505209.0833333333,706127.1666666666,715957.0833333334,772624.0,779185.25,413428.0833333333,307122.8333333333,168784.08333333334,122854.66666666667,,,181.58333333333334,17403399.666666668,72.91666666666667,18429852.333333332,179.83333333333334,3466554.5,211.25,45344455.916666664,,,,,2298.8333333333335,34199272.416666664,5671.083333333333,50449312.75,449.6666666666667,12746117.5,380.75,11998055.083333334,94.28571428571429,4177306.0,,,,,45.25,1032.5,146.5,109.91666666666667,1013.9166666666666,151.33333333333334,52.333333333333336,1005.3333333333334,136.83333333333334,57.833333333333336,1280.1666666666667,199.5,91.58333333333333,1839.0833333333333,257.8333333333333,54.25,1949.25,198.0,22.833333333333332,1892.8333333333333,96.33333333333333,34425.36363636364,324310.8333333333,1196911.0,1756157.0,2527144.9166666665,1807975.6666666667,472109.25,5.909090909090909,43.583333333333336,101.58333333333333,127.08333333333333,132.58333333333334,100.91666666666667,28.833333333333332
2653060000,사상구 덕포1동,307.75,301.1666666666667,3835.4166666666665,3689.25,772.3333333333334,777.3333333333334,1149.4166666666667,1729.5833333333333,32743166.666666668,50836916.666666664,152.08333333333334,131.58333333333334,122.41666666666667,117.16666666666667,116.5,125.08333333333333,147.66666666666666,235.66666666666666,563.9166666666666,1110.0,1247.5,1299.75,1294.5833333333333,1275.4166666666667,1261.0,1180.1666666666667,1121.25,880.75,690.75,492.4166666666667,359.0833333333333,291.25,222.91666666666666,184.0,9887.416666666666,10180.083333333334,10318.166666666666,10392.25,10403.083333333334,10244.5,9807.833333333334,9088.916666666666,7761.75,6249.916666666667,5534.916666666667,5097.083333333333,4886.416666666667,4774.0,4646.583333333333,4637.75,4885.583333333333,5301.416666666667,5948.25,6830.166666666667,7381.25,8082.833333333333,8829.5,9432.25,1266.75,1158.9166666666667,1086.25,1047.5,1059.25,1077.6666666666667,1092.0833333333333,1201.75,1388.4166666666667,1448.25,1579.4166666666667,1690.3333333333333,1782.0,1787.75,1829.75,1891.25,1927.75,1952.8333333333333,2082.5833333333335,2136.3333333333335,1925.0833333333333,1769.25,1586.6666666666667,1420.4166666666667,28.0,19.083333333333332,12.0,10.583333333333334,12.083333333333334,23.666666666666668,40.25,59.083333333333336,78.25,127.41666666666667,163.58333333333334,197.16666666666666,249.33333333333334,216.0,204.0,212.41666666666666,222.58333333333334,239.08333333333334,226.41666666666666,184.58333333333334,138.0,99.91666666666667,70.08333333333333,47.333333333333336,871249.0,473534.6666666667,347539.25,359012.5,433103.1666666667,910401.75,1446261.4166666667,1846461.3333333333,2225320.0833333335,3598176.5,5099949.666666667,5743228.25,6581100.166666667,5874616.5,5925142.583333333,6397100.416666667,6551545.916666667,6930649.333333333,6439682.916666667,5616168.166666667,4334585.333333333,2828380.0833333335,1793900.4166666667,1209635.75,43.25,6768237.833333333,396.8333333333333,20703606.416666668,171.0,8475212.583333334,341.1666666666667,14759397.916666666,988.4166666666666,114534845.08333333,42.6,1377538.4,,,17493.083333333332,374324724.1666667,9172.833333333334,105803096.33333333,3714.5,71731049.58333333,2932.9166666666665,111789483.33333333,432.9166666666667,28924546.5,112.0,18998447.916666668,1480.3333333333333,64522723.166666664,30.333333333333332,1030.8333333333333,222.16666666666666,174.75,1109.75,225.5,58.916666666666664,977.0833333333334,197.25,68.41666666666667,1080.75,221.58333333333334,134.66666666666666,1407.1666666666667,296.4166666666667,85.5,1077.1666666666667,242.41666666666666,54.0,839.4166666666666,142.0,100176.33333333333,4509726.333333333,13723307.416666666,15606243.333333334,22920385.333333332,20604202.25,6137004.75,10.583333333333334,236.33333333333334,616.8333333333334,581.4166666666666,703.5833333333334,573.5833333333334,156.08333333333334
2653061000,사상구 덕포2동,821.75,955.1666666666666,4999.0,5026.583333333333,1105.0,1193.0833333333333,1552.3333333333333,2796.5833333333335,31743750.0,60636416.666666664,256.4166666666667,223.08333333333334,201.75,192.91666666666666,196.08333333333334,219.66666666666666,336.0833333333333,674.5833333333334,1964.6666666666667,3389.5,3741.5833333333335,3851.5833333333335,3798.0,3886.5833333333335,3867.1666666666665,3733.5,3544.1666666666665,3107.1666666666665,2086.0,1199.0,871.3333333333334,590.6666666666666,433.0833333333333,335.3333333333333,12765.583333333334,13046.416666666666,13209.5,13304.916666666666,13300.833333333334,13186.333333333334,12728.5,11881.916666666666,10171.666666666666,8416.75,7561.333333333333,7072.583333333333,6833.333333333333,6682.583333333333,6557.166666666667,6584.916666666667,6947.75,7563.416666666667,8423.0,9322.416666666666,10105.75,10937.5,11690.333333333334,12338.666666666666,1493.4166666666667,1203.1666666666667,1145.4166666666667,1103.25,1088.0,1155.1666666666667,1312.4166666666667,1685.75,2529.3333333333335,2428.0,2555.25,2782.8333333333335,2925.3333333333335,3063.5,3154.5,3399.5833333333335,3387.3333333333335,3448.8333333333335,3354.6666666666665,3014.8333333333335,2762.3333333333335,2496.9166666666665,2076.0,1625.9166666666667,36.5,25.5,19.166666666666668,16.5,18.666666666666668,30.166666666666668,59.25,105.91666666666667,159.41666666666666,198.25,227.0,280.0833333333333,389.3333333333333,311.9166666666667,305.5833333333333,295.25,305.0,351.3333333333333,343.4166666666667,283.5833333333333,228.25,183.41666666666666,109.58333333333333,62.583333333333336,598645.3333333334,435057.25,312275.25,269547.1666666667,295477.4166666667,463897.4166666667,776412.9166666666,1200378.8333333333,2097730.1666666665,4606038.833333333,6364333.083333333,7134505.583333333,7360094.166666667,6819265.083333333,7557945.833333333,7552966.25,7596473.166666667,7662792.166666667,6691255.666666667,5587998.0,4800646.25,3387048.5,1836121.1666666667,1019836.8333333334,43.25,20143167.25,2589.1666666666665,203365992.25,383.0,46174985.0,260.1666666666667,11890741.916666666,5271.166666666667,147867554.66666666,40.583333333333336,1541536.9166666667,,,19571.083333333332,316928560.0,39091.75,428337312.5833333,1078.5,15703530.416666666,2996.8333333333335,96463549.5,201.41666666666666,50912083.666666664,1661.0,102134031.5,537.0,19127135.916666668,146.91666666666666,1422.75,333.75,161.08333333333334,1496.3333333333333,362.9166666666667,239.91666666666666,1128.25,301.0,348.3333333333333,1418.1666666666667,353.4166666666667,504.0833333333333,1972.25,425.0,294.0,1490.3333333333333,334.0833333333333,80.16666666666667,1095.0,185.33333333333334,187531.33333333334,4926330.416666667,13439304.666666666,18790534.416666668,26974809.083333332,21607657.333333332,6463546.0,24.833333333333332,456.4166666666667,943.5,937.3333333333334,1035.1666666666667,722.4166666666666,228.08333333333334
2653062000,사상구 괘법동,2604.0,3148.0,8468.583333333334,8382.833333333334,4137.916666666667,5072.333333333333,11869.916666666666,15416.0,391345083.3333333,535642750.0,881.4166666666666,713.6666666666666,622.1666666666666,570.5,589.4166666666666,617.9166666666666,887.0833333333334,1737.8333333333333,4862.0,9437.75,11385.083333333334,12355.166666666666,12460.25,12768.666666666666,12664.25,12382.166666666666,11852.583333333334,10468.25,7396.25,4705.833333333333,3522.6666666666665,2541.3333333333335,1728.8333333333333,1199.0,20764.75,21202.5,21415.333333333332,21502.75,21566.5,21300.25,20489.916666666668,18635.666666666668,16168.333333333334,14356.5,13393.75,12872.666666666666,12596.416666666666,12390.833333333334,12223.416666666666,12265.083333333334,12710.25,13470.25,14612.916666666666,15962.0,17287.666666666668,18265.0,19182.583333333332,19925.833333333332,5973.25,4943.75,4365.416666666667,3937.75,3952.0833333333335,3940.8333333333335,4507.5,5454.75,6738.25,7293.833333333333,9102.333333333334,10638.75,12205.833333333334,12950.25,13527.333333333334,13596.25,13338.25,13175.416666666666,14349.166666666666,14604.0,13765.666666666666,11890.416666666666,9627.666666666666,7386.666666666667,400.9166666666667,259.0,169.66666666666666,115.33333333333333,95.83333333333333,131.5,231.0,382.6666666666667,566.0833333333334,798.75,1179.4166666666667,1664.5833333333333,2346.5,2026.5833333333333,1928.3333333333333,1896.5,1877.8333333333333,2023.25,2229.25,2085.6666666666665,1816.5,1434.0,977.5,647.0,11556616.166666666,7823889.083333333,5114782.666666667,3392261.8333333335,2308136.5,1811791.5833333333,2770984.0,4028981.5833333335,8971557.833333334,24960776.166666668,50462107.333333336,66073775.333333336,72882433.33333333,70880079.0,79427782.25,81281524.58333333,75128426.91666667,69441404.16666667,71638041.16666667,69161696.08333333,61395132.916666664,42348566.75,26121726.583333332,18006435.833333332,3482.5833333333335,92901017.16666667,18445.333333333332,1627248564.5,521.6666666666666,58184332.0,2006.4166666666667,127999904.33333333,30455.666666666668,712333109.25,812.9166666666666,45573220.666666664,39.5,2628021.0,178753.16666666666,4766594219.583333,220538.0,6548544675.833333,5022.416666666667,104371024.75,19716.833333333332,1143698920.25,4939.833333333333,534017835.3333333,3406.75,254071388.58333334,24.25,1316494.9166666667,963.4166666666666,3020.0833333333335,2095.75,439.75,1978.3333333333333,883.25,831.25,1846.0,1406.5833333333333,1130.25,2138.25,1362.1666666666667,1426.75,2966.5,1689.6666666666667,746.0833333333334,2881.5833333333335,1214.1666666666667,212.0,2017.9166666666667,556.3333333333334,2269077.5,87416323.91666667,183198011.83333334,203309425.25,239634390.66666666,170706684.5,40455003.416666664,267.4166666666667,5007.333333333333,6539.916666666667,5250.583333333333,5801.75,3469.5833333333335,946.75
2653064500,사상구 감전동,1607.1666666666667,3296.25,5489.166666666667,5841.916666666667,1625.5833333333333,2564.3333333333335,2436.8333333333335,6543.166666666667,130234333.33333333,341682750.0,298.4166666666667,249.16666666666666,221.08333333333334,215.33333333333334,248.5,332.5833333333333,661.4166666666666,1951.5833333333333,6073.583333333333,10180.75,11010.416666666666,11268.166666666666,10965.083333333334,11091.0,10937.916666666666,10718.0,10357.0,9156.166666666666,5697.583333333333,2638.5833333333335,1669.4166666666667,955.5833333333334,592.75,405.4166666666667,13719.833333333334,14044.916666666666,14281.166666666666,14463.166666666666,14576.666666666666,14431.416666666666,13942.833333333334,12860.916666666666,11262.833333333334,10080.25,9360.333333333334,8830.166666666666,8619.666666666666,8484.5,8324.25,8297.5,8560.583333333334,9022.666666666666,9685.0,10457.75,11178.583333333334,11866.75,12539.25,13101.083333333334,2037.1666666666667,1787.5833333333333,1679.9166666666667,1650.25,1869.5,2137.0833333333335,2846.0,3659.8333333333335,4869.75,5084.333333333333,5689.083333333333,5897.166666666667,6168.583333333333,5856.75,6335.25,6141.166666666667,5987.5,6056.083333333333,6193.333333333333,5222.583333333333,4345.25,3746.0833333333335,2986.25,2403.4166666666665,66.0,42.166666666666664,41.833333333333336,34.083333333333336,44.083333333333336,85.25,190.25,368.4166666666667,525.25,524.1666666666666,574.5,752.0,1004.0833333333334,667.5833333333334,575.0833333333334,567.0,554.3333333333334,572.8333333333334,529.0,413.5,343.5,254.16666666666666,150.83333333333334,94.58333333333333,2847015.5,1958935.0833333333,2616410.3333333335,2448304.0833333335,3320620.75,5198126.083333333,10715503.083333334,15692139.166666666,23071455.0,33990027.5,38310283.083333336,40924698.333333336,39015175.666666664,35314189.5,35292871.416666664,35894788.916666664,34725629.666666664,30334407.666666668,22745194.0,16947643.916666668,13778246.666666666,10535416.666666666,10065358.833333334,6184911.916666667,312.0,66029192.583333336,9889.25,1721420451.6666667,160.0,26142379.5,700.5833333333334,25712814.833333332,7781.916666666667,418870170.25,150.33333333333334,10884572.833333334,,,38447.833333333336,735429581.5,41554.333333333336,516703732.5,3312.9166666666665,207539269.41666666,7096.333333333333,508642959.5,462.5833333333333,54788874.5,4457.333333333333,715127170.5833334,5153.166666666667,349611473.4166667,511.0,1352.3333333333333,593.1666666666666,28.916666666666668,1260.75,318.6666666666667,910.1666666666666,1264.0833333333333,651.5,1071.75,1533.8333333333333,738.25,1420.9166666666667,2155.3333333333335,947.5,781.6666666666666,2013.6666666666667,660.25,176.33333333333334,1748.5,278.4166666666667,137586.16666666666,15850918.833333334,63301787.5,96778017.41666667,141813362.58333334,124834632.16666667,29214227.583333332,15.083333333333334,643.9166666666666,1948.6666666666667,1974.1666666666667,2217.8333333333335,1725.25,453.9166666666667
2653065000,사상구 주례1동,575.0,757.6666666666666,5456.166666666667,5439.333333333333,1084.6666666666667,1240.4166666666667,1259.3333333333333,2245.6666666666665,31884416.666666668,63033250.0,300.0,251.0,222.25,206.66666666666666,189.83333333333334,209.25,270.0833333333333,561.75,1357.9166666666667,2306.4166666666665,2605.5833333333335,2715.9166666666665,2609.25,2671.75,2699.9166666666665,2652.0833333333335,2564.8333333333335,2353.9166666666665,1756.0,1191.1666666666667,826.1666666666666,626.8333333333334,503.9166666666667,417.6666666666667,13861.333333333334,14146.333333333334,14301.75,14340.75,14177.5,14026.916666666666,13611.666666666666,12785.333333333334,11129.583333333334,9310.833333333334,8324.5,7740.416666666667,7444.25,7286.583333333333,7193.416666666667,7264.0,7698.75,8377.333333333334,9262.416666666666,10301.666666666666,11011.416666666666,11833.75,12669.833333333334,13406.916666666666,1534.0,1291.9166666666667,1173.9166666666667,1115.5,1067.6666666666667,1169.75,1379.4166666666667,1798.0833333333333,2262.8333333333335,2401.4166666666665,2650.9166666666665,2908.8333333333335,3002.5833333333335,2899.0,2959.25,3079.0833333333335,3137.0,3278.3333333333335,3535.5833333333335,3425.0833333333335,2980.4166666666665,2691.5833333333335,2257.5833333333335,1889.4166666666667,38.333333333333336,25.333333333333332,18.333333333333332,16.25,17.75,33.0,50.666666666666664,83.83333333333333,114.08333333333333,160.83333333333334,184.58333333333334,211.58333333333334,228.16666666666666,209.5,229.0,254.33333333333334,273.5,290.75,293.8333333333333,240.91666666666666,204.08333333333334,155.33333333333334,103.25,61.25,843276.5833333334,576812.3333333334,442528.8333333333,364049.5,404609.5833333333,696169.5833333334,1447554.4166666667,2115770.1666666665,2843568.8333333335,4742943.083333333,5647813.916666667,6438279.416666667,5954020.666666667,5950506.416666667,7248140.0,7696379.166666667,7851267.416666667,7617866.833333333,7271477.833333333,6200283.083333333,5126742.0,3696452.0833333335,2471324.5833333335,1342517.8333333333,148.75,12001102.083333334,1033.5,93440986.41666667,132.25,37828451.416666664,373.6666666666667,15928439.25,2187.6666666666665,114804187.25,,,,,10618.75,249210297.5,22047.416666666668,224378792.75,5235.75,106062955.91666667,2369.1666666666665,59380446.833333336,205.58333333333334,22280620.833333332,432.5,66759800.5,1517.5,66002358.083333336,90.66666666666667,1621.0,321.9166666666667,119.0,1753.1666666666667,280.3333333333333,196.58333333333334,1189.8333333333333,379.5,243.91666666666666,1525.75,388.9166666666667,331.75,2135.1666666666665,445.9166666666667,245.25,1567.5833333333333,332.0,103.0,1100.5833333333333,174.5,61759.666666666664,4671502.25,16378161.083333334,20663106.416666668,25166608.916666668,19772864.083333332,8214631.833333333,11.833333333333334,281.8333333333333,776.0,722.75,834.75,597.25,279.5833333333333
2653066000,사상구 주례2동,1242.0833333333333,1056.8333333333333,9351.083333333334,8978.25,2370.6666666666665,2538.6666666666665,4185.833333333333,6328.916666666667,123521916.66666667,201087000.0,548.8333333333334,470.5833333333333,416.9166666666667,380.6666666666667,377.1666666666667,398.9166666666667,512.8333333333334,930.5,1988.5833333333333,3724.75,4526.916666666667,4880.083333333333,4923.0,5016.25,4967.666666666667,4760.916666666667,4394.5,3736.0,2564.5,1746.8333333333333,1375.75,1123.5,890.0,713.75,22610.75,23098.0,23382.916666666668,23548.166666666668,23570.916666666668,23429.916666666668,22778.0,21389.583333333332,18803.666666666668,16156.333333333334,14687.333333333334,13803.833333333334,13368.583333333334,13180.083333333334,12990.666666666666,12996.25,13495.333333333334,14397.333333333334,15543.833333333334,16986.166666666668,18092.666666666668,19323.333333333332,20626.5,21741.5,3113.0,2765.0833333333335,2585.4166666666665,2473.1666666666665,2556.8333333333335,2626.0833333333335,3109.4166666666665,3622.0,4368.75,5061.916666666667,6082.416666666667,6573.833333333333,6598.166666666667,6824.25,6966.416666666667,6988.333333333333,6707.0,6460.5,6658.25,6511.0,5927.5,5209.416666666667,4497.416666666667,3728.5,137.33333333333334,96.5,70.0,49.25,46.916666666666664,104.66666666666667,165.16666666666666,204.83333333333334,370.5833333333333,564.5833333333334,659.5833333333334,745.75,854.4166666666666,763.0,703.25,698.9166666666666,666.9166666666666,681.5,705.3333333333334,627.1666666666666,558.0,454.0833333333333,361.4166666666667,218.0,3036922.6666666665,2315835.6666666665,1962996.5,1520833.6666666667,1535418.6666666667,4211197.833333333,6818186.5,7070166.75,10175051.916666666,19374232.833333332,28161049.416666668,33445837.5,25913696.583333332,20940537.5,22590746.083333332,21757012.916666668,19847103.666666668,18319756.666666668,17083268.25,15909394.083333334,14089812.916666666,11701611.333333334,11205416.916666666,5627627.5,502.0833333333333,3992071.4166666665,4102.833333333333,298165989.5833333,251.66666666666666,38119735.166666664,883.0,50720333.666666664,13772.75,366455302.9166667,42.5,2016125.9166666667,,,42767.583333333336,792195071.9166666,61934.083333333336,672026651.25,2858.1666666666665,65234766.416666664,12253.833333333334,784056032.1666666,286.0833333333333,122129569.25,550.0,31706989.583333332,5010.75,237524191.41666666,686.4166666666666,3955.6666666666665,1134.1666666666667,273.0833333333333,3168.5,716.5833333333334,302.6666666666667,2286.5,607.5833333333334,348.0833333333333,2295.4166666666665,665.9166666666666,359.0833333333333,2593.6666666666665,776.4166666666666,218.16666666666666,2105.5,567.4166666666666,108.5,1921.9166666666667,438.25,1409816.25,23731429.666666668,53490252.916666664,77181562.5,86878231.58333333,57991398.333333336,23932364.0,204.66666666666666,1712.3333333333333,2064.1666666666665,2139.0833333333335,2305.75,1344.3333333333333,742.5
2653066100,사상구 주례3동,425.1666666666667,442.0,5158.583333333333,4843.916666666667,937.9166666666666,1063.1666666666667,2190.9166666666665,2660.0833333333335,53740166.666666664,66767500.0,199.83333333333334,179.5,165.16666666666666,157.58333333333334,155.0,160.08333333333334,201.5,431.0833333333333,890.0833333333334,1482.6666666666667,1699.1666666666667,1793.75,1754.6666666666667,1789.4166666666667,1778.5,1667.9166666666667,1597.3333333333333,1400.6666666666667,1062.9166666666667,752.5,540.8333333333334,423.9166666666667,352.8333333333333,292.8333333333333,12802.333333333334,13138.083333333334,13327.833333333334,13424.333333333334,13407.583333333334,13323.083333333334,12892.25,11846.083333333334,10187.0,8584.416666666666,7690.833333333333,7119.416666666667,6798.0,6629.583333333333,6488.5,6468.166666666667,6846.5,7420.083333333333,8197.25,9114.833333333334,9869.583333333334,10715.416666666666,11556.166666666666,12235.666666666666,1222.8333333333333,1123.6666666666667,1076.6666666666667,1033.0,1104.5833333333333,1116.3333333333333,1289.8333333333333,1489.4166666666667,2040.25,2198.9166666666665,2515.3333333333335,2734.9166666666665,2708.1666666666665,2769.0833333333335,2717.4166666666665,2730.3333333333335,2735.4166666666665,2703.8333333333335,2736.0833333333335,2583.8333333333335,2231.6666666666665,2015.1666666666667,1794.0,1447.25,26.5,17.666666666666668,12.5,10.333333333333334,9.916666666666666,17.083333333333332,23.75,24.333333333333332,74.25,264.4166666666667,347.25,394.1666666666667,489.75,336.25,359.25,370.5833333333333,375.25,400.0,378.0833333333333,334.9166666666667,256.75,178.66666666666666,107.75,50.916666666666664,829616.6666666666,577954.4166666666,351319.6666666667,305476.9166666667,176160.58333333334,194151.5,328786.0,275998.4166666667,783495.25,5305364.333333333,8649116.416666666,10346841.25,10737518.666666666,7815052.25,8386022.0,9778245.5,9825394.833333334,10581786.25,9284293.916666666,9390718.333333334,7832168.083333333,4894286.916666667,2635049.0833333335,1480275.5,164.41666666666666,25556511.416666668,1069.4166666666667,55427306.166666664,151.83333333333334,32167213.75,484.4166666666667,18970603.583333332,3436.4166666666665,154097757.58333334,46.75,2328901.0,,,32701.333333333332,714354470.0,23218.333333333332,319423780.5833333,3181.25,63196423.583333336,10684.833333333334,333888595.5,269.0833333333333,45158708.166666664,2701.5,87796577.83333333,,,141.16666666666666,1436.5833333333333,441.0,128.08333333333334,1613.75,274.4166666666667,105.25,1177.8333333333333,257.0833333333333,156.58333333333334,1461.75,278.4166666666667,164.5,1887.3333333333333,331.9166666666667,121.33333333333333,1411.5,261.75,47.75,1011.0833333333334,153.66666666666666,323714.5,7590987.833333333,18329659.166666668,26978627.083333332,33660463.416666664,25561063.416666668,8068767.75,46.25,531.25,815.4166666666666,1027.25,1267.4166666666667,879.0,282.4166666666667
2653067000,사상구 학장동,1560.0833333333333,3129.4166666666665,13402.833333333334,12972.5,2549.0,3400.3333333333335,3371.6666666666665,7181.166666666667,122539083.33333333,311637500.0,514.5833333333334,435.75,376.4166666666667,346.9166666666667,333.9166666666667,423.0833333333333,862.9166666666666,2247.9166666666665,6668.0,9649.916666666666,10176.416666666666,10382.083333333334,10117.333333333334,10199.916666666666,10082.75,9737.916666666666,9316.0,8310.416666666666,5096.166666666667,2849.0833333333335,1895.8333333333333,1207.5,914.6666666666666,737.5,32216.75,32694.083333333332,32955.416666666664,33109.416666666664,32908.75,32710.333333333332,31934.75,30110.166666666668,26876.5,23168.583333333332,21285.916666666668,20070.166666666668,19398.0,19039.166666666668,18794.666666666668,18951.083333333332,20021.916666666668,21478.916666666668,23264.75,25291.166666666668,26885.0,28512.0,30078.666666666668,31378.25,3544.6666666666665,3161.25,2929.1666666666665,2769.9166666666665,2681.9166666666665,2935.0,3765.0,4868.416666666667,6437.0,6716.333333333333,7519.583333333333,7875.666666666667,7688.5,7796.583333333333,8319.416666666666,8350.083333333334,8341.916666666666,8489.333333333334,8649.0,7780.25,6822.333333333333,6122.0,5174.583333333333,4274.0,92.41666666666667,70.66666666666667,50.75,43.833333333333336,59.833333333333336,125.16666666666667,225.25,288.3333333333333,382.5,539.1666666666666,630.5,693.1666666666666,810.8333333333334,702.3333333333334,723.0833333333334,753.6666666666666,788.8333333333334,810.25,777.3333333333334,655.5,547.25,399.5833333333333,243.16666666666666,136.0,2988525.5833333335,2247652.8333333335,1817202.0,1733976.4166666667,2733053.75,6166349.0,9330084.416666666,10526080.5,15268917.916666666,25691573.916666668,33282087.916666668,33235909.166666668,31393817.0,32960416.416666668,36599153.916666664,34729489.833333336,34316938.583333336,31146442.583333332,25959211.333333332,21255723.916666668,17615922.333333332,11806734.416666666,7274904.5,4097641.4166666665,118.75,8245754.583333333,4490.083333333333,516989454.5833333,217.25,72396038.16666667,781.5,24037468.333333332,15166.583333333334,665385466.3333334,83.83333333333333,3449850.1666666665,,,28584.583333333332,640490515.4166666,50265.916666666664,647335972.1666666,6154.75,219228431.75,6301.0,306426195.0833333,307.25,32758314.083333332,2619.25,565910857.5833334,8064.25,409363519.0833333,459.6666666666667,3013.8333333333335,835.6666666666666,243.0,4364.583333333333,721.25,715.9166666666666,3524.5,878.3333333333334,939.0833333333334,3646.4166666666665,1034.0833333333333,1314.5,4554.333333333333,1213.5833333333333,811.75,4010.1666666666665,859.5,202.83333333333334,3258.9166666666665,404.25,189213.58333333334,17263838.25,57617748.583333336,93408060.08333333,121787202.91666667,106433811.33333333,37487024.5,45.916666666666664,676.25,1830.6666666666667,2412.0833333333335,2680.25,2110.5,796.3333333333334
2653068000,사상구 엄궁동,834.9166666666666,1261.75,12427.166666666666,11459.0,1172.0,1608.6666666666667,3303.0833333333335,4854.583333333333,127964833.33333333,192550583.33333334,177.58333333333334,156.0,150.25,152.66666666666666,259.0,351.4166666666667,599.75,1235.3333333333333,2505.3333333333335,4193.416666666667,4616.416666666667,4773.833333333333,4761.583333333333,4817.583333333333,4662.5,4413.166666666667,4059.9166666666665,3368.5,2165.4166666666665,1217.25,834.0833333333334,556.0833333333334,351.75,236.08333333333334,28964.833333333332,29410.833333333332,29859.916666666668,30248.25,30279.333333333332,30053.833333333332,29328.333333333332,27392.416666666668,24089.666666666668,21216.166666666668,19654.333333333332,18463.166666666668,17762.583333333332,17320.0,16954.666666666668,16897.416666666668,17732.416666666668,19007.666666666668,20813.583333333332,22760.916666666668,24185.833333333332,25677.75,27081.416666666668,28228.166666666668,1330.0,1190.3333333333333,1141.1666666666667,1143.9166666666667,1368.5,1609.5,2039.1666666666667,2737.0833333333335,3113.1666666666665,3164.9166666666665,3564.4166666666665,3799.0,3970.0833333333335,4034.6666666666665,4102.333333333333,4040.9166666666665,3855.75,3832.5833333333335,4008.3333333333335,3669.5,3140.0833333333335,2558.6666666666665,1986.6666666666667,1599.4166666666667,43.333333333333336,30.0,24.083333333333332,20.583333333333332,28.5,67.5,142.83333333333334,178.0,257.5833333333333,399.5,523.4166666666666,646.0,723.0,608.8333333333334,633.25,636.5833333333334,627.0,611.6666666666666,574.5833333333334,472.5833333333333,377.9166666666667,275.5,181.33333333333334,72.41666666666667,967554.6666666666,605380.8333333334,444268.5,458965.5833333333,961362.8333333334,3112721.3333333335,6015450.083333333,7127457.666666667,9627288.666666666,16121405.75,21948112.666666668,26749890.0,26365182.666666668,26281843.083333332,27806667.166666668,28046797.25,26129849.5,23544292.75,21746405.833333332,18459294.5,13522489.833333334,8151709.0,4491568.666666667,1858435.3333333333,95.0,44937926.5,2733.1666666666665,260888785.25,260.6666666666667,54883100.0,1034.25,39692888.75,11152.833333333334,514492176.25,129.83333333333334,5716581.416666667,,,29097.416666666668,858238543.3333334,53456.75,1506153702.1666667,10827.833333333334,496743614.75,7601.583333333333,298290792.25,664.5,108523788.08333333,1154.0833333333333,105620059.08333333,2123.8333333333335,103407317.91666667,151.83333333333334,2857.25,334.0,180.08333333333334,5209.833333333333,304.1666666666667,319.75,3237.9166666666665,418.75,421.3333333333333,3811.5,503.75,593.25,3918.9166666666665,605.4166666666666,335.8333333333333,2907.3333333333335,440.0,92.0,1941.1666666666667,172.0,118852.08333333333,10405710.083333334,44523603.916666664,83045339.0,93954046.5,69032886.08333333,19455375.166666668,13.083333333333334,439.0833333333333,1514.3333333333333,2096.1666666666665,2247.4166666666665,1425.3333333333333,421.75
2671025000,기장군 기장읍,2519.5833333333335,2875.9166666666665,22834.083333333332,19944.416666666668,7571.916666666667,7023.083333333333,18340.166666666668,25091.666666666668,948793916.6666666,1199399500.0,608.1666666666666,513.9166666666666,471.1666666666667,447.5,436.0833333333333,534.1666666666666,1111.1666666666667,2380.6666666666665,4657.666666666667,8625.416666666666,10580.916666666666,11434.833333333334,11792.5,12074.416666666666,11999.0,11737.25,11146.333333333334,9690.083333333334,7669.5,5074.75,3871.0833333333335,2590.6666666666665,1368.8333333333333,955.4166666666666,48756.583333333336,49268.333333333336,49545.5,49663.583333333336,49531.166666666664,49259.833333333336,48249.166666666664,46207.916666666664,43060.583333333336,39941.416666666664,37864.083333333336,36524.083333333336,35857.25,35460.666666666664,35099.833333333336,34950.0,36102.833333333336,37718.083333333336,39872.75,42009.916666666664,43567.5,45227.666666666664,46752.833333333336,47964.083333333336,7555.25,7208.25,7019.416666666667,6891.833333333333,6795.25,6935.916666666667,7677.416666666667,8616.166666666666,9613.25,10489.833333333334,13482.75,17973.666666666668,23431.416666666668,27156.25,28840.5,28513.583333333332,26364.833333333332,23837.333333333332,21256.166666666668,18455.416666666668,15210.333333333334,11425.833333333334,9296.75,8437.25,222.5,141.25,96.66666666666667,72.25,65.75,147.91666666666666,273.25,358.75,626.3333333333334,1056.5,1738.5,3032.75,4244.416666666667,4450.666666666667,4532.75,4395.583333333333,4102.666666666667,3794.0,3372.4166666666665,2843.5833333333335,1981.25,1006.75,573.0833333333334,341.5,5422268.083333333,3530100.25,2195674.6666666665,1614045.75,1367264.0,3042246.5833333335,6445696.416666667,9374791.083333334,15635521.25,33858986.916666664,69601013.41666667,143688883.66666666,199861156.83333334,228259212.91666666,244755399.66666666,239412249.83333334,226285540.33333334,205440933.83333334,184829068.66666666,159562745.41666666,109722115.66666667,31612986.166666668,14061886.083333334,8614697.75,14715.916666666666,1867428166.0,7665.583333333333,592123829.6666666,647.0833333333334,116092252.83333333,2845.3333333333335,133961730.58333333,103122.91666666667,3147441620.9166665,10337.833333333334,885724549.0,71.41666666666667,1380932.1666666667,245596.0,7892752808.833333,255468.91666666666,14968471704.416666,17048.583333333332,985027900.5,19074.666666666668,723443909.5,3084.0833333333335,270079429.75,24989.583333333332,351123691.75,6373.416666666667,247060792.5,727.5,4142.833333333333,1802.25,160.33333333333334,7771.666666666667,2359.75,1029.5,4985.666666666667,2602.6666666666665,1228.75,6698.333333333333,2885.3333333333335,1311.5833333333333,6784.166666666667,2445.6666666666665,718.6666666666666,6186.166666666667,1680.5833333333333,217.0,6207.166666666667,816.4166666666666,2184082.6666666665,145932099.08333334,503774634.6666667,610800793.5833334,506566645.75,289569689.9166667,89366545.75,146.91666666666666,3933.25,10674.25,12020.583333333334,9344.75,5402.916666666667,1906.75
2671025300,기장군 장안읍,1397.25,3534.5833333333335,3578.0833333333335,3661.0833333333335,1981.3333333333333,2743.75,5394.916666666667,9780.833333333334,363408333.3333333,505146083.3333333,441.8333333333333,414.5,402.25,363.25,356.6666666666667,408.3333333333333,861.9166666666666,2607.25,7446.083333333333,10248.0,10990.916666666666,11233.166666666666,11187.166666666666,11206.833333333334,11082.083333333334,10770.833333333334,10280.333333333334,8796.0,5388.0,2912.4166666666665,1962.1666666666667,1044.75,587.25,483.6666666666667,8329.5,8431.583333333334,8473.166666666666,8496.333333333334,8488.416666666666,8457.333333333334,8268.416666666666,7865.75,7451.0,7000.0,6662.333333333333,6454.5,6319.166666666667,6273.25,6236.833333333333,6171.25,6378.583333333333,6572.75,6857.833333333333,7073.166666666667,7349.833333333333,7649.666666666667,7923.333333333333,8145.833333333333,1653.5,1509.4166666666667,1404.8333333333333,1374.0833333333333,1358.0833333333333,1475.0833333333333,2028.3333333333333,3014.75,4095.5,4657.833333333333,5764.5,7503.25,8939.166666666666,9710.916666666666,10550.916666666666,10582.916666666666,9763.25,8156.166666666667,6918.833333333333,5398.75,4169.833333333333,2933.0833333333335,2194.5833333333335,1805.3333333333333,35.083333333333336,16.583333333333332,12.083333333333334,11.916666666666666,15.666666666666666,51.5,178.91666666666666,284.4166666666667,396.0833333333333,473.1666666666667,647.25,1205.4166666666667,1861.3333333333333,1604.3333333333333,1546.0,1518.5833333333333,1401.3333333333333,1285.5,1080.4166666666667,763.3333333333334,466.6666666666667,183.33333333333334,87.83333333333333,58.166666666666664,776313.1666666666,646032.25,487022.8333333333,837580.25,1159017.5833333333,4000214.8333333335,7648937.5,8551175.083333334,11157719.666666666,18158249.666666668,28289822.333333332,63858189.666666664,86649764.5,90308602.33333333,102227887.58333333,103015190.91666667,96426121.41666667,82978658.33333333,66749174.166666664,50560263.333333336,33530434.916666668,6896809.583333333,2517770.75,1457388.1666666667,71.91666666666667,9934123.0,1358.5,80946791.75,108.75,32270345.5,1081.5833333333333,25546267.833333332,16652.166666666668,501283512.1666667,67.08333333333333,6626681.0,,,78115.58333333333,1628640491.4166667,54370.083333333336,594885179.8333334,2379.75,51035866.75,6961.5,532608899.8333333,87230.33333333333,9608156902.0,395.9166666666667,70609746.25,2913.8333333333335,201841005.0,484.3333333333333,782.9166666666666,485.1666666666667,177.58333333333334,1134.1666666666667,453.9166666666667,1267.1666666666667,699.25,891.5,1356.3333333333333,761.3333333333334,1032.75,1109.0833333333333,1152.6666666666667,940.5833333333334,448.5833333333333,1294.0833333333333,628.0833333333334,86.16666666666667,1412.5,290.5833333333333,577024.3333333334,47534362.833333336,177455383.08333334,267925158.0,232049363.0,112951420.5,30072680.25,27.416666666666668,1112.75,3806.1666666666665,4609.416666666667,3352.0,1751.4166666666667,514.3333333333334
2671025600,기장군 정관읍,1859.5,3260.5833333333335,33688.333333333336,29580.25,2128.4166666666665,2856.5,13642.25,19567.833333333332,392274750.0,564015000.0,594.0,500.0833333333333,431.75,408.8333333333333,416.4166666666667,499.3333333333333,818.3333333333334,2239.9166666666665,6712.0,9738.25,10674.666666666666,11066.5,11283.583333333334,11343.083333333334,11233.0,11070.583333333334,10680.083333333334,9197.0,6339.833333333333,3877.8333333333335,2626.75,1664.0833333333333,1094.3333333333333,777.25,71860.08333333333,72365.33333333333,72608.91666666667,72719.33333333333,72594.5,72201.33333333333,70953.16666666667,68340.41666666667,63567.0,59335.833333333336,56426.5,54250.25,52955.833333333336,52227.833333333336,51892.333333333336,51443.0,53387.0,55750.916666666664,59058.833333333336,62816.25,65238.083333333336,67510.75,69527.75,71000.66666666667,3198.9166666666665,2889.1666666666665,2719.0,2616.5833333333335,2569.8333333333335,2636.5833333333335,3003.1666666666665,3747.0,4235.083333333333,4601.666666666667,5608.583333333333,6667.5,7347.833333333333,7700.833333333333,7891.25,7784.666666666667,7425.25,7013.166666666667,6850.25,6581.333333333333,6054.5,5244.25,4346.75,3677.25,280.0,157.75,106.5,70.83333333333333,61.916666666666664,143.75,316.1666666666667,511.0,787.0833333333334,1358.1666666666667,1757.5833333333333,2219.1666666666665,2742.9166666666665,2338.5833333333335,2374.1666666666665,2450.5,2648.0833333333335,2807.0,2823.75,2462.6666666666665,2039.1666666666667,1472.4166666666667,825.75,475.5,7047616.916666667,3907722.25,2622226.8333333335,1484684.3333333333,1066490.0833333333,2936184.25,6717483.083333333,9583323.416666666,15205477.333333334,33916454.833333336,57525683.0,71182043.58333333,76192195.75,67497621.66666667,70179963.66666667,75182693.41666667,80252694.66666667,86881579.75,84381506.33333333,73292372.83333333,59029540.666666664,38495934.416666664,20240793.0,11468356.166666666,2000.5,49086175.666666664,9987.5,532706900.6666667,3277.0833333333335,575021203.5833334,5137.083333333333,189641872.91666666,52920.083333333336,1929885294.0,418.3333333333333,23768158.75,43.333333333333336,2855498.3333333335,202159.0,4639619031.583333,203566.75,3416171193.6666665,21362.083333333332,622622963.5833334,35246.083333333336,1342342763.9166667,2466.0,254563365.16666666,3992.3333333333335,311702134.6666667,4034.0,194487295.41666666,565.6666666666666,4272.166666666667,649.5833333333334,74.25,18681.75,593.6666666666666,995.9166666666666,12588.25,800.1666666666666,1332.0,11394.5,1092.9166666666667,1301.9166666666667,6868.583333333333,964.6666666666666,735.0833333333334,4838.833333333333,607.0,112.41666666666667,4621.916666666667,274.3333333333333,2613936.5,39344444.583333336,180010820.33333334,382752432.4166667,217012641.66666666,96345234.25,38211139.583333336,349.0,2125.25,7108.25,12852.25,6801.583333333333,2764.0833333333335,1207.5
2671025900,기장군 일광읍,935.0,922.9166666666666,9781.333333333334,8227.833333333334,2771.75,3264.1666666666665,6293.5,9715.833333333334,209586666.66666666,350446500.0,372.8333333333333,319.75,294.0833333333333,283.5,315.0,349.8333333333333,573.6666666666666,1048.9166666666667,1813.75,3170.1666666666665,3718.5833333333335,4009.6666666666665,4062.6666666666665,4169.666666666667,4153.75,3981.6666666666665,3767.25,3224.6666666666665,2557.75,1708.5,1288.4166666666667,878.0,635.6666666666666,492.3333333333333,21952.833333333332,22227.666666666668,22357.0,22421.75,22471.833333333332,22312.833333333332,21721.833333333332,20352.5,18119.833333333332,16127.166666666666,14822.666666666666,13951.333333333334,13550.666666666666,13412.333333333334,13285.916666666666,13296.416666666666,13901.083333333334,14837.166666666666,16220.5,17637.166666666668,18570.333333333332,19552.75,20465.083333333332,21095.25,2965.3333333333335,2665.5833333333335,2493.75,2409.0833333333335,2442.1666666666665,2526.1666666666665,3119.25,3892.0,4833.583333333333,5107.833333333333,6118.166666666667,7619.0,9822.583333333334,11300.083333333334,11652.333333333334,11103.666666666666,10569.666666666666,9763.583333333334,9150.416666666666,8287.916666666666,6748.0,5431.583333333333,4273.833333333333,3446.9166666666665,102.91666666666667,52.916666666666664,30.083333333333332,18.416666666666668,15.75,62.833333333333336,176.75,248.25,343.5,551.9166666666666,753.9166666666666,1031.9166666666667,1456.75,1448.75,1359.9166666666667,1273.25,1271.5833333333333,1319.25,1343.1666666666667,1148.8333333333333,883.5,592.0,350.5833333333333,192.91666666666666,2791188.6666666665,1588906.3333333333,932744.9166666666,328160.6666666667,328955.3333333333,3071234.5833333335,6142035.833333333,7992859.833333333,11012141.5,17274129.416666668,23958840.75,36918120.5,55734902.916666664,55695218.916666664,49144448.833333336,43518792.916666664,43306342.916666664,47032006.583333336,49388518.25,41805252.666666664,30186320.25,17827873.0,9102005.833333334,5026804.083333333,178.0,12071682.333333334,2060.4166666666665,87574870.08333333,972.3333333333334,146322783.41666666,1275.75,54664994.75,28948.416666666668,2170253970.9166665,304.8333333333333,19903464.916666668,,,128291.91666666667,4051943918.0833335,75989.5,1500495270.6666667,7178.916666666667,191583149.41666666,9416.666666666666,321083425.75,557.25,37814423.0,771.5,54297554.0,4689.333333333333,240758694.5,199.91666666666666,1412.0,737.5833333333334,245.75,2081.75,740.5,381.25,2546.25,1013.4166666666666,388.3333333333333,3331.5833333333335,1172.0,344.75,2752.8333333333335,1171.3333333333333,233.16666666666666,2944.9166666666665,829.0833333333334,62.583333333333336,2936.9166666666665,369.75,405616.75,31601274.25,115412244.41666667,157710119.75,141050213.08333334,85434955.83333333,28423399.583333332,38.583333333333336,1340.0,4102.75,4640.75,3401.1666666666665,1871.4166666666667,612.5
2671033000,기장군 철마면,265.3333333333333,495.5833333333333,2695.1666666666665,2799.9166666666665,1174.8333333333333,1587.4166666666667,855.9166666666666,1943.8333333333333,39443500.0,81169583.33333333,62.0,57.333333333333336,54.75,53.333333333333336,63.25,72.08333333333333,125.0,405.6666666666667,1014.5833333333334,1630.0,1909.25,2011.5833333333333,1999.0,2054.0,2039.0833333333333,1957.1666666666667,1839.0833333333333,1502.5833333333333,868.25,490.6666666666667,314.8333333333333,155.58333333333334,92.58333333333333,71.25,6973.75,7076.083333333333,7130.083333333333,7163.916666666667,7191.583333333333,7111.083333333333,6898.833333333333,6488.25,5690.25,5037.166666666667,4594.833333333333,4329.666666666667,4175.583333333333,4094.9166666666665,4046.4166666666665,4052.0,4219.166666666667,4486.916666666667,4829.166666666667,5249.5,5595.083333333333,5946.833333333333,6290.75,6542.916666666667,753.5833333333334,628.4166666666666,519.0,507.8333333333333,579.1666666666666,782.0833333333334,1414.8333333333333,2243.0833333333335,3099.0,2959.5833333333335,3813.0,4875.916666666667,5773.75,6195.166666666667,5912.25,5578.583333333333,5076.083333333333,4737.333333333333,4361.416666666667,3422.6666666666665,2319.3333333333335,1737.75,1379.0833333333333,988.3333333333334,18.416666666666668,19.333333333333332,17.833333333333332,13.833333333333334,13.75,17.5,30.75,42.416666666666664,57.166666666666664,95.5,138.41666666666666,222.0,358.8333333333333,342.25,281.0,230.83333333333334,211.58333333333334,188.91666666666666,170.83333333333334,131.58333333333334,84.25,60.083333333333336,39.333333333333336,20.333333333333332,545002.0833333334,615368.8333333334,609409.0,463366.5,459911.75,681774.8333333334,840381.75,1027116.75,1643760.25,3411182.75,5617087.0,8714646.666666666,14096303.25,17525145.833333332,13976621.833333334,10329223.25,8725222.25,8170669.416666667,8546080.333333334,7661999.416666667,4587775.75,1348471.75,758235.0833333334,490000.6666666667,50.666666666666664,3721747.1666666665,274.5833333333333,92428997.0,61.833333333333336,19632206.333333332,83.75,2627058.1666666665,6159.166666666667,219164473.91666666,,,,,16415.416666666668,923942047.6666666,7938.5,164592169.66666666,4221.416666666667,259764702.16666666,430.5,12874970.916666666,206.58333333333334,7307928.25,2652.5833333333335,42413884.0,1294.0833333333333,47936718.083333336,36.916666666666664,485.9166666666667,221.16666666666666,12.583333333333334,647.0833333333334,171.41666666666666,90.41666666666667,544.0833333333334,352.0833333333333,152.75,639.75,495.8333333333333,218.91666666666666,936.6666666666666,635.25,180.5,1075.0833333333333,586.25,66.66666666666667,1164.0833333333333,297.6666666666667,67067.41666666667,2981871.25,12105636.083333334,18981135.583333332,32164801.916666668,36174527.25,18172827.833333332,7.5,108.58333333333333,332.0833333333333,493.1666666666667,689.5,762.25,407.8333333333333
