행정동코드,행정동명,avg_resident_pop_male,avg_resident_pop_female,avg_spending_male,avg_spending_female,sales_restaurant_bar,sales_food_beverage,resident_pop_20s,resident_pop_under20,resident_pop_30s,resident_pop_40s,resident_pop_50s,resident_pop_60s,resident_pop_over70,amt_under20,amt_20s,amt_30s,amt_40s,amt_50s,amt_60s,amt_over70,num_restaurants,sales_2023_h2,sales_2024_h1,sales_growth_rate,avg_floating_pop_male,avg_floating_pop_female,floating_pop_under20,floating_pop_20s,floating_pop_30s,floating_pop_40s,floating_pop_50s,floating_pop_60s,floating_pop_over70,resident_pop_11_14,resident_pop_17_20,resident_pop_22_01,floating_pop_11_14,floating_pop_17_20,floating_pop_22_01,spending_amt_11_14,spending_amt_17_20,spending_amt_22_01,competition_intensity,floating_resident_ratio,youth_floating_ratio,middle_aged_floating_ratio,HubDist,면적(km),면적(m),count,searching_average,competition_intensity_per_km,floating_pop_17_20_per_km,count_per_km,cluster
2611051000,중구 중앙동,3707.416667,3674.916667,7746.666667,8121.333333,1700657323.0,38459106.5,437.5,79.08333333,463.0,326.8333333,345.6666667,332.25,442.0,1055673.167,49435715.0,128358011.3,134125301.6,119319375.4,67277491.75,31725519.75,556,536,531,-0.84%,3524.416667,3404.75,486.3333333,1848.166667,2551.833333,2693.666667,2443.583333,1338.166667,516.5833333,7748.25,8459.25,11163.83333,98369.33333,62192.91667,10908.25,189408554.0,181353575.9,11833430.83,0.080240529,0.938614711,0.634996993,0.741395069,259.5059861,0.78,780000,691,568.5259259,0.10287247307692308,79734.50855128205,885.8974358974359,2
2611052000,중구 동광동,332.0833333,318.9166667,631.8333333,927.0,307510982.3,12272975.25,234.4166667,114.8333333,255.25,328.25,392.5833333,422.4166667,379.6666667,109044.5,3517701.417,7331133.083,8984066.25,10207643.92,7485171.25,4430896.333,114,131,131,-0.38%,1541.666667,1582.75,182.0833333,232.5833333,267.8333333,302.8333333,321.25,204.75,128.9166667,6191.0,7226.25,10207.16667,11489.25,7160.5,3614.75,12782699.08,9519059.0,5151736.833,0.036486811,4.799411162,0.16016323,0.199743952,291.6913954,0.17,170000,168,22.54259259,0.2146283,42120.58823529411,988.235294117647,3
2611053000,중구 대청동,547.3333333,407.0,1487.25,1721.333333,329707338.9,11501682.75,624.6666667,614.4166667,576.75,743.0833333,938.0,871.0833333,837.5833333,165464.3333,6523603.667,15754863.5,22245399.67,25557715.17,20539802.0,13081701.17,97,99,98,-1.51%,3784.0,3294.833333,369.6666667,393.5,438.75,454.75,498.0833333,405.1666667,260.0,15174.08333,17561.16667,25037.5,20131.83333,13366.91667,5422.916667,39561701.33,15428568.58,2131142.167,0.013702823,7.417568984,0.117568808,0.13460316,528.737647,0.35,350000,124,67.01851852,0.03915092285714286,38191.19048571429,354.28571428571433,3
2611054500,중구 보수동,340.6666667,424.75,858.3333333,1160.416667,301838519.8,33473726.42,838.8333333,913.5,846.8333333,1040.083333,1331.416667,1310.166667,1236.416667,90167.33333,3457607.083,6842156.833,8992941.833,10876178.42,8746095.167,3651407.833,123,113,117,3.85%,4555.25,4260.583333,248.8333333,333.4166667,241.5,272.25,408.5833333,347.5833333,204.0,21586.08333,25706.25,36299.58333,13033.41667,10248.25,4996.333333,12736344.75,13924959.33,2612271.333,0.013952169,11.51769189,0.065214103,0.077228472,583.5124475,0.42,420000,159,66.14814815,0.033219450000000005,24400.59523809524,378.5714285714286,0
2611056000,중구 부평동,627.8333333,608.25,4688.5,5872.833333,3939526691.0,278482865.8,461.6666667,286.3333333,381.5833333,433.6666667,693.8333333,772.3333333,658.0,1175843.167,38202159.67,60555521.92,62089774.67,65552237.42,50947893.67,18901671.58,655,672,669,-0.50%,4010.083333,3903.583333,399.6666667,915.5,738.0833333,881.25,1069.916667,950.0,500.0,10976.58333,13034.0,17560.83333,28837.0,36770.58333,19336.58333,63376474.25,95539748.0,54325222.67,0.082768207,6.402211286,0.208952866,0.24655659,326.7714305,0.21,210000,749,1113.02963,0.39413431904761903,175098.01585714286,3566.666666666667,2
2611057000,중구 광복동,645.0833333,396.6666667,4659.416667,4194.166667,1904511386.0,42859014.42,72.16666667,24.41666667,94.5,130.0833333,189.75,211.5833333,149.0833333,1676471.583,38968252.83,62456002.17,78485111.0,68507956.83,45094819.33,22937603.08,230,230,231,0.29%,1584.75,1384.833333,323.3333333,588.9166667,493.9166667,499.0833333,558.25,441.0,227.9166667,2919.083333,3091.25,3934.416667,23886.83333,22049.41667,4233.25,121732380.1,94952589.08,8850327.75,0.077451943,2.850571954,0.364641504,0.356054441,366.2969634,0.21,210000,384,2214.396296,0.3688187761904762,104997.22223809523,1828.5714285714287,2
2611058000,중구 남포동,1053.5,841.6666667,4933.25,5618.25,2705516838.0,697933739.8,94.33333333,14.41666667,129.6666667,172.9166667,227.25,197.0833333,210.0,1481707.5,33409765.5,60064230.0,76592114.33,91838921.92,94976586.42,47053299.83,437,470,460,-2.06%,2781.166667,3123.916667,422.9166667,903.5833333,857.5833333,925.9166667,1295.75,1426.166667,915.1666667,3578.083333,3798.75,4548.166667,47027.25,43647.41667,10934.5,139247507.7,118335492.1,16549137.0,0.074004036,3.11586492,0.298245862,0.37622952,221.4118113,0.24,240000,661,501.8555556,0.30835015,181864.236125,2754.166666666667,2
2611059000,중구 영주1동,214.4166667,241.25,356.5,644.8333333,96911055.67,17171452.42,396.1666667,298.6666667,442.5,483.0,537.5833333,552.1666667,494.8333333,70533.16667,2014836.0,5212562.917,6161269.5,6434754.667,5739338.75,1689456.083,62,66,66,0.76%,2141.0,2035.916667,122.0833333,188.0,240.5,266.1666667,295.5,207.5,100.0833333,9025.166667,10834.83333,15567.16667,8909.833333,6233.25,3262.333333,9670234.917,7081672.333,1270031.5,0.014843485,9.166605706,0.102587634,0.134469206,456.7258629,0.29,290000,87,28.72222222,0.05118443103448276,21493.96551724138,300.0,0
2611060000,중구 영주2동,173.9166667,149.75,202.9166667,394.0833333,21788598.33,6830822.333,543.4166667,667.1666667,627.5,854.4166667,986.3333333,1082.333333,1012.25,54277.75,626864.3333,1941808.5,2189133.5,1838636.583,2205047.5,1108382.333,28,28,28,-0.60%,3457.5,3166.416667,142.3333333,120.0833333,140.4166667,176.25,228.5833333,212.9166667,146.1666667,16004.5,20374.91667,28208.75,6642.5,5149.916667,3276.25,2803180.75,2588643.333,773356.5833,0.004227106,20.46524202,0.039327186,0.061116912,797.9141753,0.34,340000,40,28.72222222,0.01243266470588235,15146.81372647059,117.6470588235294,0
2614051000,서구 동대신1동,146.9166667,130.4166667,483.0833333,633.75,142779708.6,18503479.42,399.6666667,428.5,368.0833333,444.1666667,567.6666667,618.5833333,632.0,55441.83333,1618515.667,4275708.0,7919476.917,9184450.833,6979226.333,3275856.167,54,61,62,1.64%,2220.166667,1990.833333,125.25,120.75,144.1666667,166.8333333,202.25,156.5,106.0833333,9578.166667,11848.58333,17076.58333,5420.0,5767.583333,3194.333333,9244242.5,11501265.17,1190472.083,0.012823557,15.18389423,0.062910631,0.087647431,288.3624398,0.24,240000,58,39.44444444,0.0534314875,24031.597220833333,241.66666666666669,0
2614052000,서구 동대신2동,277.4166667,144.1666667,568.5,897.25,462837849.3,345321175.1,547.8333333,626.1666667,526.9166667,750.8333333,936.9166667,984.25,1058.166667,140617.5833,4133431.25,11348603.5,20660157.17,30587546.92,10173473.0,3805679.0,113,117,112,-4.14%,3326.75,3131.083333,305.0,154.75,165.0833333,213.0,248.3333333,203.6666667,151.25,14504.41667,18330.66667,27147.58333,8375.333333,6450.25,4029.083333,29632024.75,18919653.75,7251439.833,0.017498129,15.31804704,0.049526415,0.071437789,215.3308927,0.43,430000,117,105.0,0.04069332325581396,15000.581395348838,272.09302325581393,0
2614053000,서구 동대신3동,767.4166667,706.0,2112.333333,2633.583333,453100064.1,21097557.75,715.5,691.6666667,569.75,687.6666667,916.5,883.0833333,1028.166667,268261.6667,7870185.583,24786554.25,52519079.42,62161819.17,51354933.58,27501953.25,133,144,135,-5.90%,4369.5,3772.583333,669.5833333,609.3333333,499.1666667,583.25,697.9166667,603.0833333,453.0833333,16682.5,19360.5,25929.5,27365.83333,16992.25,8607.25,90233745.5,23059962.5,4874157.25,0.016334886,5.525988349,0.136144517,0.15735121,683.2671632,1.46,1460000,145,91.48148148,0.01118827808219178,11638.527397260274,99.31506849315069,3
2614054000,서구 서대신1동,521.5,380.9166667,2071.083333,2225.083333,442951817.2,47433471.08,890.3333333,985.0833333,848.25,1132.25,1193.833333,1311.25,1421.75,198902.5,6521506.25,17384856.92,36094844.25,34973422.17,26786672.0,13276853.42,158,159,159,-0.10%,5675.0,5043.25,660.0,563.4166667,498.0,598.6666667,638.5833333,493.6666667,377.4166667,21301.83333,27506.08333,38183.5,20946.33333,23524.75,9835.666667,48431105.0,30634359.0,5515611.0,0.014741212,11.87727399,0.099028915,0.115433956,209.7543659,0.64,640000,179,70.92592593,0.02303314375,36757.421875,279.6875,0
2614056000,서구 서대신3동,508.1666667,289.0833333,856.75,941.5,245707238.4,8058521.083,600.4166667,1153.666667,657.3333333,858.5833333,922.4166667,784.25,853.75,115648.1667,2107631.667,5505330.167,13711679.5,9800020.083,5958223.333,2621535.333,71,74,73,-0.90%,3998.083333,3356.916667,480.4166667,260.0833333,270.5833333,335.5833333,400.5833333,308.0833333,258.9166667,16409.25,19890.33333,28596.91667,15380.83333,11057.41667,4868.583333,12612952.75,13001607.5,1631107.25,0.009653297,9.225462527,0.072150465,0.100090641,316.7848686,1.4,1400000,78,99.21296296,0.006895212142857143,7898.154764285715,55.714285714285715,0
2614057000,서구 서대신4동,294.0,166.8333333,589.75,742.0,274491193.8,5298024.417,544.8333333,967.0833333,537.75,754.4166667,839.5833333,695.8333333,758.25,81045.25,1155981.083,5112250.417,8837524.667,13931748.67,13135193.75,6471752.667,87,87,82,-4.82%,3401.333333,3079.666667,384.0,187.5,217.25,254.1666667,329.5,293.0833333,170.4166667,14181.83333,17353.75,25216.75,13900.91667,7312.916667,3729.666667,22825727.75,5989894.833,461286.1667,0.013423854,14.0636528,0.062451782,0.090058119,1618.242943,3.11,3110000,76,99.21296296,0.004316351768488746,2351.4201501607718,24.437299035369776,0
2614059000,서구 부민동,728.25,625.8333333,1565.083333,1909.75,517853714.9,3252458.25,929.9166667,857.1666667,537.6666667,640.5,732.6666667,722.1666667,761.0,522117.9167,7694259.75,10310785.17,14766229.92,18751456.25,13339861.17,5108155.083,160,167,164,-1.89%,4654.583333,4269.5,640.0,1127.666667,580.5,702.4166667,806.0,703.0833333,529.75,15005.41667,17607.41667,24989.08333,34356.83333,26188.33333,11570.66667,27830712.25,17296728.25,3269127.417,0.017929012,6.590497877,0.191410883,0.169027631,374.58845,0.41,410000,174,164.3518519,0.043729297560975613,63873.983731707325,424.39024390243907,3
2614061500,서구 아미동,611.0,348.8333333,1926.833333,2279.5,185413267.4,18882168.5,593.4166667,465.4166667,516.5,844.1666667,1130.833333,1250.666667,1342.666667,127947.3333,5808336.417,25966900.0,57817082.5,62068850.83,55538834.08,39733988.33,62,72,69,-4.18%,4228.75,3902.5,122.75,449.75,544.25,524.9166667,507.25,441.3333333,350.0833333,17850.5,21149.0,29540.83333,19767.25,11099.91667,6268.583333,104571548.6,12275297.75,2041682.167,0.007624904,8.471522834,0.122244427,0.126938253,204.3368791,0.72,720000,64,97.22222222,0.010590144444444446,15416.550930555557,88.88888888888889,3
2614063000,서구 초장동,74.25,93.33333333,18.58333333,31.66666667,9358359.75,7344097.667,296.6666667,197.5833333,304.25,422.75,589.0,674.4166667,772.4166667,63951.0,115266.9167,303657.4167,429241.25,454767.5,432077.9167,238981.8333,12,12,12,4.35%,1838.583333,1815.333333,84.25,38.5,55.91666667,70.25,117.5833333,108.5833333,82.0,8849.083333,10945.25,16110.41667,3048.916667,2281.083333,1742.666667,922942.0,954623.6667,998412.3492,0.003284147,21.80358031,0.025839852,0.051406025,401.5569915,0.44,440000,11,0.0,0.0074639704545454546,5184.280302272728,25.0,0
2614064000,서구 충무동,1013.083333,914.5833333,2256.5,3017.916667,706578825.7,233687787.3,639.0833333,609.5,615.5833333,706.75,956.0833333,989.25,1015.5,224378.5833,7396683.0,19798496.08,29498217.67,38728670.25,44499238.75,22847436.0,291,310,308,-0.75%,4191.166667,4007.25,430.0,441.0,536.0,703.5,946.8333333,912.0,618.5833333,16598.08333,18980.08333,26266.41667,31912.25,22590.41667,9102.916667,56872667.42,32929699.42,5162525.75,0.035494659,4.253026111,0.119169352,0.201299031,307.6455577,0.37,370000,284,207.962963,0.0959315108108108,61055.18018918919,767.5675675675676,3
2614065000,서구 남부민1동,222.75,235.5833333,227.25,506.8333333,76232028.5,53141930.33,358.9166667,298.3333333,412.0,483.75,711.5,807.9166667,742.4166667,63908.83333,1188133.333,3183124.833,4326864.083,5200041.5,5803312.583,2268085.333,41,43,40,-8.08%,2226.75,2376.416667,63.5,98.58333333,168.75,185.1666667,264.5,276.5,181.9166667,10866.25,12961.66667,18686.75,7811.166667,5031.416667,2823.833333,6850675.833,4257974.083,632706.0,0.008906912,10.04327273,0.058075962,0.097686375,849.1779765,0.37,370000,40,32.5,0.024072735135135134,13598.423424324326,108.10810810810811,0
2614066000,서구 남부민2동,292.25,376.9166667,341.5,654.1666667,153208038.3,22937425.5,710.9166667,697.5833333,820.5833333,962.75,1407.75,1544.25,1434.25,198421.75,999428.1667,3967853.667,5899763.25,7160808.25,7119737.083,3171394.167,51,57,54,-4.71%,4374.166667,4281.583333,269.5,138.0833333,199.4166667,254.0,342.25,344.25,192.0,21663.08333,26543.25,36791.75,11853.75,6315.583333,3117.166667,9173504.333,7447925.167,1406806.0,0.005892037,12.93511831,0.038991422,0.068884845,1537.56468,0.74,740000,50,32.5,0.007962212162162162,8534.572071621622,67.56756756756756,0
2614068000,서구 암남동,1327.416667,1625.75,3499.25,5325.083333,1424666180.0,132248248.7,1543.916667,1678.583333,1265.833333,1464.666667,2221.583333,2055.416667,1929.75,655003.75,18133111.25,52958221.83,92763114.08,100049042.5,78523248.33,30160900.67,274,279,277,-0.48%,8683.416667,8518.666667,586.0833333,1039.333333,1313.833333,1579.916667,1725.666667,1188.083333,555.6666667,36754.41667,43507.0,57595.25,53134.25,33443.41667,16850.16667,135468934.7,64877498.5,15328951.17,0.015928303,5.824961905,0.136795446,0.192161802,2490.722335,3.64,3640000,288,310.0925926,0.0043759074175824175,9187.751832417582,79.12087912087912,3
2617051000,동구 초량1동,951.1666667,863.5833333,1926.25,2786.416667,1109336188.0,55997900.5,455.25,403.1666667,524.5,496.5833333,673.8333333,648.0833333,594.25,735066.75,16758287.25,31480929.92,29358989.17,30488572.67,20973377.58,7115619.667,156,157,161,2.77%,3158.583333,3181.75,258.75,785.25,844.0,825.3333333,800.6666667,577.5,260.5833333,10706.75,12858.5,18538.83333,29681.41667,21013.08333,8489.083333,47705769.25,32809486.58,8345980.667,0.024604385,3.493777839,0.256965985,0.256453394,178.2368351,0.26,260000,186,178.8703704,0.09463225,80819.55126923077,715.3846153846154,3
2617052000,동구 초량2동,443.0833333,336.75,2832.0,3956.25,1697412848.0,105588994.3,484.0833333,371.0,495.1666667,543.4166667,804.0833333,888.6666667,806.9166667,831248.0833,18104384.25,29919523.25,32865582.25,38202050.17,29718665.42,12489787.92,300,314,308,-1.75%,3460.0,3240.916667,310.5833333,507.9166667,465.5833333,468.5833333,550.0833333,467.5,309.75,12752.5,15406.91667,21302.75,19806.66667,16998.83333,7774.25,45991490.92,46793507.25,18047732.33,0.044769994,8.592754862,0.145278631,0.152019002,310.7006231,0.39,390000,326,178.8703704,0.11479485641025641,43586.75212820513,835.8974358974359,3
2617053000,동구 초량3동,2127.833333,2100.0,11412.58333,14829.58333,1441679064.0,93982114.92,854.75,921.5833333,847.9166667,1005.416667,1187.083333,1273.416667,1126.416667,2138806.833,49138519.08,92791429.08,100550156.3,101188693.9,83291822.42,36876081.25,305,306,304,-0.49%,6813.583333,6758.0,772.0833333,1767.333333,2066.416667,1992.25,2078.416667,1311.083333,587.1666667,20124.83333,25324.0,35132.08333,73242.0,54656.75,17453.91667,141448675.7,114026993.9,25863185.83,0.022473428,3.210056372,0.282483621,0.299940439,293.4371903,1.53,1530000,363,178.8703704,0.014688515032679738,35723.36601307189,237.2549019607843,3
2617055000,동구 초량6동,251.75,332.0,152.75,264.25,46745152.42,2410962.5,480.25,668.5833333,441.9166667,644.5833333,832.0833333,917.4166667,1111.083333,32765.83333,564208.9167,1589706.0,2013349.5,1628820.917,903143.4167,294300.75,29,32,33,1.03%,3081.166667,2822.916667,450.25,96.75,119.5,170.9166667,195.9166667,189.9166667,161.6666667,14580.41667,17786.91667,24857.41667,10001.41667,5100.166667,3206.583333,2711967.75,1800883.0,456771.6667,0.004911855,10.11406138,0.036627193,0.06213214,816.2771504,1.34,1340000,37,178.8703704,0.0036655634328358203,3806.0945276119405,27.61194029850746,0
2617056000,동구 수정1동,338.0,198.75,214.8333333,316.5,92753009.58,4177300.167,288.8333333,358.5,325.3333333,377.0,433.3333333,492.3333333,628.5833333,56745.08333,1501080.083,3389684.167,3300955.25,3487909.25,2200803.667,1147601.917,46,46,45,-1.46%,2294.833333,1969.916667,321.5833333,229.4166667,269.9166667,308.25,330.8333333,251.8333333,177.25,7862.416667,9662.25,14357.66667,11929.91667,8389.083333,4767.0,5740940.583,3816520.0,913292.3333,0.010786095,7.945505356,0.117083846,0.149852473,415.8604817,0.22,220000,47,30.69444444,0.04902770454545455,38132.19696818182,213.63636363636363,3
2617057000,동구 수정2동,1241.666667,738.4166667,2665.916667,2995.333333,993335511.1,149894907.4,637.1666667,733.5,597.25,755.75,1147.666667,1188.25,1397.583333,237345.8333,7114100.167,20297219.25,29190230.0,31421771.17,23475107.17,11595540.67,317,345,339,-1.74%,4993.833333,4528.416667,644.3333333,546.0833333,632.5,808.0833333,977.3333333,786.5,643.5833333,19048.5,23093.0,31046.66667,31521.41667,26169.91667,12161.16667,40338734.0,36178247.08,9122583.583,0.033290451,4.809014772,0.123771518,0.187499453,237.2237296,1.12,1120000,367,30.69444444,0.02972361696428571,23365.99702678571,327.6785714285714,3
2617059000,동구 수정4동,99.33333333,79.91666667,82.5,163.0,25356639.42,3915012.333,291.25,271.5833333,243.25,401.1666667,553.4166667,651.25,730.1666667,55038.08333,273393.6667,764139.6667,2183021.083,1729141.25,2028589.333,585125.75,20,19,18,0%,1974.083333,1844.833333,74.58333333,85.58333333,80.58333333,126.3333333,169.5,160.75,152.5,8462.416667,10848.41667,15551.41667,5017.916667,4376.0,2152.416667,2124553.75,1229143.167,678794.9167,0.005237087,21.30497443,0.043511467,0.07746525,474.5521089,0.92,920000,22,30.69444444,0.0056924858695652164,4756.521739130435,23.913043478260867,0
2617060000,동구 수정5동,183.3333333,101.6666667,101.8333333,149.0,6612832.417,12045829.5,385.6666667,526.3333333,357.0,557.9166667,701.8333333,784.25,811.5,27480.58333,662945.5,1717384.0,1328530.5,1026721.417,874699.8333,335596.0833,14,13,12,-4%,2504.75,2198.333333,118.75,55.08333333,83.75,115.25,173.0,175.8333333,134.6666667,11272.0,13960.0,20357.66667,4495.583333,3709.166667,2791.333333,1795232.417,1726692.417,465089.6667,0.002976771,16.50204678,0.029519641,0.06128958,792.3850945,0.34,340000,14,30.69444444,0.008755208823529412,10909.313726470587,41.17647058823529,0
2617064500,동구 좌천동,360.1666667,337.4166667,1694.583333,1934.5,139182629.6,13870698.67,780.0,891.0833333,784.25,1024.333333,1287.916667,1454.833333,1447.166667,106967.4167,5031129.583,22961681.42,30903922.17,37501665.0,27779644.67,15835823.08,53,59,58,-1.70%,5326.333333,4798.666667,354.0833333,394.8333333,419.8333333,506.5,585.3333333,490.9166667,393.3333333,21402.33333,26307.33333,37475.33333,19142.5,14802.5,7789.166667,51154276.33,18812030.75,3442024.5,0.005234568,14.51439493,0.080460905,0.107835391,352.9206358,0.46,460000,59,416.7222222,0.011379495652173914,32179.347826086956,128.26086956521738,0
2617065000,동구 범일1동,652.6666667,357.0,702.9166667,1072.666667,172584468.2,19901417.25,368.8333333,421.5,397.4166667,478.5,675.5,1038.083333,1443.0,64023.16667,2655529.0,7241885.167,8276356.917,8997940.333,7863639.583,3035825.917,99,107,105,-2.64%,3513.833333,2941.916667,390.1666667,247.5,375.5,431.5833333,503.0,426.1666667,260.4166667,14085.41667,17504.91667,23223.33333,17710.5,12090.58333,5185.0,12950893.0,10055622.0,1845977.667,0.015335166,6.393941895,0.096503117,0.144767584,498.2942716,0.98,980000,107,97.98148148,0.015648128571428572,12337.329928571427,109.18367346938776,3
2617066000,동구 범일2동,2511.25,1686.916667,6148.333333,7656.583333,2347947932.0,65181738.92,654.1666667,660.0833333,811.1666667,835.5,1010.666667,933.8333333,707.6666667,350533.25,29892315.83,119040637.8,150420230.5,171697030.8,134883845.3,52074758.17,497,499,492,-1.30%,5230.75,5125.916667,396.5833333,966.1666667,1353.583333,1620.916667,2035.166667,1761.25,800.3333333,16637.33333,19121.83333,26767.83333,69121.25,44749.75,14562.66667,255981234.9,118915333.7,27623567.08,0.047988413,2.466949859,0.22398616,0.35301738,264.3674664,0.83,830000,524,97.98148148,0.05781736506024097,53915.361445783135,631.3253012048193,3
2617068000,동구 범일5동,297.5,635.0,728.3333333,2695.333333,39025641.17,129128326.1,300.75,428.75,910.9166667,806.3333333,609.6666667,517.5833333,644.8333333,48856.41667,2770292.917,13661598.42,22407172.08,24174153.25,38203736.83,19493097.42,30,26,27,1.90%,3085.833333,2982.166667,275.25,340.75,498.6666667,502.0,565.6666667,406.6666667,185.5833333,10917.33333,14282.16667,21301.33333,18759.83333,11870.91667,5621.25,27513984.67,25061586.58,9333696.25,0.004943968,6.507238606,0.138334981,0.175950341,399.2033212,1.73,1730000,21,97.98148148,0.002857784971098266,6861.801543352602,12.138728323699421,3
2620053000,영도구 남항동,1071.666667,1488.75,2175.833333,3474.666667,1509165543.0,77709186.08,727.3333333,684.0833333,732.9166667,936.5833333,1279.333333,1462.25,1615.25,251168.1667,9468654.75,25098727.0,41625442.08,52970475.5,46330498.67,18732462.17,523,545,540,-0.89%,5465.166667,5737.25,478.75,610.9166667,861.0,1046.083333,1326.583333,1268.083333,726.75,22763.41667,26764.25,35161.16667,39600.0,31290.58333,14894.58333,57446868.17,53341433.58,16607986.92,0.046686355,4.375231896,0.13139278,0.211799537,908.8162849,0.74,740000,578,98.64814815,0.06308966891891891,42284.57206756757,781.081081081081,3
2620054000,영도구 영선1동,439.6666667,290.0,1294.583333,1465.5,339842376.8,65138204.58,347.4166667,344.1666667,313.1666667,403.5833333,569.3333333,683.3333333,913.5833333,132935.0,2805161.083,9589526.417,18236535.08,15601020.83,16956467.67,6883779.333,146,155,153,-1.29%,2914.75,2629.416667,313.75,258.8333333,295.9166667,416.4166667,538.4166667,524.5,344.4166667,10720.83333,13005.25,16872.91667,17904.91667,15132.33333,5670.75,24629271.42,17551778.08,3093718.5,0.026333985,7.598218365,0.100060123,0.172223057,1150.277728,0.17,170000,152,69.09259259,0.15490579411764704,89013.72547058822,894.1176470588234,3
2620055000,영도구 영선2동,211.8333333,385.5833333,705.75,1086.333333,146674678.3,20754290.0,638.25,768.5833333,635.1666667,809.3333333,1110.333333,1231.5,1211.666667,182190.25,3637796.083,4864420.5,6865792.333,7069858.0,7069676.583,6065341.5,85,84,85,1.79%,4005.666667,3822.416667,298.25,189.1666667,218.5,352.4166667,395.4166667,333.4166667,226.5833333,17345.16667,22096.75,31789.5,13340.0,8772.666667,3958.083333,12473300.92,8137671.333,1674601.417,0.010858341,13.10322221,0.052077456,0.095532112,1713.264938,0.63,630000,76,30.46296296,0.017235461904761905,13924.867725396825,120.63492063492063,0
2620058500,영도구 신선동,290.6666667,193.75,124.9166667,176.0833333,30922297.0,16706826.17,699.25,635.25,603.75,960.5,1294.333333,1405.0,1660.583333,43651.66667,415105.4167,1847057.5,1699601.917,1496694.0,1633548.667,996501.0,26,26,26,2.61%,4330.0,4098.916667,383.9166667,153.25,158.5,216.1666667,260.25,248.5,226.6666667,20243.41667,24953.33333,35622.08333,9880.5,6570.083333,4940.666667,2872626.0,2133590.417,632526.4394,0.003084619,17.40013762,0.036985773,0.056521696,1608.222677,1.12,1120000,25,44.2037037,0.002754124107142857,5866.145833035714,22.32142857142857,0
2620059000,영도구 봉래1동,487.25,541.5833333,1900.25,2646.916667,533485549.8,91350264.58,514.4166667,592.75,564.5833333,594.0833333,918.5833333,977.75,891.9166667,222302.0,7240588.917,20672697.58,37066204.67,39291497.42,30570317.08,14223764.5,151,156,153,-1.93%,3452.666667,3307.0,344.25,295.1666667,334.75,472.6666667,543.6666667,482.0833333,253.75,14863.33333,18060.16667,24212.25,18516.83333,14526.5,4984.833333,46214639.25,42512202.83,6178098.583,0.02233838,6.570225174,0.093187534,0.150352581,891.4448222,0.3,300000,172,30.33333333,0.07446126666666668,48421.66666666667,573.3333333333334,3
2620060500,영도구 봉래2동,194.75,247.25,232.9166667,568.25,54924293.75,13195603.67,477.0,466.4166667,463.6666667,643.5833333,837.8333333,1091.416667,1186.583333,42193.83333,941622.25,2445261.167,3916045.25,3511795.917,2271085.25,894075.5,22,16,16,1.05%,3132.166667,2922.583333,139.25,126.6666667,166.0833333,273.9166667,275.0833333,223.1666667,118.5833333,13308.91667,17949.25,26276.0,7610.416667,6278.666667,3426.416667,4470544.167,3638703.667,740110.8333,0.003633511,13.69852941,0.048350469,0.090672612,1565.334914,0.64,640000,22,0.0,0.0056773609375,9810.416667187501,34.375,0
2620063000,영도구 청학1동,225.5,499.5833333,277.6666667,487.4166667,62027268.67,14139882.92,504.6666667,621.75,554.0833333,672.5,870.4166667,953.3333333,975.9166667,48464.91667,827046.8333,2969459.0,3580400.917,3748416.5,4001598.5,1342089.083,37,35,38,7.66%,3321.083333,3236.083333,186.5833333,194.6666667,309.9166667,450.9166667,454.1666667,355.5,170.25,14415.91667,17863.91667,25342.16667,13283.66667,9654.416667,4596.0,5962829.917,3924911.25,670223.9167,0.005642681,9.043328353,0.076951427,0.138029637,2077.951019,0.9,900000,40,128.0740741,0.0062696455555555555,10727.12963,44.44444444444444,0
2620064000,영도구 청학2동,570.5,807.8333333,917.1666667,1561.416667,338108972.3,41520256.33,1537.666667,2098.583333,1589.416667,2027.083333,2438.583333,2396.5,2105.083333,100236.75,4241846.833,10725248.67,15336756.83,14743415.58,12723066.42,3271556.167,140,154,152,-1.30%,8286.416667,7859.166667,292.9166667,381.6666667,559.8333333,626.3333333,711.8333333,502.8333333,247.9166667,39968.33333,50595.33333,69297.66667,22147.5,15221.08333,6797.75,22024421.17,14477823.92,2212671.25,0.008671102,11.71384522,0.058313161,0.082881283,2764.954767,1.67,1670000,151,128.0740741,0.005192276646706587,9114.421155688622,90.41916167664671,0
2620065000,영도구 동삼1동,1160.75,1089.583333,2329.166667,3610.25,1152266087.0,47045264.25,3321.25,3771.583333,2397.916667,3090.833333,4062.333333,3615.916667,3062.416667,323166.0,9245243.333,22714611.67,31916556.5,38164497.08,30151085.42,13496472.17,326,316,321,1.47%,13744.83333,12827.0,1007.083333,808.9166667,708.0833333,841.9166667,930.6666667,750.8333333,445.0833333,71921.41667,84497.0,109154.5,37871.58333,26956.91667,11577.25,48633252.75,46335627.75,6650324.833,0.01226863,11.80795438,0.057090528,0.066709109,4013.435832,3.86,3860000,364,93.98148148,0.0031784015544041454,6983.657168393782,94.30051813471503,0
2620066000,영도구 동삼2동,559.0,708.9166667,1356.75,2399.416667,552366002.8,30300469.08,1941.833333,982.3333333,333.4166667,424.5833333,445.4166667,522.8333333,507.25,638358.0833,7847511.5,11730269.0,12490133.0,13286530.33,7569129.667,2135049.25,144,150,153,2%,2970.666667,4669.166667,492.0833333,872.3333333,540.4166667,596.4166667,608.6666667,440.3333333,191.75,17535.66667,18466.75,23293.91667,27329.83333,16200.08333,8132.083333,20687866.75,15280154.58,4092312.167,0.018848579,6.02550115,0.184918955,0.157736862,5445.991193,3.36,3360000,131,93.98148148,0.005609696130952382,4821.45337202381,38.98809523809524,1
2620067000,영도구 동삼3동,316.3333333,415.8333333,728.0833333,913.3333333,470037685.3,10534979.92,918.9166667,879.5,865.25,1034.666667,1471.833333,1508.0,1399.75,129727.5,3446348.667,9488810.25,11712065.67,9622004.75,6427612.417,2261380.75,39,37,34,-6.36%,5005.166667,4656.0,381.0,345.0,275.5,342.3333333,420.9166667,333.9166667,209.3333333,22383.0,27879.0,39443.0,15253.08333,10444.5,5297.083333,17840389.5,11974333.33,880772.25,0.00403678,13.19531072,0.064226198,0.079001846,3653.552053,0.81,810000,45,93.98148148,0.004983679012345679,12894.444444444443,55.55555555555555,0
2623051000,부산진구 부전1동,2703.083333,2305.5,12927.25,13477.83333,3826141982.0,1147798580.0,1525.5,681.3333333,1324.5,1203.5,1523.833333,1744.166667,1619.833333,1672372.0,80684706.33,150793594.8,176541132.7,227111146.3,214639596.8,111363488.8,896,885,872,-1.47%,9925.916667,9088.166667,969.3333333,2548.083333,2067.0,2037.916667,2457.083333,2440.75,1873.25,29517.91667,33138.0,44769.91667,104220.1667,81064.33333,23907.91667,351983622.0,195213338.2,30781969.58,0.047122966,3.796299686,0.242719213,0.236403718,287.1404916,1.23,1230000,981,1784.77963,0.03831135447154472,65905.96205691056,797.5609756097562,2
2623052000,부산진구 부전2동,4175.75,2685.083333,28851.41667,26961.33333,12042846454.0,206986141.1,1585.25,842.25,1427.583333,1148.833333,1123.0,952.5,696.0,18481343.83,507310779.6,683918240.0,533386042.8,481769116.6,207870206.8,64801361.08,1353,"1,396","1,379",-1.19%,12650.91667,12102.75,2126.166667,8133.166667,4484.333333,3314.0,3047.25,1842.666667,883.8333333,23400.91667,27336.5,37023.58333,142351.0833,152324.25,68683.66667,800626012.7,696146242.6,194816442.6,0.054658569,3.607967934,0.509722465,0.256982131,356.912595,0.71,710000,1648,1806.496914,0.0769839,214541.19718309861,2321.1267605633802,2
2623054000,부산진구 연지동,577.1666667,502.8333333,1729.5,2292.333333,320127415.4,52621901.42,1532.0,2938.5,1905.833333,2270.916667,2458.166667,2274.833333,2167.166667,122751.8333,3422561.333,17764467.75,32079194.67,21843151.0,13219194.5,6308893.75,140,153,150,-1.74%,9815.083333,8687.916667,669.6666667,424.0,520.8333333,657.3333333,687.0833333,619.6666667,449.9166667,43630.08333,53317.66667,76265.75,22192.16667,20245.91667,11554.33333,28264186.25,25817119.92,5026882.167,0.007566341,17.13240741,0.051063791,0.072659389,1402.928258,1.04,1040000,164,102.9907407,0.007275327884615384,19467.22756730769,157.69230769230768,0
2623055000,부산진구 초읍동,892.5833333,784.5833333,2813.833333,3757.333333,1238100057.0,83241811.0,1753.0,2195.333333,1653.333333,2220.833333,2860.916667,3119.916667,3188.333333,207061.4167,5951025.083,23435239.42,40510853.08,37939095.5,26949003.25,11422180.58,305,297,295,-0.79%,10959.08333,9742.25,879.6666667,522.6666667,644.8333333,855.5833333,1020.916667,853.1666667,602.6666667,50929.83333,60866.91667,80723.41667,35824.33333,27442.66667,13111.75,43901241.5,49541820.75,9649361.417,0.014733351,12.34303886,0.056397334,0.090646335,2018.913475,5.86,5860000,346,58.98148148,0.002514223720136519,4683.048919795221,59.04436860068259,0
2623056000,부산진구 양정1동,1337.583333,918.75,4005.083333,4733.75,1333750449.0,116798400.8,2203.083333,3078.75,1897.166667,2332.083333,2548.666667,2012.75,1851.5,804973.6667,21737427.33,39853981.25,52661107.17,57294326.67,33743475.25,12070510.33,350,370,363,-2.07%,10212.16667,8895.083333,795.3333333,1113.5,734.75,844.9166667,927.0833333,653.8333333,361.9166667,45324.33333,55999.75,77037.08333,36591.33333,29000.0,11313.41667,65940581.58,66259361.5,15784685.08,0.018317654,8.468274487,0.096730299,0.092739667,340.7703132,1.17,1170000,387,132.4814815,0.01565611452991453,24786.32478632479,330.7692307692308,3
2623057000,부산진구 양정2동,1261.166667,1255.0,3122.083333,4332.083333,917661979.6,106014268.1,1664.583333,1166.5,1598.5,1340.916667,1421.416667,1598.833333,1366.5,244193.6667,16153857.0,45427350.5,61846283.25,66023893.33,43052363.67,22924118.17,216,218,220,1.15%,7239.25,6456.583333,757.25,853.5,950.9166667,1044.25,1215.75,784.1666667,442.0833333,28685.41667,33884.83333,48823.08333,42713.0,26106.83333,11591.08333,95776679.5,50459181.0,13283244.0,0.01577122,5.443134398,0.131749315,0.16501369,376.353661,0.89,890000,272,132.4814815,0.01772047191011236,29333.52059550562,305.6179775280899,3
2623060000,부산진구 전포1동,1469.083333,1673.083333,10485.5,8291.583333,4671440256.0,198987445.8,2080.333333,1588.75,2064.25,1764.833333,1815.083333,1790.666667,2041.083333,4377527.75,146120765.0,144398627.8,89771860.33,71793866.42,42757512.67,8262433.917,808,792,815,2.82%,10705.33333,9250.833333,1384.916667,3175.583333,1921.583333,1253.333333,1130.333333,741.75,338.9166667,38546.25,45572.58333,62516.5,60445.41667,62231.75,24348.75,149211022.3,159723790.4,54222310.33,0.040488738,6.351084708,0.255418125,0.119445117,314.6249349,1.78,1780000,878,305.3425926,0.02274648202247191,34961.65730337078,493.2584269662921,3
2623061000,부산진구 전포2동,1295.416667,1426.166667,4555.583333,4884.833333,2010824284.0,132782980.4,2017.666667,1875.333333,2142.0,1899.5,2279.083333,2197.0,2393.666667,1031975.0,49084288.08,65687841.33,53807048.17,57512552.67,34049617.33,12640247.58,425,402,403,0.46%,10003.91667,8921.5,689.1666667,1361.5,1180.5,1057.0,1101.0,886.6666667,559.8333333,43623.0,51587.16667,70266.33333,46043.41667,35454.66667,14905.08333,79800290.33,78516685.58,25635554.33,0.022456573,6.953825898,0.134316726,0.114026552,419.804454,1.14,1140000,465,305.3425926,0.019698748245614038,31100.584798245614,407.8947368421053,3
2623064000,부산진구 부암1동,1053.5,1008.75,3557.666667,4701.833333,775224786.1,21503252.5,1556.333333,2544.5,2018.75,2231.666667,2277.5,2266.166667,2579.5,314830.3333,25715387.5,76566218.75,96130913.58,91106203.08,54274743.33,20740166.75,144,148,149,0.56%,11277.58333,10225.41667,947.0833333,1095.5,1358.75,1451.583333,1527.75,1052.083333,650.1666667,42274.5,53770.75,76187.91667,49173.58333,44021.25,19483.91667,123852980.3,107925609.0,10801906.83,0.00669674,10.42696084,0.114135237,0.13855431,788.9172427,0.8,800000,157,49.90740741,0.008370925,55026.5625,196.25,3
2623066000,부산진구 부암3동,476.5,444.6666667,1480.833333,1852.166667,336608369.8,44302455.25,1747.666667,3057.75,1834.666667,2486.916667,2760.0,2082.666667,1702.916667,98807.08333,2647977.583,11925961.5,22894565.17,19558173.92,10875873.25,3138131.333,138,145,145,-0.23%,8954.916667,8379.5,568.1666667,254.4166667,329.8333333,386.4166667,452.8333333,381.5833333,202.8333333,43084.91667,54675.83333,77455.66667,16416.83333,12159.25,6182.166667,17857009.92,26001593.0,4206190.0,0.007961041,18.81789398,0.033704624,0.048415243,1573.437742,1.83,1830000,162,49.90740741,0.0043502956284153,6644.398907103825,88.52459016393442,0
2623067000,부산진구 당감1동,1019.666667,616.9166667,3136.666667,3549.416667,837476500.3,177291105.8,2166.5,3607.166667,2207.916667,2840.083333,3346.5,2657.583333,2541.0,265759.0,7072165.167,23285777.25,39137666.75,46754284.92,29549025.25,10914247.08,299,309,305,-1.24%,12076.91667,10871.5,1037.916667,548.0833333,630.9166667,767.0,976.75,776.8333333,473.25,56716.33333,68908.25,92895.58333,31561.66667,26811.5,13184.0,50509290.5,45612004.25,6713968.583,0.013029221,14.0221498,0.051376093,0.075985634,1084.39218,2.44,2440000,307,106.7716049,0.0053398446721311475,10988.319672131147,125.81967213114754,0
2623068000,부산진구 당감2동,370.0833333,427.1666667,1607.833333,2063.75,163287942.6,15729741.83,672.8333333,887.5833333,858.5,806.4166667,1005.416667,997.1666667,939.6666667,136788.6667,6195639.833,21169212.25,34324460.67,40884309.5,33742607.0,13124153.58,72,74,73,-1.58%,4026.833333,3756.083333,316.1666667,254.5833333,405.5,422.5,476.75,359.8333333,169.5,15634.91667,20588.41667,31327.16667,12943.41667,10358.58333,7153.0,57103330.58,15860424.42,7144154.667,0.009251031,9.762203408,0.084811821,0.115541517,223.3217319,0.86,860000,80,231.9938272,0.010757012790697674,12044.864337209301,93.02325581395348,0
2623070000,부산진구 당감4동,538.25,432.75,1206.333333,1828.583333,838425094.9,26099940.0,854.0,1334.5,1108.75,1179.333333,1275.583333,1128.333333,1054.833333,140851.1667,5773260.75,18249992.83,31375410.33,30910621.33,18459458.5,4914638.25,179,179,174,-3.16%,5253.833333,4892.916667,762.1666667,307.25,353.3333333,489.75,600.1666667,428.9166667,232.75,21901.5,27494.33333,39110.16667,17952.25,16178.91667,9121.75,27345470.25,40175416.58,8618971.75,0.017641117,10.44979403,0.065102948,0.107415346,1397.924073,0.87,870000,199,106.7716049,0.020277145977011496,18596.455942528737,228.73563218390805,0
2623071000,부산진구 가야1동,1204.083333,1295.083333,2652.416667,3438.583333,580939401.6,68965989.0,3480.5,2664.166667,1923.25,1978.083333,2497.333333,2339.083333,1958.333333,1069887.667,11950811.17,26778692.42,44101231.42,38001877.17,21305256.33,7112915.667,210,269,253,-6%,10426.5,10247.5,1161.416667,1752.5,683.3333333,768.1666667,873.8333333,655.5833333,430.25,52173.91667,59383.75,79447.58333,44373.58333,29399.83333,13752.66667,47447169.75,38890994.33,6093510.167,0.010157686,8.272357452,0.117821096,0.07942343,490.2008558,1.81,1810000,266,262.6944444,0.005611981215469614,16243.001839779006,146.96132596685084,3
2623072000,부산진구 가야2동,753.3333333,560.5833333,1593.583333,2268.666667,1194386402.0,37136707.08,1725.416667,1820.083333,1353.333333,1610.5,2145.916667,2092.666667,1631.0,295086.5,8100328.75,20952657.5,25842272.75,26310051.0,14426262.5,5153456.167,223,224,232,3.34%,7935.166667,7643.75,635.6666667,693.9166667,636.75,692.1666667,844.3333333,670.1666667,333.5,32901.08333,43006.66667,61522.91667,24791.58333,25037.83333,13431.5,28011548.92,38059748.25,7391922.417,0.014314217,11.85685292,0.085414583,0.098626884,572.0319722,1.39,1390000,230,262.6944444,0.01029799784172662,18012.829733812952,165.4676258992806,0
2623074000,부산진구 개금1동,939.25,659.75,6462.916667,6729.333333,1573044099.0,235033188.9,1647.333333,1041.5,1199.666667,1152.916667,1197.416667,1348.0,1335.583333,963055.3333,25930711.75,67660786.25,82637247.58,85206426.08,58287215.83,22521731.83,384,379,375,-1.06%,7176.166667,6424.083333,1075.5,951.3333333,873.6666667,981.0,1098.0,814.5,475.5833333,24736.0,30980.75,43299.08333,33746.58333,33912.83333,17960.58333,105208775.3,92290222.67,17282256.25,0.028234775,8.50547217,0.13418871,0.152864837,372.1159641,0.58,580000,399,84.08641975,0.04868064655172414,58470.402293103456,687.9310344827587,3
2623075000,부산진구 개금2동,644.1666667,373.5833333,2397.833333,2368.333333,220803573.8,28167214.5,1205.083333,1627.75,1155.5,1364.833333,1653.833333,1487.083333,1566.416667,212863.0,8730178.0,29415938.08,59801789.42,69505819.5,57352729.83,33711064.33,65,72,68,-4.64%,6584.666667,5767.416667,416.6666667,525.6666667,480.5833333,533.1666667,552.4166667,455.3333333,337.75,28342.25,34531.5,49122.08333,20143.75,12852.66667,8669.916667,104176939.9,17671506.17,2908785.417,0.00526227,12.13665766,0.081463991,0.087886659,676.5013174,0.92,920000,79,84.08641975,0.005719858695652174,13970.289858695653,85.8695652173913,0
2623076000,부산진구 개금3동,710.8333333,643.8333333,2009.166667,2504.833333,318800026.4,24934733.83,2714.916667,4386.666667,2766.75,3431.5,4205.0,3157.5,2479.416667,249609.8333,5070845.167,16660875.0,32307445.5,36479098.5,19621315.58,5871999.333,143,161,154,-4.25%,13817.25,12562.5,1071.416667,480.0,557.0,665.25,798.0833333,644.4166667,369.4166667,65295.08333,80916.33333,113146.5833,26886.16667,22624.25,12014.66667,30987971.58,38109380.17,4942687.917,0.005420825,19.47324065,0.039310456,0.055471842,557.7007031,2.03,2029999,156,84.08641975,0.002670357142857143,11144.950738916257,76.84729064039409,0
2623077000,부산진구 범천1동,1838.916667,1450.0,4640.5,5879.75,1327281282.0,119436061.2,1028.833333,737.9166667,1201.333333,987.3333333,1159.25,1194.166667,1351.083333,277598.6667,34459864.58,102846619.1,101078692.8,122987215.8,94285858.0,31249701.0,349,351,347,-1%,6470.166667,5878.416667,341.3333333,1206.25,1400.0,1371.333333,1686.5,1314.916667,650.0833333,22580.08333,26517.33333,36335.91667,59341.83333,37559.08333,12964.33333,199356584.8,90697581.42,14085870.58,0.028262351,3.754605113,0.211056599,0.247626246,251.2484805,0.55,550000,386,76.52469136,0.05138609272727272,68289.24241818182,701.8181818181818,3
2623078000,부산진구 범천2동,628.8333333,514.5,1570.5,2448.083333,204132600.5,19441453.25,810.8333333,966.1666667,1127.416667,1053.5,1380.416667,1702.25,1785.333333,73572.83333,7468967.667,23841757.25,26960980.0,27818285.25,22643216.08,11318850.42,112,114,111,-2.06%,6287.0,5593.083333,394.0833333,586.3333333,670.0833333,633.9166667,707.25,688.0833333,509.5833333,24697.75,30441.16667,42858.0,24461.08333,19359.66667,11010.16667,35573932.83,29680871.83,5514284.417,0.009427543,10.39074344,0.105758237,0.112892025,491.3349557,1.77,1770000,111,76.52469136,0.005326295480225988,10937.664785310733,62.71186440677966,0
2626051000,동래구 수민동,1977.666667,1721.416667,4748.083333,6011.5,1449462301.0,263156112.8,2282.75,3695.416667,2642.083333,3037.166667,3387.916667,3044.666667,2746.583333,393258.5833,13682862.58,45088853.75,81750316.42,94546625.0,81958949.83,40500841.33,367,371,361,-2.47%,13630.25,12369.75,878.0833333,976.75,1290.833333,1499.75,1740.666667,1499.583333,969.4166667,59668.16667,72641.33333,101063.5,60792.25,43825.91667,17369.91667,117994770.5,79931758.67,15398943.83,0.014115385,7.028768389,0.087214744,0.12463141,281.5204003,1.21,1210000,369,365.7777778,0.011665607438016529,36219.765842975205,304.9586776859504,3
2626052000,동래구 복산동,330.8333333,255.0833333,698.75,912.8333333,299344540.8,57583297.5,915.75,951.75,774.6666667,1004.083333,1513.416667,1525.416667,1554.583333,58278.58333,1363562.667,9282518.75,27024751.33,11604023.83,8580215.5,5591537.5,122,133,129,-2.51%,4904.833333,4389.416667,287.0,157.6666667,207.6666667,268.5833333,307.25,266.8333333,138.0833333,22324.91667,27816.33333,40886.5,10379.08333,8284.5,3288.416667,20021963.92,18566138.67,3091546.667,0.013126395,15.86275068,0.039307457,0.061955869,369.3833089,0.77,770000,122,107.1111111,0.017047266233766234,10759.090909090908,158.44155844155844,0
2626054500,동래구 명륜동,1512.666667,1003.75,8523.083333,10022.5,4648442680.0,79042256.42,1230.0,3280.75,1489.083333,2952.083333,2270.833333,1845.0,1883.75,1767458.5,58029549.83,132426418.8,188152618.4,164007892.8,118664970.5,57779960.58,642,653,646,-1%,11652.41667,10257.08333,1295.75,1766.583333,1439.75,1584.666667,1598.666667,1113.916667,668.1666667,42228.0,52655.58333,73042.41667,50361.0,58429.0,31044.75,196716354.8,201869632.5,82035347.92,0.029302357,8.706626486,0.146344432,0.145294659,247.2939753,1.35,1350000,705,581.3333333,0.021705449629629628,43280.74074074074,522.2222222222222,3
2626055000,동래구 온천1동,1274.083333,1230.083333,8319.583333,10036.08333,2913139702.0,178119899.6,1649.833333,1499.083333,2032.333333,2135.916667,2286.166667,2256.5,2358.083333,505686.8333,32305497.75,107506899.7,151635004.8,146628572.8,100235178.7,45172372.92,582,616,610,-1.03%,10772.33333,9540.166667,890.5,1102.166667,1291.5,1513.5,1691.333333,1311.083333,791.3333333,40863.83333,49656.25,68521.16667,53318.08333,43343.75,21879.75,181749151.2,160765215.3,41261174.33,0.028652308,8.111480865,0.117842051,0.15777641,424.7653522,1.95,1950000,646,486.0740741,0.014693491282051283,22227.5641025641,331.28205128205127,3
2626056000,동래구 온천2동,1218.666667,777.1666667,6489.666667,8513.416667,1304020149.0,71263207.83,1490.583333,2321.666667,1603.916667,2349.75,2347.25,2285.583333,2072.083333,462525.75,27683533.67,112222785.8,175015031.9,143231708.4,100383384.6,40652394.17,291,273,276,1.04%,10367.08333,8868.5,854.0833333,882.9166667,956.75,1198.5,1336.916667,973.6666667,550.0,40436.58333,50734.41667,70584.41667,45383.5,36721.0,13226.58333,193836237.4,161936669.5,19681285.42,0.015128213,9.637870564,0.095638725,0.131808671,461.0138734,2.57,2570000,294,486.0740741,0.005886464202334631,14288.326848249028,114.39688715953308,3
2626057000,동래구 온천3동,1275.0,1031.166667,3938.333333,5562.75,968296897.5,92364513.0,3143.916667,3858.333333,2876.833333,3505.666667,4208.166667,3704.416667,3583.583333,268763.0,15064366.67,48432076.33,70117993.58,73772361.42,52268052.08,19944580.92,338,364,353,-3.16%,15920.58333,14583.75,956.75,1102.083333,1175.0,1333.166667,1424.0,1202.75,728.5,71297.58333,86766.58333,120821.75,45779.66667,40237.75,21110.83333,85514218.08,60473009.67,18497331.67,0.011080393,13.22728915,0.074647864,0.090386065,300.9242597,1.71,1710000,364,486.0740741,0.006479761988304094,23530.847953216376,212.8654970760234,0
2626058000,동래구 사직1동,682.5833333,475.75,3058.333333,3201.416667,929066179.7,116801850.0,746.0,981.5,641.4166667,1101.083333,1039.25,957.5833333,970.6666667,676271.4167,9682231.5,30566572.17,95123054.58,62162388.0,31292718.33,11995382.83,253,255,256,0.46%,5607.333333,4832.583333,1135.916667,686.4166667,657.5833333,971.9166667,795.8333333,549.0,356.25,17371.16667,21918.75,31666.16667,29408.66667,31670.08333,13823.91667,77774969.67,69442554.42,7175598.917,0.02423391,9.012877698,0.12873666,0.169326064,312.1472656,0.39,390000,274,238.3703704,0.06213823076923077,81205.34187179487,702.5641025641025,3
2626059000,동래구 사직2동,1013.833333,738.0833333,4333.166667,4720.75,1574654423.0,148409235.1,1970.25,5159.333333,1997.166667,3574.166667,2833.25,1924.416667,1396.166667,1004793.583,15631192.08,30922602.17,80741751.58,49284606.58,18550833.0,8336025.75,305,302,296,-2.21%,11642.16667,10460.91667,1193.083333,785.0833333,669.9166667,866.8333333,734.0833333,498.1666667,245.1666667,55107.58333,65971.91667,90895.83333,28481.5,32068.5,12733.0,54777440.08,73410605.08,15443408.25,0.01379898,12.61651525,0.06582792,0.072429563,588.8549956,1.91,1910000,328,238.3703704,0.007224596858638744,16789.79057591623,171.7277486910995,0
2626060000,동래구 사직3동,646.25,581.3333333,2236.0,2913.416667,769498258.8,101751728.9,1024.0,1506.25,965.5,1489.333333,1539.5,1675.25,1432.833333,277159.0833,6820653.667,30366659.33,69431790.08,42995198.08,22543292.5,8637745.0,228,233,232,-0.22%,6524.25,6130.5,895.8333333,509.5,514.25,761.5833333,696.8333333,551.9166667,312.25,26273.58333,32866.33333,47690.66667,23567.25,24182.16667,10966.5,56018895.25,52261258.0,6122517.25,0.01801695,10.30866879,0.080898477,0.115246581,455.8068257,0.68,680000,232,238.3703704,0.02649551470588235,35562.009808823525,341.17647058823525,0
2626074000,동래구 안락1동,1011.666667,815.3333333,2703.583333,3887.166667,1434647432.0,80083609.58,1351.5,1669.916667,1325.916667,1602.333333,2097.083333,2119.0,2165.5,180273.4167,9137945.25,33071483.33,60200028.08,66060183.83,61347681.67,27244412.67,394,399,387,-2.84%,8291.583333,7609.416667,668.3333333,612.5833333,665.0,863.0,1110.083333,1003.75,466.5,34315.83333,42754.75,60196.33333,31129.41667,29461.75,14727.16667,85560808.83,55849525.08,15606588.75,0.024778316,8.703338807,0.0803461,0.124085487,346.7003369,0.92,920000,403,229.1111111,0.026932952173913043,32023.641304347824,438.04347826086956,3
2626075000,동래구 안락2동,1400.166667,1140.25,3361.0,4467.916667,1259278174.0,185386112.8,2535.583333,4213.916667,2541.75,3358.25,3698.5,3120.0,2825.166667,358375.8333,12057970.83,48752988.5,68425216.67,63041092.0,48387860.58,14410141.42,378,385,380,-1.17%,14582.08333,13312.0,1598.083333,906.1666667,1176.0,1356.166667,1404.75,1065.916667,626.6666667,63489.16667,78666.75,107812.5,46893.16667,43147.91667,21452.33333,81660657.42,67733232.25,12046027.17,0.013551261,10.98012137,0.074645459,0.098978577,1010.196786,1.39,1390000,405,229.1111111,0.009749108633093527,31041.66666906475,291.36690647482015,3
2626076100,동래구 명장1동,731.3333333,597.0,1028.916667,1418.333333,358216140.9,59897898.83,1356.333333,1474.75,1094.75,1408.166667,2114.916667,2025.666667,1821.583333,96733.33333,2918342.333,10069557.0,17295792.0,16178124.75,11028601.08,8370239.333,183,205,200,-2.60%,7011.583333,6413.916667,687.1666667,372.9166667,400.6666667,512.1666667,644.1666667,550.6666667,282.5,32778.75,40185.58333,54663.66667,21483.5,17873.25,8392.583333,19426957.5,19720954.5,3663573.25,0.013630777,10.10702635,0.057620449,0.086129629,369.0750095,0.9,900000,182,60.0,0.015145307777777778,19859.166666666668,202.22222222222223,0
2626076200,동래구 명장2동,677.0,472.8333333,1280.916667,1716.083333,247128078.8,22211028.25,1364.916667,1475.166667,1093.166667,1341.25,2046.583333,1830.0,1304.833333,86421.08333,3572565.0,12337312.42,20180871.5,23950680.33,18490259.5,6436278.25,81,87,87,-0.57%,6107.75,5657.416667,766.6666667,199.3333333,265.1666667,354.8333333,389.25,321.3333333,155.0833333,29350.66667,36167.66667,51242.41667,16470.75,10978.66667,5198.916667,22291962.42,27141604.33,4041858.833,0.00688473,10.23206262,0.039480954,0.063244606,333.3375806,0.88,880000,90,60.0,0.007823556818181818,12475.757579545456,102.27272727272727,0
2629051000,남구 대연1동,1020.416667,844.75,3453.166667,5444.666667,1508051701.0,103807585.4,2934.75,1600.583333,1669.916667,1724.666667,2124.833333,2232.833333,1920.666667,450017.3333,19356253.0,42328268.08,67382283.75,72528787.25,50566439.67,27549221.08,332,346,340,-1.92%,10279.5,9788.833333,1240.166667,1246.416667,1026.833333,1276.25,1241.583333,1022.833333,664.4166667,40407.91667,48334.25,68963.83333,44223.0,43104.08333,22085.5,80252260.5,72769216.83,20504411.58,0.016543476,10.75953892,0.113275475,0.125463001,317.598271,0.97,970000,373,244.2333333,0.017055129896907217,44437.19930927835,384.5360824742268,3
2629053000,남구 대연3동,2490.083333,2948.25,11757.83333,14242.66667,3969246948.0,132434566.0,6260.0,5659.75,3557.916667,3837.333333,3472.833333,2558.25,2279.666667,5656824.75,100176005.5,135740478.7,180590442.5,147102302.9,60994153.58,17703268.83,877,933,920,-1.34%,18691.58333,18346.33333,2098.0,5005.166667,1950.083333,1954.333333,1961.583333,1256.666667,617.4166667,85698.5,97734.0,128763.4167,96523.25,85774.66667,35670.5,197897495.9,189972703.9,50517072.08,0.023678438,6.810527122,0.18778729,0.105727239,356.9718155,3.84,3840000,1052,244.2333333,0.006166259895833333,22337.152778645835,273.95833333333337,3
2629054000,남구 대연4동,536.0,530.8333333,1374.25,1806.0,384570978.4,20701976.0,1110.25,1040.583333,877.6666667,1037.083333,1345.583333,1448.583333,1763.833333,70237.5,3464478.75,12996900.5,25712116.17,27496721.42,23360639.75,8475145.083,126,138,134,-2.78%,6092.916667,5498.5,640.75,493.6666667,536.75,598.5,679.6666667,640.6666667,437.75,24755.83333,30099.08333,41732.33333,24900.91667,20174.58333,9799.833333,34994510.0,26390356.5,2096866.25,0.010870112,10.86525543,0.0888948,0.110268374,838.0672221,1.0,1000000,136,244.2333333,0.010870112,20174.58333,136.0,0
2629055000,남구 대연5동,713.5,662.9166667,3135.166667,3408.416667,950135664.5,138973254.9,1496.083333,1778.083333,1259.083333,1494.5,1497.75,1531.25,1579.166667,267778.6667,15151189.42,28120862.75,42501315.5,43441113.67,25999489.83,12929267.83,258,251,250,-0.46%,7108.083333,6436.416667,626.0,786.75,604.4166667,682.8333333,728.5833333,535.0,313.5,31338.08333,37321.83333,50462.41667,27402.83333,23304.66667,9527.416667,49968674.17,54985788.08,9488539.917,0.019048322,9.840406854,0.102710817,0.104205889,275.4567336,1.11,1110000,262,244.2333333,0.017160650450450447,20995.195198198195,236.03603603603602,3
2629056000,남구 대연6동,577.9166667,463.75,1405.083333,1686.5,345827910.3,19281894.67,573.3333333,907.1666667,498.25,754.0,780.4166667,750.8333333,743.4166667,106685.0833,4360113.167,11443057.0,24290982.42,18702880.08,12991792.58,5952697.25,102,108,104,-3.40%,3800.916667,3418.333333,695.6666667,408.9166667,428.0833333,538.75,548.6666667,391.1666667,235.0,13437.33333,16101.16667,24025.08333,19460.25,14556.25,7789.416667,25652421.33,20661126.58,3420542.667,0.014128892,6.93048,0.115940021,0.150627374,300.6764271,1.18,1180000,121,244.2333333,0.011973637288135594,12335.805084745763,102.54237288135593,3
2629057000,남구 용호1동,1156.75,778.5,6457.583333,6615.666667,1987545745.0,311722038.7,2983.0,6745.416667,3226.083333,5183.0,4874.0,4051.666667,3813.833333,439727.5,13165587.58,49894755.33,113484744.0,93913696.17,52221886.67,23057440.5,423,419,431,2.99%,18498.41667,16447.91667,947.75,900.3333333,788.6666667,936.4166667,1024.0,888.6666667,511.5,90281.66667,109318.6667,147643.6667,34730.91667,31943.16667,16298.41667,108220769.5,110515031.0,16104468.42,0.012104274,18.05778754,0.048331251,0.056097922,1694.020443,1.6,1600000,453,103.7314815,0.00756517125,19964.479168749996,283.125,0
2629058000,남구 용호2동,586.6666667,433.4166667,1645.75,2089.0,526792467.9,93250883.17,1201.916667,2642.916667,1597.166667,2026.166667,2220.166667,1980.416667,1661.0,106705.3333,4386458.417,12260544.0,22450867.83,18840182.08,14616436.67,6528827.25,158,150,152,1.33%,8073.416667,7382.416667,568.25,337.4166667,379.1666667,487.5,552.3333333,487.6666667,326.25,38281.58333,46262.66667,64715.0,18025.5,15111.66667,9482.5,25436274.08,24755297.58,4160931.417,0.010222678,15.15153991,0.046363293,0.067277727,3085.152425,2.03,2029999,159,103.7314815,0.00503580197044335,7444.170773399016,78.32512315270937,0
2629059000,남구 용호3동,741.5833333,530.1666667,1276.666667,1624.25,602164945.4,40251221.17,1014.583333,1241.416667,952.75,1189.083333,1608.666667,1795.25,1777.583333,132600.3333,4249349.083,11256311.67,19838717.83,21802786.42,18529165.08,7884386.083,142,151,151,-0.44%,6374.25,5738.166667,801.5,392.3333333,433.1666667,542.9166667,587.75,585.0833333,454.9166667,27616.5,32854.83333,46381.91667,24760.33333,16561.91667,9549.5,28786088.42,25369934.42,2971196.083,0.011723507,9.524212044,0.068153204,0.093347735,2192.210083,1.96,1960000,151,103.7314815,0.005981381122448979,8449.957484693878,77.04081632653062,0
2629060000,남구 용호4동,263.0833333,573.9166667,1253.333333,1505.0,227517863.3,14999923.33,727.9166667,1039.666667,958.5833333,912.0,982.5833333,1030.333333,885.75,57380.66667,2783553.417,14511795.5,27724700.17,23663259.92,18835909.17,10490538.17,75,81,79,-2.07%,4279.0,3893.75,313.75,392.6666667,393.0833333,462.5,391.75,283.9166667,227.4166667,18210.16667,22891.83333,32136.0,14696.5,11689.66667,6359.583333,32762478.08,15919460.92,2432595.5,0.009176838,9.764336918,0.096142669,0.104524181,2932.380059,1.52,1520000,84,103.7314815,0.006037393421052631,7690.570177631579,55.26315789473684,0
2629061000,남구 용당동,672.5,1315.5,1250.416667,3350.666667,253457130.5,44718935.33,1271.916667,1328.333333,700.3333333,965.6666667,1050.5,980.8333333,764.0833333,280257.4167,7812061.083,33165237.83,81843500.58,133991976.2,123847440.5,24445439.83,82,89,86,-2.63%,4232.0,4939.583333,333.4166667,759.8333333,629.25,757.5,897.3333333,529.5833333,183.5,19588.33333,23969.66667,34524.41667,31262.08333,17166.91667,6361.166667,109971057.7,88960805.67,19160655.5,0.008940659,4.613472502,0.151455129,0.180430496,1740.939076,3.63,3630000,93,16.05555556,0.0024629914600550963,4729.178146005509,25.619834710743802,3
2629062000,남구 감만1동,356.75,1039.916667,520.5833333,1854.333333,97848129.75,39652241.67,1301.0,1576.666667,1401.083333,1652.916667,1985.166667,1901.083333,1579.25,51352.5,4050407.833,16179831.92,37826045.58,70434712.17,62298127.0,12856656.25,47,82,61,-26.32%,6333.25,7116.083333,178.6666667,358.4166667,602.3333333,757.8333333,824.75,538.25,181.1666667,32649.66667,39714.91667,55423.0,22089.91667,14041.5,7352.166667,63408521.0,40925241.83,8506161.333,0.003494597,9.629594272,0.071434768,0.117670021,2145.005596,2.67,2670000,56,3.462962963,0.0013088378277153559,5258.988764044944,20.973782771535582,0
2629063000,남구 감만2동,326.6666667,240.5833333,1596.583333,1555.416667,91674488.17,2292045.583,471.75,577.5,478.1666667,614.6666667,773.5,830.9166667,822.5833333,67680.41667,2481564.833,11368653.25,28399765.0,33554763.58,26105403.92,10483187.58,47,54,49,-8.95%,2909.916667,2676.416667,350.5,121.5,129.8333333,223.0833333,314.5,221.3333333,216.5833333,12988.25,15761.0,22352.66667,9482.333333,8031.833333,3972.833333,36589264.08,36986211.42,1332786.333,0.00841339,9.848097547,0.044990751,0.096231875,1358.940761,0.89,890000,58,3.462962963,0.009453247191011236,9024.53183483146,65.1685393258427,0
2629064500,남구 우암동,294.9166667,542.5,1074.666667,1873.166667,192176208.8,31716477.42,1373.833333,1713.333333,1374.25,1624.083333,2227.666667,2399.166667,1986.25,82181.91667,2410928.833,12480602.08,22160451.33,25534660.08,22292270.83,7231464.333,79,71,73,2.35%,7080.916667,6912.666667,292.9166667,182.0,276.3333333,372.25,432.5,366.5833333,201.6666667,36068.08333,44834.58333,62270.08333,13695.66667,8842.5,4652.833333,26476024.0,23233482.42,2699909.583,0.005645445,16.71041895,0.032753107,0.057508501,1088.760524,1.44,1440000,92,123.7222222,0.003920447916666667,6140.625,63.88888888888889,0
2629068000,남구 문현1동,461.1666667,318.0833333,530.6666667,794.5833333,159764855.9,20640205.25,1150.75,1919.083333,1204.916667,1636.25,1730.083333,1591.5,1407.833333,47053.16667,937407.0,4434144.25,12125221.67,10296668.42,4749448.083,1542516.167,83,94,92,-1.95%,6188.166667,5591.833333,522.1666667,139.25,185.4166667,273.3333333,345.4166667,275.1666667,171.0833333,29834.33333,37057.58333,52156.83333,12519.16667,8225.583333,4733.333333,9598624.083,10691452.92,2421572.833,0.00704584,15.11709978,0.027560838,0.052525467,764.8702801,0.83,830000,93,32.18981481,0.008488963855421687,9910.341365060242,112.04819277108435,0
2629069000,남구 문현2동,1074.416667,1458.166667,2693.666667,3836.75,512685958.3,9816738.167,621.8333333,497.6666667,656.6666667,710.3333333,888.25,974.6666667,1057.916667,244490.0833,16312540.75,54619024.92,56124341.5,55933524.42,31532052.75,9468869.25,167,174,169,-2.97%,4439.916667,4266.666667,675.5833333,798.6666667,1219.833333,1127.083333,1026.0,643.0833333,334.4166667,15646.41667,18589.75,25985.0,40164.5,29536.58333,10291.66667,77792309.33,71310778.67,5331686.667,0.019180888,3.437826988,0.231836063,0.247293715,213.1465242,0.62,620000,178,32.18981481,0.03093691612903226,47639.65053225806,287.0967741935484,3
2629070000,남구 문현3동,421.0,290.6666667,1983.75,2396.5,585783345.1,46142472.25,1034.083333,1383.666667,1105.666667,1320.916667,1465.916667,1362.5,1189.166667,118210.75,7270676.667,20831014.92,33274565.17,36715868.33,23672916.42,10012436.58,140,150,147,-1.90%,5914.333333,5515.0,536.0,393.0833333,434.75,525.1666667,605.25,467.25,310.1666667,23058.75,30630.5,44158.75,16730.0,18217.08333,9877.333333,41096219.25,38057679.25,5847944.583,0.012249183,16.05995316,0.072430588,0.098904865,351.5824437,0.84,840000,161,32.18981481,0.014582360714285715,21687.003964285715,191.66666666666669,0
2629071000,남구 문현4동,411.75,630.0,868.8333333,1434.583333,307228288.6,17773923.67,788.9166667,917.0,823.3333333,991.25,1238.833333,1184.666667,1126.333333,83224.91667,3844668.917,14407387.08,19699562.83,22053218.25,16062907.92,6586118.75,112,110,111,1.67%,4544.166667,4362.583333,270.0,296.3333333,422.0,474.5833333,617.4166667,530.0833333,260.4166667,18872.66667,24301.08333,35082.66667,18206.58333,13346.16667,6374.166667,26826489.33,25368805.42,2765852.25,0.012574733,8.549796016,0.080650443,0.122603643,346.3822563,0.69,690000,117,32.18981481,0.01822425072463768,19342.270536231885,169.56521739130437,0
2632051000,북구 구포1동,771.0,470.8333333,3370.083333,4694.416667,1148697325.0,428212524.8,1470.666667,1192.0,1150.833333,1382.0,2184.416667,1660.083333,1306.666667,172138.75,8669871.667,25041469.5,34201415.25,58851669.67,64581544.0,25960697.67,450,464,457,-1.44%,6923.75,6750.916667,344.0,536.5,538.75,663.0833333,1001.666667,932.6666667,545.0,28749.33333,36962.16667,50649.91667,29954.75,25018.66667,9641.0,70331047.33,52084355.17,11642924.5,0.032907566,11.01167629,0.078630801,0.121739713,375.1239581,1.15,1150000,441,46.35802469,0.028615274782608696,21755.362321739132,383.47826086956525,0
2632052000,북구 구포2동,1008.0,917.4166667,2401.666667,4270.333333,694410472.1,186380415.4,2698.0,3091.333333,2229.5,2813.916667,3733.833333,2673.25,1915.833333,245313.1667,10595505.92,34434221.92,47591603.33,54334797.17,46740575.0,13290540.67,213,224,217,-3.27%,11261.58333,11360.16667,862.5833333,664.5833333,751.5833333,868.9166667,1097.833333,775.8333333,363.1666667,53556.08333,68487.75,93978.5,33931.0,28358.83333,11095.5,62887271.5,52614384.42,11226444.42,0.009415717,11.74901536,0.062601994,0.086940666,252.3717268,2.91,2910000,229,46.35802469,0.0032356415807560136,9745.303549828179,78.69415807560136,0
2632052100,북구 구포3동,567.8333333,461.4166667,1162.75,1991.25,307625764.6,24732233.25,2765.25,3127.916667,1934.5,2697.25,3242.25,2328.833333,1910.666667,263173.8333,4644356.333,12122104.58,17168254.25,21376094.5,15112263.33,3685899.583,178,190,186,-1.93%,9685.5,9706.166667,564.5,375.1666667,265.5,354.5,462.25,282.0833333,103.0,52304.83333,65205.16667,86829.75,16598.66667,11075.58333,5316.083333,19691749.17,23375668.67,5603022.167,0.009179201,18.84057971,0.033038247,0.042118608,909.0217298,1.47,1470000,201,46.35802469,0.006244354421768707,7534.410428571428,136.73469387755102,0
2632053000,북구 금곡동,850.0,734.1666667,2961.083333,5114.5,490264199.4,43634742.58,3836.333333,5461.0,3249.0,4779.5,5801.5,4192.25,4426.25,242534.9167,7020041.667,31279450.0,50339328.83,73004718.25,66644869.67,19894428.75,184,178,177,-0.28%,18186.0,16516.41667,547.5,529.8333333,651.0,848.8333333,951.8333333,672.1666667,331.8333333,94540.08333,114725.1667,151373.0833,30386.91667,21784.08333,9375.0,72967446.92,65593239.75,8462921.833,0.005302224,21.90578643,0.034027409,0.051888797,335.2972603,8.12,8119999,178,32.03703704,0.0006529832512315272,2682.7688830049265,21.921182266009854,0
2632054100,북구 화명1동,1002.25,617.1666667,4317.083333,4593.416667,639665412.5,267616532.6,3707.166667,6434.333333,3487.333333,4486.666667,4835.333333,3067.666667,1962.5,313608.5833,8848900.833,41209920.5,58912651.67,51207057.25,31242798.67,9438123.75,143,156,153,-1.81%,17118.25,15303.33333,1181.0,860.25,878.5833333,1035.166667,984.5,720.4166667,392.75,74773.25,95332.75,139876.25,31536.33333,30556.33333,19345.08333,60723615.75,59005688.25,5454773.083,0.004410642,20.02053208,0.053631968,0.062293894,395.2352441,4.73,4730000,154,147.654321,0.0009324824524312896,6460.11275475687,32.558139534883715,0
2632054200,북구 화명2동,682.3333333,418.3333333,1378.666667,1849.583333,476090929.8,31828713.08,1758.25,2270.333333,1230.333333,1876.166667,2408.833333,1991.75,1680.916667,212498.25,4525672.167,14241601.42,17788676.25,21339432.25,15745430.17,4183174.583,140,146,141,-3.32%,8715.583333,7798.0,1026.833333,561.25,554.9166667,686.75,767.0,516.9166667,276.5833333,36307.08333,45384.41667,65481.41667,25063.83333,21715.83333,12243.25,23078509.58,26404712.33,4211511.833,0.008477869,15.0032556,0.067590822,0.088033589,438.1094076,5.03,5030000,149,147.654321,0.0016854610337972168,4317.263087475149,29.622266401590455,0
2632054300,북구 화명3동,1699.833333,1333.25,7888.583333,9829.0,3411854747.0,139999300.0,2403.666667,5895.416667,2551.333333,4178.333333,3142.666667,1938.166667,1630.0,2340967.333,36098788.5,93923551.67,144894169.1,121521977.8,58997099.25,16187777.67,501,522,521,-0.16%,15085.58333,13942.0,2430.833333,1717.083333,1325.833333,1614.583333,1710.166667,982.9166667,533.0,63194.25,78892.66667,103805.5833,58353.66667,65320.75,27221.0,129507373.4,162286697.0,38752093.5,0.017259446,9.57032173,0.104828453,0.114537609,330.250133,2.48,2480000,553,147.654321,0.0069594540322580655,26339.012096774193,222.98387096774195,3
2632055000,북구 덕천1동,726.5833333,562.3333333,2251.5,3593.5,536579988.1,85218814.42,1533.25,1269.833333,1279.5,1358.916667,2091.166667,1847.333333,1625.75,156045.5833,8314215.75,27413708.0,40736852.33,52423236.17,43930462.33,17371318.0,180,203,194,-4.43%,7128.916667,6852.5,458.25,594.0833333,591.0,634.6666667,866.9166667,686.8333333,425.25,30674.83333,38732.41667,53996.83333,25636.25,22205.83333,10552.66667,67398300.75,37328174.08,5417368.417,0.012874232,10.84741708,0.08476132,0.107398511,220.9067165,1.44,1440000,205,120.7407407,0.008940438888888888,15420.71759027778,142.36111111111111,0
2632056000,북구 덕천2동,1986.25,1199.083333,40459.58333,42485.33333,2996075098.0,80319342.67,1211.166667,1053.083333,1012.916667,1153.166667,1585.333333,1744.75,1648.166667,2034232.917,103424372.2,339478451.1,652733783.5,888398746.0,716668119.5,264686933.8,536,564,560,-0.83%,9145.166667,8347.833333,1411.166667,1840.083333,1640.583333,1748.833333,2033.833333,1539.833333,1047.666667,26642.16667,33122.08333,45868.58333,66247.41667,62377.0,31387.83333,944715056.3,963756831.4,41958959.17,0.030640828,5.491732943,0.198974828,0.216238877,291.8033994,2.32,2320000,597,120.7407407,0.013207253448275863,26886.637931034486,257.32758620689657,3
2632056100,북구 덕천3동,220.0,111.4166667,295.1666667,517.75,49609033.83,28495617.42,1005.5,1011.75,889.3333333,1131.0,1447.333333,1371.916667,1081.416667,37922.08333,997428.5833,2622972.583,3192540.0,3790136.417,2588915.417,886728.0833,53,70,64,-9%,4900.833333,4349.583333,253.4166667,188.25,204.25,235.8333333,310.4166667,258.8333333,185.4166667,20142.33333,26804.0,40280.33333,7777.75,7280.083333,5754.166667,4030051.667,3920556.083,1153675.0,0.005729472,27.91174252,0.042430521,0.059051394,303.3870566,0.95,950000,75,120.7407407,0.006031023157894737,7663.24561368421,78.94736842105263,0
2632057100,북구 만덕1동,392.6666667,315.1666667,1532.5,2503.833333,253544942.6,95058818.58,813.5,1032.333333,1081.0,1123.75,1313.333333,1226.083333,956.3333333,114145.5,3947493.583,21623845.08,29509166.67,26699548.5,22966402.5,9596357.583,95,92,87,-5.44%,5030.833333,4658.583333,442.9166667,344.0833333,405.8333333,448.0833333,494.5,451.25,256.1666667,20209.75,25814.66667,37865.83333,15658.66667,13700.33333,8486.583333,33916731.92,32088031.08,4486344.5,0.009804512,13.68883918,0.07739544,0.097279678,409.9928772,4.76,4760000,104,42.40740741,0.0020597714285714285,2878.2212878151263,21.84873949579832,0
2632057200,북구 만덕2동,694.5833333,594.4166667,2505.333333,3255.833333,618094672.9,80449559.0,1854.25,2855.25,1707.333333,2272.0,2771.583333,2707.916667,2242.75,172748.9167,5156624.5,22083028.08,35080474.92,30514400.17,25016467.25,9407654.75,230,226,222,-1.55%,9929.916667,9162.583333,761.3333333,481.9166667,540.8333333,623.5833333,714.25,534.0833333,306.25,46925.91667,58209.75,79689.41667,22803.0,20290.41667,10529.58333,37899570.33,40766231.5,5771681.833,0.012046615,14.81186967,0.053568155,0.070071145,441.3856429,2.25,2250000,246,42.40740741,0.005354051111111111,9017.962964444443,109.33333333333333,0
2632057300,북구 만덕3동,482.25,343.0,1232.25,1550.166667,485841061.7,36179590.92,1840.333333,2332.666667,1782.0,1844.916667,2643.166667,2232.0,1566.583333,108357.5,3396545.167,11097654.25,16532061.33,18740840.42,14769716.67,4346439.833,136,146,139,-4.79%,8483.666667,7744.083333,508.8333333,322.75,344.25,416.0833333,502.6666667,450.4166667,258.0833333,38003.83333,49442.41667,71391.41667,13823.33333,14995.16667,9529.583333,16706276.0,25769729.5,5901240.417,0.008380706,19.6640412,0.041102433,0.056615982,452.663688,1.76,1760000,140,42.40740741,0.004761764772727273,8519.981062500001,79.54545454545455,0
2635051000,해운대구 우1동,1512.583333,1491.666667,12407.83333,13156.16667,5784925249.0,117018604.3,3509.166667,6381.833333,4135.083333,5403.083333,5672.5,4736.666667,3807.666667,4100481.083,87910929.75,196843884.3,239175684.3,200073805.1,122054548.5,55205555.42,619,673,653,-3.02%,22952.75,21032.0,1909.25,2441.166667,2381.833333,2386.75,2103.916667,1359.833333,752.6666667,98732.16667,116009.3333,161763.8333,74263.08333,62755.41667,39978.91667,282887541.3,264758114.4,68411675.5,0.014073059,14.64084214,0.109651641,0.102095992,338.9442717,6.97,6970000,771,1199.382716,0.0020190902439024393,9003.646581061694,110.61692969870876,3
2635052000,해운대구 우2동,5054.416667,3672.083333,26296.83333,20509.75,3197599473.0,143652641.8,2131.333333,4280.0,2754.333333,3537.083333,3448.083333,2724.333333,2434.666667,6154341.667,322833164.4,1420285745.0,1897933172.0,1219625779.0,554153262.4,160200877.7,427,411,415,0.81%,19219.16667,16222.58333,3379.083333,4194.916667,4670.25,4218.583333,3468.5,1981.583333,937.4166667,64705.58333,76143.83333,100189.0,173694.25,134331.25,31573.33333,2246150237.0,1624122447.0,18942515.25,0.012047938,4.061393457,0.250133435,0.216893447,300.3573212,3.22,3220000,629,1199.382716,0.0037415956521739124,41717.77950310559,195.3416149068323,2
2635052500,해운대구 우3동,1262.25,1021.833333,6143.333333,5980.583333,2517130072.0,183456521.6,2191.416667,4339.833333,2309.25,3428.833333,3310.0,2734.5,2137.333333,919132.75,20917599.58,79789434.75,140671959.6,94357587.08,57593455.08,28877886.92,256,263,253,-3.68%,14005.33333,11891.08333,1289.666667,1046.166667,1288.583333,1395.75,1310.916667,917.0,474.0,59167.58333,71058.0,97750.41667,44924.25,39191.66667,20668.5,136619599.3,126540110.7,19793665.33,0.009885538,11.33777226,0.090157261,0.104518965,571.1315971,0.83,830000,297,1199.382716,0.011910286746987951,47218.875506024095,357.83132530120486,3
2635053000,해운대구 중1동,2233.5,1948.666667,15129.0,17913.75,8094825352.0,212697223.7,1745.0,2780.25,2073.666667,2900.333333,3030.5,2559.75,2421.166667,4208519.917,102723197.9,280196533.3,338228025.3,268581645.8,157074800.0,62357233.92,769,725,729,0.46%,16339.66667,13987.08333,2687.333333,2790.5,2956.916667,3171.666667,2750.083333,1712.25,923.3333333,52317.08333,60684.66667,82873.75,91485.58333,85462.58333,51681.25,380522636.6,375033880.1,79167785.42,0.025357152,7.251444626,0.189516406,0.195264906,505.2775456,1.06,1060000,928,3035.185185,0.023921841509433963,80625.07861320754,875.4716981132075,2
2635054000,해운대구 중2동,520.75,352.0,2616.833333,2862.583333,1576587678.0,55566275.33,955.25,1207.0,1191.166667,1665.083333,1654.5,1670.083333,1480.5,446788.6667,18417063.25,55697002.5,62338579.25,45338053.33,27546461.67,7202911.083,215,227,222,-2.13%,6724.5,5713.0,427.6666667,455.75,585.75,626.0833333,665.0,453.5,265.4166667,28102.25,33506.33333,47321.75,22165.58333,17871.83333,8778.0,79020128.42,60115366.0,9149259.167,0.017286432,14.25093097,0.083738693,0.103805695,1202.198208,1.85,1850000,260,3035.185185,0.009344017297297297,9660.45044864865,140.54054054054055,2
2635055100,해운대구 좌1동,1448.75,1021.0,7587.25,7614.583333,2888401889.0,239300015.1,1572.0,2821.916667,1553.833333,2402.833333,1874.666667,1375.75,1364.583333,936853.25,32723252.92,80909204.67,133000095.8,134143015.6,72231288.42,28464244.42,568,570,571,0.15%,10213.91667,8809.25,1643.25,1173.25,1186.25,1539.083333,1507.666667,891.6666667,578.3333333,37623.33333,45525.58333,61720.83333,51377.58333,52213.41667,21635.33333,146236676.9,157090957.7,30769245.25,0.029858331,7.702466511,0.124032977,0.16015998,318.3600191,0.73,730000,577,384.7222222,0.04090182328767123,71525.2283150685,790.4109589041096,3
2635055200,해운대구 좌2동,1216.083333,909.1666667,7778.75,7564.5,1612192437.0,132289621.4,3003.0,4583.5,2949.0,3987.166667,3736.083333,2274.916667,2245.083333,1599265.5,36263705.0,91690641.17,132464848.8,91777283.5,42520546.08,16784556.92,307,324,322,-0.41%,15125.41667,12869.75,1558.416667,1050.25,1105.166667,1194.333333,1119.333333,761.5,545.3333333,67379.75,79345.58333,107959.0,42233.41667,41508.83333,20244.75,124521183.8,120803033.8,22539514.58,0.010966179,13.17264636,0.076992457,0.082645219,276.4474448,1.44,1440000,338,384.7222222,0.007615402083333334,28825.57870138889,234.72222222222223,0
2635055300,해운대구 좌3동,410.6666667,340.25,985.1666667,1319.333333,279092628.3,24267155.25,1224.5,2310.416667,1121.916667,1900.583333,1867.916667,1215.25,1391.416667,160364.75,2463214.333,7761022.417,12473931.08,13386836.17,5828153.917,2634866.667,75,87,80,-7.51%,6679.583333,5815.833333,611.5,215.0833333,252.0,338.4166667,361.3333333,257.1666667,171.5,30498.16667,36442.0,53664.91667,13350.75,9826.75,5927.166667,14915098.42,13999136.92,1853670.333,0.006002201,16.64021751,0.037380373,0.056000534,667.5000216,0.79,790000,72,384.7222222,0.007597722784810127,12438.924050632912,91.13924050632912,0
2635055400,해운대구 좌4동,962.75,805.25,10364.83333,9135.75,527815232.2,47124852.83,1720.583333,3858.583333,1729.833333,3155.916667,2605.25,1599.333333,1634.166667,255118.75,19014021.75,80200266.5,158970914.9,172879925.3,123354753.5,50923186.25,102,105,98,-5.90%,10625.75,9321.25,994.1666667,720.9166667,738.25,889.8333333,895.5833333,686.4166667,478.5833333,45026.66667,54698.58333,80207.33333,33927.16667,24237.41667,13563.25,363867889.3,39578175.42,8647238.0,0.005113551,11.28223982,0.073152187,0.08950803,892.2807556,6.35,6350000,101,384.7222222,0.0008052836220472442,3816.916011023622,15.905511811023622,0
2635056000,해운대구 송정동,344.6666667,527.8333333,4258.75,6892.916667,2233602070.0,115167240.5,793.5,929.9166667,775.4166667,960.3333333,1273.833333,1295.333333,1184.5,815288.4167,29391571.58,84772969.83,92081400.92,84644585.67,54983677.83,17742812.0,258,269,269,-0.12%,5876.25,5761.333333,554.9166667,1085.166667,946.4166667,974.5,918.6666667,585.8333333,224.3333333,22185.25,26128.41667,33761.0,31138.91667,26658.33333,14675.25,113184916.8,104645812.8,19667068.75,0.022169551,13.33820439,0.174570895,0.162676959,2511.51623,4.17,4170000,327,440.7407407,0.005316439088729016,6392.885690647482,78.41726618705036,3
2635057000,해운대구 반여1동,1566.166667,1484.25,5977.666667,7615.916667,1262663367.0,993267371.1,2566.666667,5789.583333,3007.916667,4221.166667,4002.583333,3268.0,2900.083333,417002.0,14786088.67,67327453.58,126426109.1,136221290.8,94718372.83,33694344.33,328,341,335,-1.91%,15487.33333,15080.41667,1305.166667,837.5833333,1164.0,1384.333333,1611.333333,1073.25,478.5833333,77556.41667,92432.16667,121636.75,49900.58333,38982.83333,17102.83333,149502584.4,113908044.3,17560663.83,0.010730263,10.02084415,0.065480231,0.098000889,1462.300412,5.19,5190000,377,33.33333333,0.0020674880539499037,7511.143223506743,72.63969171483622,0
2635058000,해운대구 반여2동,351.9166667,311.1666667,938.0,1218.25,242345201.4,41066104.92,1231.333333,1129.583333,1011.0,1456.666667,1916.75,1791.416667,1612.416667,90348.58333,2306034.583,5909233.917,9025150.667,13008159.83,12151482.25,5487183.667,170,174,171,-2.20%,6125.333333,5716.25,335.0833333,285.1666667,323.25,354.4166667,436.1666667,387.6666667,226.1666667,29506.75,36607.91667,48683.83333,12166.66667,12027.16667,7530.0,14319616.75,13564816.67,3534321.0,0.014356188,17.8583637,0.051379672,0.066763313,2449.702717,1.03,1030000,181,33.33333333,0.013938046601941747,11676.860844660194,175.72815533980582,0
2635059000,해운대구 반여3동,154.4166667,146.3333333,549.5,801.0833333,81123274.17,46387686.92,913.0,893.5833333,799.0,1108.083333,1489.75,1280.5,1192.583333,46866.08333,1290505.583,2544934.667,3990956.667,5834422.75,5222211.5,2051714.417,82,90,87,-3.33%,4321.333333,4021.166667,138.6666667,104.9166667,95.58333333,119.8333333,209.0833333,188.3333333,103.1666667,22495.25,27591.83333,37040.91667,5879.333333,4400.833333,2515.333333,5583526.083,6500558.25,1314381.083,0.009829188,27.73898587,0.024033563,0.039426631,2063.887438,1.01,1010000,88,33.33333333,0.009731869306930693,4357.260725742573,87.12871287128714,0
2635059500,해운대구 반여4동,275.5,251.25,402.8333333,664.1666667,81133029.5,35918726.0,1217.5,2221.25,1327.416667,1696.75,1709.916667,1264.25,849.0833333,53439.16667,1050676.25,3748112.083,7170871.167,5249070.083,5519851.25,1368890.667,33,33,33,0%,6027.083333,5758.25,345.5,233.3333333,288.4166667,327.1666667,352.25,310.6666667,161.8333333,28064.33333,33561.08333,51164.66667,11331.5,9490.75,5661.833333,7479997.75,6181431.5,1348497.75,0.002800091,22.37367505,0.044271128,0.057649338,986.235319,1.25,1250000,37,33.33333333,0.0022400728000000003,7592.6,29.6,0
2635061000,해운대구 반송1동,703.3333333,923.5833333,1232.5,2086.583333,346308620.3,62647207.83,2143.25,1892.833333,1328.666667,1960.5,2380.833333,2367.25,2431.666667,164566.25,4259415.5,11294046.08,24257130.58,28017075.25,24630579.67,8660540.75,221,240,231,-3.82%,8367.25,8226.833333,353.0,478.6666667,529.4166667,644.6666667,787.8333333,568.9166667,346.0833333,46927.16667,54348.25,66491.75,27743.66667,17558.5,5441.666667,31774248.33,23277822.5,4046746.25,0.013318,10.19971316,0.060749564,0.08632595,386.6679333,6.76,6760000,244,49.62962963,0.0019701183431952663,2597.4112426035504,36.09467455621302,0
2635062000,해운대구 반송2동,541.4166667,427.25,1402.75,2123.0,399636601.5,66124304.58,2436.666667,3098.416667,2099.333333,2861.166667,3916.083333,3879.333333,3954.083333,77391.33333,3312722.75,9417491.667,19522529.5,26213877.42,21068477.75,8451169.25,201,206,199,-3.31%,12318.33333,11213.91667,262.0,238.4166667,311.75,412.4166667,463.0833333,388.0,173.0,69035.75,83125.41667,104364.1667,15378.33333,11122.66667,4693.916667,27484584.0,26791205.75,3244729.083,0.00854147,24.2934446,0.023379263,0.037204262,353.30123,4.59,4590000,220,49.62962963,0.0018608867102396516,2423.238925925926,47.930283224400874,0
2635065000,해운대구 재송1동,2513.5,2382.75,6720.166667,8513.416667,2204737411.0,229900860.4,2356.25,6956.833333,3580.666667,4872.5,3686.75,2958.25,2319.916667,665650.6667,21472528.08,73784381.17,161193286.3,115985606.7,59908752.17,23985252.83,439,434,434,0.08%,16795.08333,15451.5,1279.916667,1527.0,2150.833333,2066.25,1807.416667,1082.583333,490.3333333,79309.91667,93659.66667,127240.6667,69497.75,53620.66667,21550.41667,145737362.8,131662440.0,21416615.08,0.013613845,6.585975662,0.114053427,0.120126422,1639.248099,2.49,2490000,477,113.8888889,0.005467407630522087,21534.40428514056,191.56626506024094,3
2635066000,해운대구 재송2동,632.5,557.1666667,1657.833333,2382.25,563048197.3,26755414.42,2461.5,3277.166667,2515.666667,2836.833333,3620.0,2917.333333,2019.083333,187860.6667,5505017.917,14846748.0,25122637.75,26291224.67,20262790.75,7862271.667,246,272,264,-2.88%,11558.66667,10832.58333,705.1666667,425.5,581.5833333,739.75,648.8333333,517.8333333,307.1666667,55627.91667,68216.33333,95729.08333,20880.41667,19042.41667,12777.16667,29687217.17,28426994.25,7589430.25,0.010986434,18.82144859,0.044976646,0.062014552,2358.081722,1.79,1790000,277,113.8888889,0.006137672625698324,10638.221603351954,154.7486033519553,0
2638051000,사하구 괴정1동,618.8333333,849.5833333,2199.916667,2845.916667,1169577370.0,86714463.08,1386.0,1951.333333,1391.0,1642.333333,2080.416667,1970.916667,1911.833333,391586.25,7881650.0,23463034.67,43104390.08,40288648.08,28030371.83,12102955.42,285,289,288,-0.17%,7852.916667,7019.666667,971.0,427.8333333,455.4166667,591.6666667,735.4166667,549.0833333,269.0833333,34714.25,43308.0,60038.5,24611.5,21039.58333,9776.75,42290205.92,47552413.5,13511575.58,0.019162777,10.12831281,0.0593878,0.089230183,275.4662642,1.09,1090000,304,86.31944444,0.017580529357798164,19302.370027522935,278.89908256880733,0
2638052000,사하구 괴정2동,351.5,222.0833333,761.6666667,1128.416667,203777796.5,21983124.25,1194.916667,1780.083333,1336.666667,1518.083333,1801.5,1855.916667,1519.666667,93323.91667,2439966.583,8755375.25,14140706.5,17590058.75,11550985.17,6188364.333,78,87,87,-0.76%,6668.75,6061.666667,357.6666667,332.9166667,283.3333333,342.1666667,411.3333333,324.75,237.4166667,30123.91667,38350.5,54602.25,13187.25,10889.08333,6465.0,20110223.58,16230616.83,1758222.417,0.006127058,22.19453727,0.048407685,0.05918895,279.3467273,1.03,1030000,80,86.31944444,0.0059486,10571.925563106795,77.66990291262135,0
2638053000,사하구 괴정3동,731.0833333,380.8333333,2780.416667,2682.5,496499031.7,148083547.1,1402.0,1250.666667,1211.666667,1356.833333,2061.333333,1874.833333,1631.416667,235931.8333,7428599.667,23117755.08,41917115.5,47865136.5,44020234.67,15835038.83,197,199,194,-2.35%,7452.166667,6388.583333,600.5833333,610.8333333,533.6666667,640.1666667,766.5,633.0,371.9166667,30602.16667,38282.66667,52476.25,25901.16667,23578.16667,10243.41667,61509443.83,53073663.25,5363748.583,0.014233333,12.44765045,0.082690606,0.101632257,283.5160062,1.9,1900000,193,86.31944444,0.007491227894736843,12409.561405263157,101.57894736842105,0
2638054000,사하구 괴정4동,382.4166667,237.75,973.3333333,1505.416667,225811441.0,44175015.42,1097.416667,1210.25,1007.666667,1217.166667,1558.583333,1651.75,1152.5,124780.0833,2886427.25,11739190.33,19153907.83,13777304.58,9340707.5,3316182.917,118,126,126,-0.40%,5699.416667,5177.5,492.75,298.4166667,337.3333333,405.5833333,448.3333333,377.5833333,234.4166667,23525.33333,30397.0,44471.83333,13783.91667,13344.91667,7879.583333,19259699.33,16063530.67,3256000.25,0.010848663,17.53869927,0.058449469,0.078507236,231.5675167,0.87,870000,120,86.31944444,0.012469727586206895,15338.98467816092,137.93103448275863,0
2638055000,사하구 당리동,1188.166667,949.5833333,3402.583333,4331.833333,1323452879.0,109588902.1,2558.583333,3929.666667,2520.0,2956.333333,3731.333333,3066.0,2321.166667,449943.0,14012116.58,41358147.17,78597963.83,74525016.33,57728342.0,19958400.58,404,429,417,-2.83%,12499.75,11582.33333,882.75,605.3333333,732.4166667,802.6666667,961.0,736.5833333,408.4166667,60705.58333,76119.91667,102480.6667,31582.75,29147.58333,13096.75,93581157.92,76926618.17,13817496.67,0.016775957,11.26515417,0.055549596,0.073235635,291.9970262,3.87,3870000,439,217.3518519,0.0043348726098191214,7531.675279069767,113.43669250645995,0
2638056100,사하구 하단1동,763.75,624.0833333,3495.666667,4855.916667,1059661392.0,142634045.7,2433.833333,2673.75,1998.416667,2163.416667,2819.25,2084.5,1646.25,383904.0833,17956862.75,52999052.92,69665380.08,71239550.42,54388149.58,16673467.33,315,319,318,-0.42%,10183.25,9812.916667,589.8333333,827.25,939.25,952.5,1002.916667,822.1666667,422.5,43885.41667,54942.83333,77711.58333,34272.16667,29647.83333,12928.16667,96358259.08,69650040.33,10071444.0,0.015753019,14.40819022,0.088341932,0.097789576,400.3292391,6.5,6500000,344,339.2685185,0.0024235413846153847,4561.2051276923075,52.92307692307692,0
2638056200,사하구 하단2동,1765.333333,1734.416667,7557.916667,9123.166667,2849763711.0,174084255.6,4312.666667,3814.25,2440.083333,2626.166667,3017.916667,2365.416667,2100.916667,3129704.5,55626323.25,82392516.58,99301921.5,99006937.58,50123271.08,21608026.92,764,797,782,-1.88%,13781.25,13538.66667,1441.083333,2973.0,1458.916667,1396.666667,1461.5,934.0,469.0833333,62981.33333,74555.83333,97862.83333,63320.25,56034.16667,26249.58333,104881688.8,125268993.1,47973100.25,0.027964946,7.806248065,0.16222292,0.104618426,483.782965,3.08,3080000,838,339.2685185,0.009079527922077921,18192.911256493506,272.0779220779221,3
2638057100,사하구 신평1동,1895.166667,2000.083333,1563.583333,3284.166667,330153647.0,57443793.67,1220.75,1460.5,1292.583333,1602.0,1938.333333,2265.666667,2267.916667,153025.0833,5279561.667,19299161.75,38541792.25,52399723.0,49073081.25,16231422.33,216,219,215,-2.05%,9454.0,9285.083333,1622.25,1286.666667,1663.083333,1768.083333,2036.833333,1383.0,819.0,34294.08333,42464.08333,58368.5,62875.41667,49613.08333,27521.25,57091023.33,35961758.17,6917103.0,0.011526711,4.810752412,0.157411649,0.203047107,344.6936687,1.65,1650000,217,126.8055556,0.006985885454545455,30068.535351515155,131.51515151515153,3
2638057200,사하구 신평2동,837.1666667,1328.666667,1835.0,4175.333333,732076371.8,47244740.75,1538.083333,1831.5,1507.0,1782.333333,2121.416667,1674.333333,1253.666667,140005.0833,9509978.583,42026418.58,67118434.0,73474130.92,49059395.92,12879392.58,183,190,187,-1.23%,7246.583333,7648.583333,567.5833333,559.5,937.9166667,1014.833333,1171.666667,789.0,305.25,32315.5,41210.41667,57816.0,35413.91667,25865.25,9937.166667,68445258.75,60824422.25,15760033.0,0.012285865,6.877337437,0.100530373,0.146792584,618.1638429,2.65,2650000,197,126.8055556,0.004636175471698113,9760.471698113208,74.33962264150944,3
2638058000,사하구 장림1동,998.0833333,1433.666667,1909.333333,3938.5,810298064.3,63529902.0,1098.833333,2026.583333,1807.333333,1553.75,1572.416667,1309.416667,1042.166667,143602.9167,7999613.667,25995237.58,42745265.75,50598159.25,32530283.17,8516788.75,258,250,245,-2.20%,5829.583333,6669.416667,282.8333333,388.3333333,740.4166667,912.5833333,1130.833333,814.25,244.3333333,30601.16667,38424.58333,49879.33333,32344.91667,21536.83333,7223.166667,49866920.42,52237104.0,8802549.75,0.020641651,5.139919811,0.090307225,0.163486412,856.2768044,2.53,2530000,258,105.0092593,0.00815875533596838,8512.582343873519,101.97628458498025,3
2638059000,사하구 장림2동,1174.75,1123.083333,3468.666667,5759.25,637919852.2,108131809.8,2257.333333,3935.833333,2797.75,2936.5,3292.5,2549.833333,1738.75,254401.4167,13354225.0,52318072.75,86188610.25,97809395.42,73801638.75,23461509.92,240,250,244,-2.27%,11253.58333,10969.41667,562.5,483.4166667,852.5833333,926.25,1066.916667,776.3333333,336.5,56633.66667,69398.0,94397.83333,33849.66667,23177.5,9800.5,105837341.4,88621735.17,12744292.17,0.010799622,9.671284543,0.060117896,0.089689361,432.0509733,2.3,2300000,258,105.0092593,0.004695487826086957,10077.17391304348,112.17391304347827,0
2638060100,사하구 다대1동,1089.083333,1814.833333,4221.333333,6019.0,1678959643.0,318952977.6,3657.75,7536.416667,4468.666667,5442.666667,5535.0,4243.25,3680.083333,549868.6667,13466255.33,36573820.83,65989893.92,78876833.42,45832545.25,16905528.67,493,533,520,-2.35%,19170.75,18796.25,628.0833333,686.6666667,1025.166667,1189.416667,1341.666667,990.0833333,438.6666667,108188.25,128303.4167,161107.3333,44342.5,31050.0,10810.91667,77485532.0,80875099.17,12715851.0,0.012984961,13.074411,0.0450874,0.06666535,279.5270789,5.08,5080000,520,249.2314815,0.00255609468503937,6112.204724409448,102.36220472440945,0
2638060200,사하구 다대2동,546.5833333,684.0833333,1857.333333,2720.083333,1055693914.0,54633016.75,2644.916667,4494.666667,2569.5,3590.5,4085.0,3251.083333,2792.0,235138.9167,6466296.417,18254114.17,33220055.17,35091211.08,20355642.83,6096029.25,226,241,239,-0.69%,13274.5,12411.0,518.4166667,416.3333333,490.3333333,617.5,718.5833333,515.75,204.4166667,69708.25,87073.91667,111789.25,22403.75,18683.08333,7682.833333,33080242.67,46111739.83,7175014.0,0.008798739,20.87120802,0.035298774,0.052017026,455.9723529,2.69,2690000,235,249.2314815,0.003270906691449814,6945.384137546469,87.36059479553903,0
2638061000,사하구 구평동,569.3333333,1827.416667,704.9166667,1668.5,139646117.4,38510473.08,556.0833333,926.8333333,745.3333333,935.25,893.0,854.3333333,615.4166667,64846.66667,2878191.917,14206448.42,24025942.5,28203403.42,19788115.25,4651008.5,80,78,78,-0.43%,3588.916667,4004.666667,527.75,320.25,672.6666667,928.0,1035.75,753.25,218.6666667,15405.83333,19303.5,27301.08333,33487.33333,16072.16667,6519.416667,29061307.83,19590909.5,1977675.0,0.010535211,3.168283439,0.130757328,0.258606499,1124.251586,3.53,3530000,68,8.759259259,0.0029844790368271953,4553.021719546743,19.26345609065156,3
2638062000,사하구 감천1동,743.0833333,1018.833333,1204.916667,2764.5,427264672.2,45825146.33,1943.25,2674.833333,1700.916667,2273.75,3032.916667,2630.333333,2395.833333,215449.3333,3658523.333,15243855.0,28394699.08,36889651.25,33346292.5,14511582.0,209,213,214,0.31%,9633.166667,9170.0,685.25,320.4166667,536.4166667,655.0833333,846.3333333,574.3333333,287.5833333,49462.83333,60510.66667,79722.41667,27610.91667,17174.33333,6959.0,39066470.58,34882527.75,5221884.083,0.011115149,10.67199546,0.045568566,0.079849139,1541.266981,2.39,2390000,205,19.4537037,0.004650689958158995,7185.9135271966525,85.77405857740585,0
2638063000,사하구 감천2동,122.4166667,71.16666667,473.5,583.0,42694654.0,14718661.67,546.0,460.75,545.3333333,801.25,1038.75,1138.083333,1227.5,186480.75,1200534.25,1989407.5,2884902.583,3412876.25,2478005.75,1050441.333,67,67,68,0.25%,3195.833333,3119.583333,79.0,72.83333333,78.41666667,116.0833333,161.3333333,135.1666667,101.0833333,17256.66667,20716.41667,27373.0,5084.083333,3265.75,1717.666667,5220390.667,2874570.917,412148.4167,0.01060896,32.62376238,0.02394933,0.043926898,1193.883562,0.62,620000,66,19.4537037,0.017111225806451615,5267.3387096774195,106.45161290322581,0
2641051000,금정구 서1동,195.1666667,127.25,97.08333333,130.6666667,23548243.92,9531544.25,589.8333333,467.0,510.0,715.8333333,1050.333333,1030.5,881.1666667,26395.81818,155225.1667,547806.3333,1261618.917,1120493.417,1434362.167,623507.5833,33,41,38,-5.35%,2999.833333,2891.166667,175.25,80.16666667,87.0,121.5833333,185.9166667,180.0,131.25,15056.33333,18546.08333,25752.33333,6221.416667,4220.666667,2377.583333,1466777.333,1868542.833,624121.5,0.005601765,18.27138796,0.02837662,0.052198269,940.6378718,0.36,360000,47,132.6666667,0.015560458333333334,11724.074075000002,130.55555555555557,0
2641052000,금정구 서2동,473.1666667,338.3333333,836.0833333,1202.75,296717452.3,19978362.33,967.1666667,751.6666667,821.75,1050.5,1681.666667,1427.75,1049.666667,104557.3333,3438695.333,10092257.83,14215097.83,22666952.58,24862328.5,9476136.25,149,153,151,-1.52%,4902.416667,4637.166667,195.25,320.75,294.1666667,358.75,578.8333333,525.4166667,319.8333333,22735.83333,27502.66667,37493.75,15496.5,14082.91667,6751.5,27403143.0,20376014.42,4864549.417,0.015619131,11.75549394,0.064459489,0.098283468,294.6243758,0.4,400000,171,132.6666667,0.0390478275,35207.291675,427.5,0
2641053000,금정구 서3동,687.25,538.9166667,1470.25,1904.833333,591162389.8,106340078.9,964.1666667,948.0,793.9166667,1087.083333,1824.083333,1730.083333,1649.75,116399.8333,3663589.75,10441789.5,17491176.83,21667114.83,20031438.25,7183013.333,274,286,285,-0.12%,5636.083333,5410.083333,411.6666667,328.0833333,340.75,496.3333333,735.1666667,649.0833333,306.0,26629.08333,32761.75,43090.08333,20653.0,16154.33333,7761.0,23519033.42,23618591.67,7352422.667,0.024804985,9.008699198,0.060548908,0.111486639,378.6498812,0.92,920000,309,132.6666667,0.026961940217391307,17559.0579673913,335.8695652173913,0
2641055500,금정구 금사회동동,1172.416667,1708.5,1007.666667,2937.0,271882572.2,102853583.2,789.9166667,666.8333333,812.5,947.0833333,1463.916667,1348.75,1111.75,191598.4167,5399514.0,18164130.83,29285223.67,44829885.92,49972189.67,19283297.42,149,152,152,-0.55%,4286.833333,5093.833333,233.0833333,457.9166667,791.3333333,1027.416667,1334.75,981.0,287.9166667,21628.5,25868.5,33629.66667,39973.41667,23181.75,5025.333333,60903523.42,29832019.0,4243826.333,0.015883732,3.256139539,0.133172838,0.251812238,695.1164799,5.5,5500000,150,58.0,0.0028879512727272728,4214.863636363636,27.272727272727273,3
2641057000,금정구 부곡1동,348.5833333,266.3333333,960.3333333,1228.333333,145021878.7,31479302.0,751.9166667,727.0,697.9166667,767.1666667,1160.416667,1269.083333,1109.666667,82262.0,1759142.167,8296055.083,16527657.08,18887868.83,20062924.5,6042901.5,95,98,94,-4.07%,4072.5,3713.833333,328.0833333,189.8333333,210.4166667,269.4166667,332.5833333,327.3333333,253.0833333,18123.5,22147.25,31746.25,11741.33333,9218.25,4641.25,21159989.0,17092429.92,2550878.667,0.012200865,12.66242038,0.05140417,0.077314954,537.9823271,0.71,710000,106,101.9583333,0.017184316901408453,12983.450704225354,149.29577464788733,0
2641058000,금정구 부곡2동,1030.083333,725.1666667,1821.833333,2349.25,428487153.6,43670229.0,1510.916667,1981.833333,1352.333333,1741.5,2097.916667,1705.416667,1450.333333,228213.4167,6092223.5,17376710.67,27672600.33,29784348.5,17825593.58,6655756.583,137,137,136,-0.73%,7623.583333,6851.666667,783.1666667,720.8333333,556.9166667,655.9166667,738.75,576.8333333,350.8333333,33865.41667,40548.58333,57725.33333,27324.08333,21267.16667,11923.75,33122796.67,27035004.25,3807487.167,0.009464431,8.246830936,0.08827136,0.096348365,330.6309967,1.2,1200000,156,101.9583333,0.007887025833333334,17722.638891666666,130.0,3
2641059000,금정구 부곡3동,1280.666667,1029.0,3481.75,4230.166667,1167456502.0,127760780.7,1936.416667,2223.166667,1359.75,1669.333333,2093.666667,1801.833333,1666.416667,486694.1667,11833845.08,40935663.75,58091412.5,61671558.33,36530731.75,12673884.67,232,237,231,-2.46%,8469.166667,7482.416667,1058.666667,823.0833333,710.0,868.9166667,1018.25,710.0,314.0,37883.16667,44662.0,60623.33333,41082.91667,27914.25,8743.75,76397557.42,59321172.0,7172503.167,0.014544011,6.906443931,0.096108537,0.118305915,408.7152121,8.23,8230000,221,101.9583333,0.001767194532199271,3391.767922235723,26.852976913730252,3
2641059100,금정구 부곡4동,468.75,526.4166667,1196.0,1391.916667,573117934.9,76819944.33,1111.833333,1080.166667,1061.833333,1182.166667,1632.083333,1743.666667,1620.0,100868.0,3880830.0,9636004.0,14872882.83,16178749.42,10374592.75,3964518.25,127,143,141,-1.40%,6390.166667,5802.583333,685.5,408.75,435.5833333,548.1666667,658.0833333,576.75,436.5833333,25449.91667,32209.0,46044.25,20730.0,19273.16667,10288.66667,15801316.83,20129245.25,4443489.75,0.010416026,12.25196784,0.069248802,0.098931742,231.1553268,0.67,670000,136,101.9583333,0.015546307462686567,28765.92040298507,202.98507462686567,0
2641060000,금정구 장전1동,582.6666667,577.1666667,3121.083333,4401.583333,864310829.5,63004389.42,4419.25,2092.666667,1772.916667,1613.083333,1702.166667,1476.25,1375.25,541359.8333,17458688.75,22492482.33,27177280.17,44157497.25,13116507.42,4607949.167,365,370,371,0.27%,8665.166667,8980.333333,606.6666667,1286.5,540.5,573.6666667,639.0,431.4166667,267.6666667,43486.91667,48676.41667,67951.83333,26185.16667,23174.0,11103.16667,43635979.83,35845965.17,9707606.083,0.020685161,15.21382383,0.103539146,0.068723848,367.7672088,3.28,3280000,409,583.5,0.006306451524390244,7065.243902439025,124.69512195121952,0
2641061000,금정구 장전2동,2309.25,2243.166667,11061.83333,11425.83333,3150208984.0,115776338.3,3640.25,3635.416667,2236.916667,2459.416667,2254.416667,2198.083333,2439.25,4819148.917,76981890.75,101853886.4,150360757.0,112438612.8,43514089.42,15400544.67,722,798,780,-2.21%,13566.5,12546.83333,1585.583333,4315.083333,1588.833333,1497.5,1418.916667,911.5833333,477.3333333,58107.75,67952.41667,88137.0,75083.91667,75093.25,28283.91667,162396528.5,166353935.8,30000726.58,0.027648711,5.736147467,0.226088205,0.111683048,396.0553898,2.74,2740000,862,583.5,0.010090770437956203,27406.295620437955,314.5985401459854,3
2641063500,금정구 선두구동,269.0,508.0,644.6666667,1235.416667,486697303.4,106529491.6,171.3333333,85.75,120.4166667,211.0,397.5833333,383.75,364.3333333,66844.41667,2166516.0,9484487.333,17548260.5,23540244.0,15986397.67,5753447.833,71,86,82,-4.65%,1743.083333,2303.0,162.0,278.8333333,429.1666667,582.1666667,774.8333333,589.75,265.25,5274.583333,6405.25,8485.583333,26123.08333,14316.25,3270.916667,34351640.92,17750027.17,405871.9167,0.017547834,5.207314457,0.174984038,0.335386073,1130.52115,12.05,12050000,26,400.0,0.001456251784232365,1188.070539419087,2.1576763485477177,3
2641066500,금정구 청룡노포동,457.75,535.9166667,1628.333333,2614.416667,540491012.6,68837864.08,726.1666667,859.3333333,680.75,902.75,1275.166667,1308.25,1180.916667,155189.9167,6323815.167,16506370.83,24929499.0,34203898.0,23596223.5,10626384.25,137,141,140,-1.06%,4987.333333,4965.5,319.8333333,446.4166667,486.6666667,638.5833333,908.8333333,742.9166667,462.0833333,19095.58333,23835.33333,34291.75,30665.16667,19736.5,6077.416667,37611349.67,36033715.83,2543119.417,0.013764925,10.01626971,0.093750523,0.15547499,639.5047852,10.91,10910000,132,185.0,0.0012616796516956921,1809.0284142988085,12.098991750687443,0
2641067000,금정구 남산동,1507.0,1436.333333,4069.583333,5394.166667,1216493533.0,146777306.5,4845.583333,3888.416667,2378.0,3363.25,4335.083333,3418.916667,3010.5,929084.5833,14777577.83,32492236.08,57394955.42,76984085.92,58829040.17,23558467.75,404,443,433,-2.29%,14980.33333,13647.58333,786.8333333,1092.916667,827.5833333,970.75,1267.75,917.25,460.75,76931.58333,89994.16667,119099.0,44380.41667,30578.25,13537.83333,86702906.5,71591291.92,11755531.67,0.014112099,9.726359003,0.067084868,0.078192906,402.2168124,3.64,3640000,495,360.0,0.0038769502747252743,8400.618131868132,135.98901098901098,0
2641068000,금정구 구서1동,1846.833333,1337.75,5669.333333,6635.083333,1731216518.0,114348117.4,1403.583333,2162.5,1298.75,1694.083333,2029.166667,1731.083333,1714.5,902223.4167,20610876.33,69168837.17,134791906.8,133306543.8,68854395.42,26729591.17,352,351,352,0.33%,9256.416667,8209.75,1600.0,1136.416667,1214.583333,1459.25,1629.666667,1011.416667,558.5,34368.16667,42486.83333,58567.08333,53977.33333,47924.83333,19843.91667,135697030.5,145115943.3,22618607.0,0.020153249,5.484600288,0.13460309,0.176851437,298.0661354,3.03,3030000,398,341.8333333,0.006651237293729374,15816.776676567659,131.35313531353137,3
2641069000,금정구 구서2동,899.0,772.3333333,3004.083333,3956.666667,924027417.1,91329114.33,3065.333333,5259.583333,2620.416667,3968.0,4605.75,3763.916667,3410.0,270703.5,8603063.75,25383486.25,55365113.25,63587519.42,34951259.75,26041667.08,243,256,252,-1.82%,15918.66667,14019.0,749.0,721.75,673.1666667,789.6666667,953.4166667,670.75,350.6666667,76896.5,94103.5,128814.0833,30972.0,24511.58333,11377.75,70528461.83,51766503.25,8015414.333,0.008116865,17.91244515,0.046594034,0.058223754,397.4216418,3.19,3190000,265,341.8333333,0.0025444717868338554,7683.881921630094,83.07210031347962,0
2641070000,금정구 금성동,39.41666667,32.91666667,214.4166667,224.4166667,395693906.2,16479300.33,55.41666667,59.75,54.75,96.66666667,166.0833333,171.25,153.5,65623.3,895809.4167,3191110.75,4494374.583,6905381.167,4865266.0,1852683.167,97,102,101,-0.66%,620.9166667,571.4166667,41.66666667,23.5,46.41666667,81.75,128.8333333,122.8333333,55.16666667,2535.083333,2824.083333,3768.166667,6050.916667,2130.5,377.3333333,11838590.67,5463753.75,6278055.333,0.081353089,16.48387097,0.058638524,0.176614481,3147.844481,8.43,8430000,95,340.0,0.009650425741399763,252.72835112692763,11.269276393831554,0
2644051000,강서구 대저1동,1104.416667,2549.666667,1583.083333,5445.75,552347081.8,125054554.6,509.25,394.0833333,447.3333333,544.8333333,1076.666667,1171.833333,1091.666667,103602.4167,8364976.083,39636885.08,67583557.67,88025751.33,85123387.67,23221238.17,154,157,156,-0.43%,4084.083333,5343.5,498.5833333,834.0,1255.333333,1610.0,1928.75,1220.333333,491.1666667,16590.33333,19450.0,24675.08333,60665.08333,36617.83333,8248.5,100543175.6,58209484.83,4583808.667,0.016335045,2.580013227,0.221619185,0.375361307,730.2294671,17.73,17730000,183,24.66666667,0.0009213223350253806,2065.303628313593,10.321489001692047,3
2644052000,강서구 대저2동,1786.583333,4727.666667,6456.75,10969.08333,2011254240.0,71797398.25,869.5833333,760.6666667,690.9166667,645.6666667,1045.083333,972.5,851.0833333,1371360.75,64041666.42,161276680.5,195628575.0,173514777.3,90857272.17,15317933.83,214,197,198,0.51%,6446.083333,8121.166667,972.3333333,2092.083333,2821.25,3111.666667,3593.583333,2060.083333,587.75,20271.75,22399.0,26632.58333,113512.6667,65050.5,19527.5,189171299.0,163099711.6,41043072.0,0.014690487,2.236212918,0.337286264,0.460296212,2986.111481,29.26,29260000,229,93.22222222,0.0005020672248803828,2223.188653451811,7.826384142173615,3
2644053000,강서구 강동동,377.6666667,949.25,493.8333333,1293.833333,175626875.3,44091299.92,422.5833333,224.1666667,340.6666667,397.9166667,957.5,921.6666667,857.6666667,61038.90909,2128113.583,11149950.92,17016376.17,23188837.58,21622839.92,4417817.583,72,70,71,0.71%,2584.75,2966.25,84.16666667,226.0833333,405.0,558.9166667,726.5,563.0,184.6666667,12373.33333,15253.25,20152.0,22325.58333,11500.08333,2801.5,28672257.0,14787207.58,2749705.083,0.012970636,4.183382528,0.113688224,0.231564883,3778.917689,18.49,18490000,88,43.55555556,0.0007014946457544619,621.9623217955652,4.7593293672255275,3
2644053500,강서구 명지1동,1461.416667,1542.416667,12659.58333,18358.83333,4721351758.0,340754764.4,2179.416667,9960.0,7033.666667,8158.75,3386.416667,2972.416667,1872.75,891487.6667,54618078.33,267095427.5,358826836.3,154815999.4,77483587.5,20184598.92,1023,992,"1,011",1.86%,21859.08333,20437.83333,1063.833333,1276.833333,2157.416667,2148.833333,1678.583333,1061.166667,343.5833333,111006.25,135033.9167,166107.4167,62514.91667,57724.5,20083.33333,283260992.9,307483646.7,44467541.0,0.02418616,14.08097986,0.081193862,0.090489259,4091.836589,12.4,12400000,1081,167.9444444,0.0019504967741935484,4655.201612903225,87.1774193548387,1
2644054500,강서구 명지2동,955.9166667,687.3333333,3809.333333,5140.083333,1407062861.0,93393510.0,1215.666667,4034.25,1616.333333,2704.25,1897.0,1463.75,864.9166667,303377.75,9987123.083,46335821.67,106636338.5,47339666.5,20005681.0,5701381.333,345,384,380,-1.17%,8724.166667,8035.5,945.5833333,522.4166667,751.75,1057.666667,683.75,453.3333333,184.6666667,39565.91667,49436.91667,66863.25,28420.0,25238.5,10968.16667,73845087.58,73982841.5,10337693.0,0.020585135,10.19909732,0.076025776,0.103905209,5065.538241,3.25,3250000,372,167.9444444,0.006333887692307693,7765.692307692308,114.46153846153847,1
2644055000,강서구 가락동,180.3333333,460.4166667,461.9166667,1252.583333,341587313.8,24315578.17,94.5,56.58333333,135.3333333,164.5833333,347.75,372.0,414.0833333,59017.08333,3090797.833,15845667.75,33498482.25,54926402.42,32444890.42,4946240.0,52,53,52,-1.88%,1241.916667,1702.583333,87.25,148.1666667,316.0833333,434.0,516.8333333,368.0,122.8333333,5072.75,5982.5,7762.5,15844.41667,9343.333333,2044.083333,44056390.75,33571431.33,6714876.667,0.017660044,4.59539602,0.157666836,0.322918436,6051.520178,18.95,18950000,56,15.17777778,0.0009319284432717679,493.0518909234829,2.955145118733509,1
2644056000,강서구 녹산동,4082.916667,15106.08333,6207.0,18333.91667,2382808338.0,460322279.6,3846.25,6291.916667,6593.583333,7244.333333,4348.833333,3999.333333,2695.583333,364152.75,73064115.75,314450965.8,665041078.9,916535912.4,580461984.6,130711535.8,811,706,703,-0.54%,18758.75,25825.08333,1376.75,2682.083333,6266.583333,7922.416667,6273.333333,3409.583333,814.5,113951.0,128577.8333,160236.0833,221756.5833,118024.25,33864.0,977206013.2,399925430.6,59446547.42,0.01819045,2.323405771,0.200715506,0.318405775,9035.369024,56.86,56860000,668,20.28888889,0.00031991646148434754,2075.6990854730916,11.748153359127683,1
2644058000,강서구 가덕도동,131.6666667,688.3333333,523.75,1779.916667,343272646.6,16130447.42,251.0833333,270.0833333,191.1666667,286.4166667,593.1666667,563.25,561.5833333,69748.75,3641175.333,13102843.0,30723481.75,47724155.75,25936957.75,5556099.583,102,92,93,2%,2113.666667,3647.5,197.4166667,350.75,781.5,1050.5,879.6666667,461.0,136.3333333,9476.666667,10596.91667,12389.58333,26206.16667,16328.91667,8910.75,35930154.5,32563240.25,6820636.083,0.017704747,7.025813008,0.196531374,0.33503052,13051.67189,25.22,25220000,117,21.8,0.0007020121728786678,647.4590273592388,4.639175257731959,1
2647061000,연제구 거제1동,2428.416667,2529.25,4966.416667,6771.75,1683572881.0,109900352.2,2227.416667,4731.583333,2399.75,3637.833333,2787.583333,2402.333333,2642.583333,1060609.833,15573545.58,51960649.83,116920415.8,97860768.08,39809474.75,15891514.83,298,293,291,-0.74%,13553.75,12288.0,1395.083333,1266.75,1430.583333,1919.833333,2020.75,1229.166667,700.1666667,60150.5,71687.91667,100788.75,75347.58333,48044.66667,15375.25,130325150.5,81713408.42,10633014.42,0.011531727,5.212482351,0.104378896,0.152489028,316.2837626,0.89,890000,314,134.9444444,0.012956996629213484,53982.77153932584,352.80898876404495,3
2647062000,연제구 거제2동,894.0833333,657.8333333,6446.416667,9102.583333,541673906.1,46346139.67,1164.916667,2180.0,1207.666667,2154.416667,1827.75,1462.166667,1212.083333,628838.9167,14504447.5,77641664.33,173777405.8,135775815.3,116654009.8,64656676.17,141,112,107,-4.17%,8217.5,7320.5,1098.833333,636.8333333,858.4166667,1196.583333,1065.333333,663.0,354.4166667,29551.16667,38108.0,55957.16667,36181.5,32381.75,13938.41667,171049534.8,181028793.2,30669073.92,0.009074527,10.01213553,0.096231819,0.145573218,438.2185464,1.86,1860000,166,134.9444444,0.004878777956989247,17409.543010752688,89.24731182795698,3
2647063000,연제구 거제3동,745.9166667,620.4166667,2145.416667,3093.666667,1205979525.0,153929273.0,658.6666667,889.0,731.25,878.0,1110.833333,1213.333333,1268.583333,134978.0833,8723484.083,37442454.75,55297996.92,60117925.0,41609293.25,15916313.08,236,229,224,-2.25%,4863.333333,4471.5,296.9166667,449.5,579.0,733.8333333,808.6666667,696.1666667,379.5833333,18710.25,23418.75,32832.66667,24197.41667,23152.91667,8922.25,65777751.42,63640593.0,9704128.917,0.025281651,6.832032203,0.110178721,0.165241301,456.4786628,0.62,620000,225,134.9444444,0.0407768564516129,37343.41398387097,362.9032258064516,3
2647064000,연제구 거제4동,217.5,203.4166667,261.1666667,472.6666667,16692160.58,22124441.5,828.0,1243.833333,857.0,978.8333333,1224.0,1016.833333,876.8333333,47618.5,546922.75,3004201.917,7732882.0,3616601.25,3598429.833,2336461.75,21,25,25,-0.67%,4126.833333,3746.416667,283.4166667,106.25,157.9166667,190.5,218.4166667,186.9166667,117.5833333,18976.58333,23354.91667,35121.0,7782.5,4844.5,3623.166667,9036510.417,4203855.75,953441.1667,0.002667259,18.70500891,0.03355243,0.051937468,767.2264213,0.85,850000,24,134.9444444,0.0031379517647058823,5699.411764705883,28.235294117647058,0
2647065000,연제구 연산1동,919.3333333,744.8333333,2710.666667,4250.0,1299335401.0,60725476.75,1189.75,1703.666667,1345.916667,1386.5,1774.75,1697.583333,1557.916667,255568.9167,13198908.5,40558338.17,55950863.0,44237099.67,28989375.75,11404442.25,320,328,323,-1.62%,7379.666667,6931.75,1026.166667,554.0833333,719.5,888.25,910.0,747.5833333,465.25,29974.58333,36620.66667,51863.58333,30335.58333,28368.66667,15347.0,47875937.92,57787765.83,19861206.92,0.022359771,8.599749624,0.088990724,0.125651432,704.7314804,0.85,850000,323,178.8888889,0.026305612941176473,33374.90196470588,380.0,3
2647066000,연제구 연산2동,1170.666667,862.3333333,4449.75,4806.25,721777200.8,80684527.17,974.75,1289.916667,1738.583333,1878.916667,1632.25,1565.416667,1826.416667,295820.1667,18693783.58,72060201.67,72259228.0,62017464.08,39423229.42,16644771.25,228,225,226,0.45%,8265.083333,6754.666667,810.6666667,790.25,1039.5,1049.75,1134.666667,812.25,502.75,30241.83333,37140.25,53557.16667,38725.41667,30820.83333,14089.0,89732053.92,95003606.0,7056962.25,0.015180013,7.387973438,0.121822933,0.145436287,281.0310949,1.49,1490000,238,178.8888889,0.010187928187919462,20685.123040268456,159.73154362416108,3
2647067000,연제구 연산3동,279.5,184.4166667,671.0833333,838.9166667,88748436.58,39208914.5,727.1666667,718.3333333,680.75,832.0,1227.083333,1287.583333,1077.75,77452.5,1282384.417,4988773.667,4712952.083,4995956.5,3867443.833,1751854.333,54,57,55,-3.51%,3878.916667,3530.416667,323.9166667,110.0833333,140.25,154.5,222.75,207.6666667,155.3333333,18206.33333,22101.66667,32164.08333,8238.666667,5599.833333,3281.0,5884909.25,7049328.583,1494439.417,0.007288105,15.97125921,0.033786216,0.050915512,221.6392713,0.59,590000,52,178.8888889,0.012352720338983051,9491.242937288136,88.13559322033899,0
2647068000,연제구 연산4동,1127.583333,853.25,5187.333333,6581.333333,2471289568.0,521269569.5,1322.666667,1220.0,1442.25,1414.166667,2061.5,2040.083333,1619.833333,502152.1667,29729914.25,85713719.58,85880422.75,90551397.0,66183755.58,28885935.83,570,578,567,-2.02%,8547.833333,7815.583333,640.0,1038.583333,1189.5,1271.166667,1316.083333,1067.166667,693.5,30697.08333,38036.16667,54751.83333,40742.66667,38005.41667,22153.91667,111452129.5,97881520.42,42225934.75,0.034833801,8.260875053,0.136162476,0.158111845,303.4867608,0.92,920000,604,178.8888889,0.03786282717391304,41310.23551086956,656.5217391304348,3
2647069000,연제구 연산5동,2331.416667,1807.666667,6869.583333,8862.25,3469220460.0,374230363.3,1508.166667,954.8333333,1499.583333,1308.416667,1397.833333,1354.333333,1626.083333,532070.6667,40050403.0,117914477.1,107391273.8,114690158.1,89922142.83,37012337.33,626,630,633,0.48%,8042.333333,7297.666667,448.9166667,1286.75,1782.416667,2037.5,2195.916667,1335.083333,735.25,28572.91667,33573.91667,46028.33333,66200.16667,52566.83333,20896.58333,157506145.5,130908319.8,40984159.67,0.040808344,3.706134611,0.200076054,0.275972403,288.2138417,0.52,520000,679,178.8888889,0.07847758461538462,101090.06409615384,1305.7692307692307,3
2647070000,연제구 연산6동,529.0833333,343.9166667,1144.916667,1345.5,228892922.1,48822929.08,1198.5,1133.416667,1120.166667,1298.333333,1801.416667,1857.666667,1611.0,172878.0,3513250.5,10384286.67,17528261.58,14436806.17,10279260.0,5827359.083,160,165,161,-2.52%,6649.333333,6108.083333,452.9166667,392.75,521.75,579.0,683.8333333,583.1666667,389.3333333,27139.25,33543.16667,49588.91667,18618.83333,17237.41667,11372.83333,20065733.33,18266557.33,2869989.167,0.012541724,14.61330661,0.071683792,0.09898817,266.3306426,1.18,1180000,162,178.8888889,0.01062857966101695,14607.98022881356,137.28813559322035,0
2647072000,연제구 연산8동,735.75,485.0,970.5,1320.583333,255996329.8,107366074.3,1218.0,1846.416667,1288.0,1417.5,1700.583333,1440.5,1133.75,69961.0,2305729.333,11284290.58,20249156.75,20288001.75,10800897.58,3651709.417,165,184,176,-4.09%,6193.75,5817.833333,721.75,348.1666667,423.75,504.0833333,519.75,438.25,224.5,27619.25,34236.41667,49657.08333,19452.0,15004.33333,8597.583333,21610358.92,16856752.08,3124534.083,0.01373674,9.839511229,0.064264356,0.085237167,1216.199484,0.7,700000,179,178.8888889,0.01962391428571429,21434.7619,255.71428571428572,0
2647073000,연제구 연산9동,1189.083333,1120.666667,5038.416667,6426.833333,1433269144.0,116686132.6,3029.583333,4854.166667,3308.25,3891.916667,4378.416667,3755.0,2961.583333,368512.6667,17363008.17,74175947.33,112812421.8,101532497.0,60005389.0,23671535.75,403,407,399,-2.05%,16354.58333,14779.91667,1009.083333,825.1666667,1110.583333,1396.0,1497.0,963.8333333,456.0833333,75999.5,91825.5,125398.75,42897.33333,38318.75,18206.08333,121753798.4,129089768.5,16594876.75,0.01294384,13.47959736,0.062173794,0.09291943,1360.634561,1.63,1630000,414,178.8888889,0.007941006134969326,23508.435582822087,253.9877300613497,0
2650066000,수영구 남천1동,1651.0,1133.5,15988.41667,13974.41667,2405417842.0,267133689.3,1109.416667,1377.166667,1151.166667,1433.916667,1661.25,1565.666667,1653.833333,722204.75,52806735.92,206420940.7,424334702.5,480907088.3,318124813.5,104863790.8,519,517,515,-0.35%,9630.333333,8364.75,1745.666667,1802.333333,1654.416667,1771.916667,1763.0,1305.583333,776.0,29176.75,34318.83333,47309.0,65749.25,59658.66667,26544.91667,1184348836.0,159684207.0,25706648.67,0.028841211,6.462590531,0.192094137,0.196437916,292.5818047,0.99,990000,528,270.6666667,0.02913253636363636,60261.27946464646,533.3333333333334,3
2650067000,수영구 남천2동,472.4166667,414.9166667,1647.583333,1683.5,1263180764.0,23184356.17,884.0833333,1763.916667,1068.416667,1479.0,1580.666667,1371.166667,1130.25,497494.3333,14025173.42,25153662.75,23220181.25,21389353.67,12064626.42,4489320.083,161,160,162,1.25%,6394.416667,5403.75,350.75,633.5,603.75,533.6666667,573.1666667,446.75,258.5833333,25896.91667,30681.33333,45315.75,19046.25,18435.0,9593.5,33573320.75,34109917.0,7553706.833,0.013646188,13.29620586,0.104867988,0.093814011,412.2470037,0.66,660000,157,270.6666667,0.020676042424242425,27931.81818181818,237.87878787878788,0
2650073000,수영구 수영동,625.3333333,549.25,3254.5,4598.333333,1264290368.0,96769194.33,1246.0,1038.25,1283.166667,1301.833333,1823.333333,2213.0,1838.25,456210.25,16849840.58,40055419.5,49927829.25,51675728.83,42371760.0,19114641.58,384,376,375,-0.27%,6777.583333,6261.916667,251.1666667,417.8333333,522.0,551.0833333,713.1666667,649.8333333,358.0,30771.5,37525.33333,51643.33333,20731.83333,19596.83333,9012.5,64421926.0,62070769.42,18273987.0,0.029448982,11.10138347,0.072075872,0.096955405,398.3933227,0.73,730000,399,85.55555556,0.04034107123287671,26844.977164383563,546.5753424657535,0
2650074000,수영구 망미1동,1000.333333,825.1666667,2401.666667,3178.25,388740787.7,151830817.3,2078.166667,2478.583333,1895.583333,2206.416667,3310.416667,3463.75,3399.5,193896.1667,6005229.167,21878419.42,32988206.42,29211165.42,24609760.58,11045752.0,243,258,248,-3.94%,11646.08333,10393.0,923.75,528.9166667,660.6666667,735.1666667,886.8333333,785.8333333,503.0833333,54286.41667,66192.83333,90916.66667,28805.58333,24309.58333,13912.33333,40401984.5,34030415.42,4142278.583,0.011025867,12.0729024,0.05397608,0.073596527,474.7370872,1.82,1820000,237,41.61111111,0.006058168681318681,13356.913917582418,130.2197802197802,0
2650075000,수영구 망미2동,533.75,469.75,884.3333333,1265.0,493518176.7,15958523.42,847.75,1217.75,1133.416667,1120.583333,1284.75,1392.666667,1403.0,114427.0,4397604.667,16337035.58,24655555.42,21780306.42,13601664.5,5209734.25,123,127,127,0.66%,6163.583333,5684.0,610.25,453.0,647.5833333,839.4166667,855.75,670.75,367.1666667,23424.08333,28269.0,40901.33333,26242.33333,23537.0,11255.41667,33609648.0,18997012.17,2092801.583,0.010381864,11.80626142,0.092895176,0.143081219,625.5121993,0.81,810000,142,41.61111111,0.012817116049382715,29058.024691358023,175.30864197530863,0
2650076000,수영구 광안1동,739.5,660.0833333,4000.25,4421.583333,1095541963.0,92576811.17,2165.916667,2287.583333,2279.583333,2152.666667,2552.5,2405.0,2143.75,443256.8333,23099190.42,40472032.33,41211667.67,43139534.33,28965117.0,17744771.5,368,367,363,-1.18%,9868.083333,8813.083333,536.25,650.5833333,677.8333333,603.3333333,670.0,588.0,360.1666667,44279.5,54018.58333,77702.58333,22679.75,19143.83333,12217.25,59941032.75,55298391.25,15199848.25,0.019698984,13.34766299,0.071109941,0.068161339,405.6087232,1.21,1210000,378,264.6388889,0.016280152066115702,15821.349859504135,312.39669421487605,0
2650077000,수영구 광안2동,1122.416667,819.75,8442.25,8256.583333,4117312473.0,40629288.17,1467.0,1831.416667,1688.416667,1677.166667,1885.916667,1790.416667,2111.666667,3525718.417,95038212.08,114383634.8,89404156.25,81046764.25,48364928.42,17883727.42,494,458,465,1.60%,10717.5,8929.666667,1100.833333,2314.5,1658.5,1277.666667,1229.916667,954.6666667,594.4166667,37352.41667,43298.58333,59044.33333,46153.25,48752.08333,30442.0,119889972.3,124570783.9,57038563.83,0.025143575,10.11610744,0.202217453,0.127630786,396.7485515,0.45,450000,536,264.6388889,0.05587461111111111,108337.96295555556,1191.111111111111,3
2650078000,수영구 광안3동,875.0,727.25,3184.25,4164.25,2115021797.0,29223831.5,926.6666667,693.0833333,957.8333333,821.8333333,1234.25,1190.25,988.5833333,369467.9167,27632116.67,57620560.92,63016083.92,67474784.67,50268602.58,23885965.33,351,358,352,-1.63%,5507.25,5124.833333,557.9166667,966.6666667,897.8333333,822.8333333,920.0,773.4166667,475.3333333,19733.0,23120.0,32816.41667,33097.08333,29340.0,14214.0,93833803.67,62996734.25,33188951.08,0.033013285,6.635720601,0.175365443,0.163922091,239.9324642,1.18,1180000,361,264.6388889,0.027977360169491528,24864.406779661018,305.93220338983053,3
2650079000,수영구 광안4동,617.0,515.0,2425.583333,2631.75,314047325.0,78038101.33,1168.0,1272.583333,1302.166667,1325.166667,1476.416667,1533.083333,1372.0,238253.6667,8198702.833,28568566.42,27832430.92,26256879.25,22663089.92,14814215.92,135,131,131,-0.13%,6787.5,5662.75,655.5833333,545.75,590.25,619.6666667,733.6666667,556.6666667,423.6666667,26430.5,31113.5,46062.91667,24686.5,18991.58333,10646.91667,44066092.33,26272773.08,3337898.417,0.010843156,10.99845406,0.091243148,0.10869929,270.831768,0.84,840000,142,264.6388889,0.012908519047619048,22609.027773809525,169.04761904761907,0
2650080000,수영구 민락동,1074.583333,1060.666667,9801.75,10918.66667,7133776693.0,575571253.7,1750.166667,2318.916667,2210.416667,2339.416667,2791.083333,2989.833333,2729.083333,4092130.917,125165550.3,161392138.3,116854006.3,105728028.5,66033894.92,21689577.42,823,769,783,1.80%,13546.16667,12114.75,1016.916667,2664.916667,1971.5,1614.5,1603.916667,1219.333333,568.9166667,51414.66667,60688.5,80937.91667,49799.75,62998.58333,39034.08333,132087124.0,197454800.7,93908154.92,0.03207212,12.01775748,0.180680087,0.125420955,1005.347738,1.52,1520000,909,1760.888889,0.02110007894736842,41446.43640131579,598.0263157894736,2
2653058000,사상구 삼락동,932.1666667,1483.083333,725.9166667,1677.166667,515245912.2,47669672.25,644.25,524.5,537.0,705.25,1013.916667,814.1666667,656.9166667,138114.6667,4111547.75,14350896.92,21455172.0,30845517.83,27494303.92,6119501.833,134,148,143,-3.39%,3275.416667,3975.166667,283.0,447.25,655.0833333,894.1666667,1283.333333,883.9166667,315.4166667,14006.75,17420.33333,24024.08333,34287.75,22633.5,7211.083333,36552623.42,27124633.5,2699577.667,0.018481272,3.002001173,0.152033744,0.300320664,560.4160938,6.7,6700000,125,58.16666667,0.002758398805970149,3378.1343283582087,18.65671641791045,3
2653059100,사상구 모라1동,1497.833333,2052.833333,3218.75,4902.416667,1104288035.0,268966284.8,2868.583333,3218.083333,2548.166667,2930.083333,4301.416667,3545.583333,2412.083333,217709.3333,9618610.0,27338837.75,42929605.17,56727574.17,47271636.92,15016776.17,413,440,429,-2.31%,12848.91667,12652.83333,691.0,812.0,1031.916667,1279.166667,1763.083333,1211.25,432.4166667,62375.75,79866.41667,105825.1667,50918.5,36872.66667,12228.83333,63020426.5,58337295.67,11222400.17,0.016194967,7.182242771,0.072305495,0.119295735,344.2058483,1.67,1670000,424,19.83333333,0.009697585029940121,22079.44111976048,253.8922155688623,3
2653059300,사상구 모라3동,233.9166667,202.4166667,171.0833333,366.3333333,34199272.42,12746117.5,1032.5,1013.916667,1005.333333,1280.166667,1839.083333,1949.25,1892.833333,34425.36364,324310.8333,1196911.0,1756157.0,2527144.917,1807975.667,472109.25,26,26,26,-2.55%,5904.416667,5299.916667,261.25,191.75,189.1666667,257.3333333,349.4166667,252.25,119.1666667,29506.41667,36421.83333,47925.0,11448.41667,7702.416667,2800.833333,2236325.417,2681194.417,447827.5,0.002320531,25.67838044,0.033997263,0.054153155,1027.875116,3.34,3340000,28,19.83333333,0.0006947697604790419,2306.1127745508984,8.383233532934133,0
2653060000,사상구 덕포1동,307.75,301.1666667,1149.416667,1729.583333,374324724.2,71731049.58,1030.833333,1109.75,977.0833333,1080.75,1407.166667,1077.166667,839.4166667,100176.3333,4509726.333,13723307.42,15606243.33,22920385.33,20604202.25,6137004.75,206,200,203,1.16%,4607.75,4466.583333,400.25,252.5,256.1666667,290.0,431.0833333,327.9166667,196.0,19404.08333,25461.08333,38329.25,12220.58333,10519.83333,6123.333333,24124087.5,23321085.75,4348319.833,0.022701392,14.90242233,0.056055541,0.079464056,493.9499386,0.56,560000,203,24.66666667,0.040538199999999996,18785.416660714283,362.49999999999994,0
2653061000,사상구 덕포2동,821.75,955.1666667,1552.333333,2796.583333,316928560.0,15703530.42,1422.75,1496.333333,1128.25,1418.166667,1972.25,1490.333333,1095.0,187531.3333,4926330.417,13439304.67,18790534.42,26974809.08,21607657.33,6463546.0,170,179,170,-5.13%,6104.0,6219.666667,524.0,480.6666667,540.9166667,701.75,929.0833333,628.0833333,265.5,27145.66667,35414.58333,49841.0,27329.5,19844.16667,7646.416667,28871810.67,24742692.08,3889660.583,0.013794596,6.935421845,0.082896054,0.132333451,305.5886031,1.6,1600000,173,24.66666667,0.008621622499999999,12402.604168749998,108.125,3
2653062000,사상구 괘법동,2604.0,3148.0,11869.91667,15416.0,4766594220.0,104371024.8,3020.083333,1978.333333,1846.0,2138.25,2966.5,2881.583333,2017.916667,2269077.5,87416323.92,183198011.8,203309425.3,239634390.7,170706684.5,40455003.42,854,851,847,-0.49%,12606.5,13455.16667,1323.0,3059.166667,2237.833333,2492.416667,3116.416667,1960.25,768.3333333,50083.33333,61332.83333,81075.66667,99570.5,81987.25,32454.25,289264069.9,271636274.3,63508667.67,0.032768434,4.530887807,0.203248705,0.215213916,341.7263541,3.45,3450000,934,509.8333333,0.009498096811594203,23764.420289855072,270.7246376811594,3
2653064500,사상구 감전동,1607.166667,3296.25,2436.833333,6543.166667,735429581.5,207539269.4,1352.333333,1260.75,1264.083333,1533.833333,2155.333333,2013.666667,1748.5,137586.1667,15850918.83,63301787.5,96778017.42,141813362.6,124834632.2,29214227.58,349,365,356,-2.51%,7114.75,8406.25,347.5833333,1104.166667,1561.666667,1810.0,2368.416667,1441.916667,454.75,34258.58333,40344.0,53405.08333,68519.91667,40979.0,10760.16667,150546934.9,83805492.25,21056221.33,0.022485665,3.165343893,0.171756545,0.269210532,751.3869191,3.49,3490000,366,49.33333333,0.0064428839541547265,11741.83381088825,104.87106017191977,3
2653065000,사상구 주례1동,575.0,757.6666667,1259.333333,2245.666667,249210297.5,106062955.9,1621.0,1753.166667,1189.833333,1525.75,2135.166667,1567.583333,1100.583333,61759.66667,4671502.25,16378161.08,20663106.42,25166608.92,19772864.08,8214631.833,119,121,121,0%,6540.833333,6679.75,399.3333333,412.5833333,576.0833333,632.8333333,777.6666667,577.25,277.5,29664.66667,38952.83333,54084.41667,22466.5,19346.66667,8445.5,25590946.5,26216369.75,5233931.333,0.009001116,9.920397699,0.074782378,0.106689695,454.9750171,1.53,1530000,130,29.55555556,0.005883082352941177,12644.880176470588,84.9673202614379,0
2653066000,사상구 주례2동,1242.083333,1056.833333,4185.833333,6328.916667,792195071.9,65234766.42,3955.666667,3168.5,2286.5,2295.416667,2593.666667,2105.5,1921.916667,1409816.25,23731429.67,53490252.92,77181562.5,86878231.58,57991398.33,23932364.0,296,333,327,-1.75%,11721.75,11516.91667,989.6666667,1820.583333,910.25,1014.0,1135.5,785.5833333,546.75,53343.16667,65020.0,88076.75,46749.66667,34980.33333,16727.16667,102890817.7,65402231.92,22185802.75,0.012737392,10.10852938,0.117512479,0.092496701,297.3453331,2.37,2370000,325,29.55555556,0.005374427004219409,14759.634316455697,137.1308016877637,3
2653066100,사상구 주례3동,425.1666667,442.0,2190.916667,2660.083333,714354470.0,63196423.58,1436.583333,1613.75,1177.833333,1461.75,1887.333333,1411.5,1011.083333,323714.5,7590987.833,18329659.17,26978627.08,33660463.42,25561063.42,8068767.75,175,175,176,0.57%,6096.5,5907.083333,402.5,582.1666667,362.3333333,435.0,496.4166667,383.0833333,201.4166667,27035.5,34601.75,49732.25,18045.91667,14012.33333,6612.75,37285434.17,37088966.58,5522895.667,0.01457898,13.84230252,0.078684837,0.077594885,264.8759805,0.86,860000,179,29.55555556,0.016952302325581394,16293.41084883721,208.13953488372093,0
2653067000,사상구 학장동,1560.083333,3129.416667,3371.666667,7181.166667,640490515.4,219228431.8,3013.833333,4364.583333,3524.5,3646.416667,4554.333333,4010.166667,3258.916667,189213.5833,17263838.25,57617748.58,93408060.08,121787202.9,106433811.3,37487024.5,245,264,252,-4.85%,15951.83333,16372.83333,964.25,1295.333333,1594.25,1973.166667,2528.083333,1671.25,607.0833333,77302.0,96919.83333,126367.75,72462.25,49892.41667,18757.0,134189296.5,95977300.17,16608724.33,0.007579351,6.892987881,0.089392518,0.139251243,1794.595159,5.48,5480000,246,78.33333333,0.0013830932481751824,9104.455596715328,44.8905109489051,3
2653068000,사상구 엄궁동,834.9166667,1261.75,3303.083333,4854.583333,858238543.3,496743614.8,2857.25,5209.833333,3237.916667,3811.5,3918.916667,2907.333333,1941.166667,118852.0833,10405710.08,44523603.92,83045339.0,93954046.5,69032886.08,19455375.17,184,225,207,-8.06%,13599.16667,13067.66667,484.25,485.8333333,738.5,925.0833333,1198.666667,775.8333333,264.0,70500.41667,86768.0,113685.25,34921.58333,22235.75,7027.833333,107203582.9,77272482.92,7922939.5,0.006899957,12.71868045,0.045912213,0.079640127,2496.379553,5.05,5050000,199,64.5,0.0013663281188118813,4403.118811881188,39.40594059405941,0
2671025000,기장군 기장읍,2519.583333,2875.916667,18340.16667,25091.66667,7892752809.0,985027900.5,4142.833333,7771.666667,4985.666667,6698.333333,6784.166667,6186.166667,6207.166667,2184082.667,145932099.1,503774634.7,610800793.6,506566645.8,289569689.9,89366545.75,1225,"1,234","1,225",-0.69%,30406.0,26967.5,2520.083333,2529.75,3632.166667,4114.083333,3757.25,2399.25,1033.416667,142941.8333,163168.25,192741.8333,144702.5833,105064.6667,35943.83333,816564653.1,659554863.6,31628952.17,0.021351321,10.63358354,0.107400048,0.137194582,4377.602273,39.27,39270000,1398,1394.055556,0.000543705653170359,2675.4435115864526,35.59969442322383,1
2671025300,기장군 장안읍,1397.25,3534.583333,5394.916667,9780.833333,1628640491.0,51035866.75,782.9166667,1134.166667,699.25,761.3333333,1152.666667,1294.083333,1412.5,577024.3333,47534362.83,177455383.1,267925158.0,232049363.0,112951420.5,30072680.25,304,282,282,0.06%,5559.416667,6404.833333,631.5,969.5,2158.666667,2389.083333,2049.666667,1076.666667,376.75,25283.75,27853.58333,32830.25,81413.5,43702.16667,9090.083333,343044444.1,233818530.8,5397504.333,0.025409031,2.425923423,0.261459487,0.371001107,13482.99499,51.13,51130000,365,324.9814815,0.0004969495599452375,854.7265141795423,7.138666145120281,1
2671025600,기장군 정관읍,1859.5,3260.583333,13642.25,19567.83333,4639619032.0,622622963.6,4272.166667,18681.75,12588.25,11394.5,6868.583333,4838.833333,4621.916667,2613936.5,39344444.58,180010820.3,382752432.4,217012641.7,96345234.25,38211139.58,991,"1,058","1,048",-0.93%,35816.75,32436.75,667.9166667,1215.25,1796.083333,2424.916667,2266.583333,1342.083333,386.75,211326.25,242864.0833,284753.8333,74533.58333,48540.66667,17077.75,285051824.7,303584999.6,42664488.33,0.014519402,13.33054475,0.044119838,0.068736402,8738.717869,38.21,38210000,1057,361.1851852,0.00037998958387856584,1270.3655239466107,27.662915467155194,1
2671025900,기장군 일광읍,935.0,922.9166667,6293.5,9715.833333,4051943918.0,191583149.4,1412.0,2081.75,2546.25,3331.583333,2752.833333,2944.916667,2936.916667,405616.75,31601274.25,115412244.4,157710119.8,141050213.1,85434955.83,28423399.58,583,526,546,3.77%,12553.08333,11492.0,986.25,937.5,1394.666667,1560.333333,1516.083333,1062.25,432.3333333,54200.25,67265.16667,85740.83333,56789.75,42729.25,15172.25,197492691.2,168412097.8,18508904.92,0.024246121,12.94196008,0.096991415,0.127943689,7124.047804,35.77,35770000,686,474.4814815,0.000677833967011462,1194.5554934302488,19.17808219178082,1
2671033000,기장군 철마면,265.3333333,495.5833333,855.9166667,1943.833333,923942047.7,259764702.2,485.9166667,647.0833333,544.0833333,639.75,936.6666667,1075.083333,1164.083333,67067.41667,2981871.25,12105636.08,18981135.58,32164801.92,36174527.25,18172827.83,95,103,102,-0.81%,3870.0,4387.333333,184.0,258.0833333,442.5,648.5833333,854.1666667,766.75,364.3333333,16646.58333,20160.66667,26883.5,30860.75,18017.08333,4032.583333,54312717.58,28966524.92,2408606.667,0.011504925,10.85182346,0.084843775,0.181989746,2946.761163,53.95,53950000,48,169.9444444,0.00021325162187210377,333.9589125115848,0.8897126969416126,0
